num_of_agents,num_of_items,value_noise_ratio,beta,delta,use_cache,algorithm,random_seed,utilitarian_value,egalitarian_value,max_envy,mean_envy,max_deficit,mean_deficit,num_with_top_1,num_with_top_2,num_with_top_3,runtime
30,8,0.0,0.001,{0.34},False,tabu_search,0,100.0,100.0,0.0,0.0,0,0.0,30,30,30,0.1716009000083431
30,8,0.0,0.001,{0.34},False,tabu_search,1,100.0,100.0,0.0,0.0,0,0.0,30,30,30,0.1852064999984577
30,8,0.0,0.001,{0.34},False,tabu_search,2,100.0,100.0,0.0,0.0,0,0.0,30,30,30,0.1717543000122532
30,8,0.0,0.001,{0.34},False,tabu_search,3,100.0,100.0,0.0,0.0,0,0.0,30,30,30,0.1968780000024708
30,8,0.0,0.001,{0.34},False,tabu_search,4,100.0,100.0,0.0,0.0,0,0.0,30,30,30,0.2175121999898692
30,8,0.0,0.001,{0.34},True,tabu_search,0,100.0,100.0,0.0,0.0,0,0.0,30,30,30,0.188351100005093
30,8,0.0,0.001,{0.34},True,tabu_search,1,100.0,100.0,0.0,0.0,0,0.0,30,30,30,0.1713694999925792
30,8,0.0,0.001,{0.34},True,tabu_search,2,100.0,100.0,0.0,0.0,0,0.0,30,30,30,0.1736034000059589
30,8,0.0,0.001,{0.34},True,tabu_search,3,100.0,100.0,0.0,0.0,0,0.0,30,30,30,0.1707135999895399
30,8,0.0,0.001,{0.34},True,tabu_search,4,100.0,100.0,0.0,0.0,0,0.0,30,30,30,0.2113179000007221
30,8,0.2,0.001,{0.34},False,tabu_search,0,100.0,100.0,0.0,0.0,0,0.0,30,30,30,0.1712286999973002
30,8,0.2,0.001,{0.34},False,tabu_search,1,100.0,100.0,0.0,0.0,0,0.0,30,30,30,0.1738507999980356
30,8,0.2,0.001,{0.34},False,tabu_search,2,100.0,100.0,0.0,0.0,0,0.0,30,30,30,0.1692550000007031
30,8,0.2,0.001,{0.34},False,tabu_search,3,100.0,100.0,0.0,0.0,0,0.0,30,30,30,0.1743198000040138
30,8,0.2,0.001,{0.34},False,tabu_search,4,100.0,100.0,0.0,0.0,0,0.0,30,30,30,0.2032407999940915
30,8,0.2,0.001,{0.34},True,tabu_search,0,100.0,100.0,0.0,0.0,0,0.0,30,30,30,0.1678569000068819
30,8,0.2,0.001,{0.34},True,tabu_search,1,100.0,100.0,0.0,0.0,0,0.0,30,30,30,0.1702665999910095
30,8,0.2,0.001,{0.34},True,tabu_search,2,100.0,100.0,0.0,0.0,0,0.0,30,30,30,0.1694100000022445
30,8,0.2,0.001,{0.34},True,tabu_search,3,100.0,100.0,0.0,0.0,0,0.0,30,30,30,0.1694061000016518
30,8,0.2,0.001,{0.34},True,tabu_search,4,100.0,100.0,0.0,0.0,0,0.0,30,30,30,0.202594099988346
30,8,0.4,0.001,{0.34},False,tabu_search,0,100.0,100.0,0.0,0.0,0,0.0,30,30,30,0.1647561999998288
30,8,0.4,0.001,{0.34},False,tabu_search,1,100.0,100.0,0.0,0.0,0,0.0,30,30,30,0.1682045000052312
30,8,0.4,0.001,{0.34},False,tabu_search,2,100.0,100.0,0.0,0.0,0,0.0,30,30,30,0.1716680999961681
30,8,0.4,0.001,{0.34},False,tabu_search,3,100.0,100.0,0.0,0.0,0,0.0,30,30,30,0.1818735999986529
30,8,0.4,0.001,{0.34},False,tabu_search,4,100.0,100.0,0.0,0.0,0,0.0,30,30,30,0.1978094000078272
30,8,0.4,0.001,{0.34},True,tabu_search,0,100.0,100.0,0.0,0.0,0,0.0,30,30,30,0.1721330000000307
30,8,0.4,0.001,{0.34},True,tabu_search,1,100.0,100.0,0.0,0.0,0,0.0,30,30,30,0.1920282000064617
30,8,0.4,0.001,{0.34},True,tabu_search,2,100.0,100.0,0.0,0.0,0,0.0,30,30,30,0.1679971999983536
30,8,0.4,0.001,{0.34},True,tabu_search,3,100.0,100.0,0.0,0.0,0,0.0,30,30,30,0.167872999998508
30,8,0.4,0.001,{0.34},True,tabu_search,4,100.0,100.0,0.0,0.0,0,0.0,30,30,30,0.1691467999917222
30,8,0.8,0.001,{0.34},False,tabu_search,0,100.0,100.0,0.0,0.0,0,0.0,30,30,30,0.1992011999973328
30,8,0.8,0.001,{0.34},False,tabu_search,1,100.0,100.0,0.0,0.0,0,0.0,30,30,30,0.1854391999950166
30,8,0.8,0.001,{0.34},False,tabu_search,2,100.0,100.0,0.0,0.0,0,0.0,30,30,30,0.1655239999963669
30,8,0.8,0.001,{0.34},False,tabu_search,3,100.0,100.0,0.0,0.0,0,0.0,30,30,30,0.1817938999884063
30,8,0.8,0.001,{0.34},False,tabu_search,4,100.0,100.0,0.0,0.0,0,0.0,30,30,30,0.1681023999990429
30,8,0.8,0.001,{0.34},True,tabu_search,0,100.0,100.0,0.0,0.0,0,0.0,30,30,30,0.1682370999915292
30,8,0.8,0.001,{0.34},True,tabu_search,1,100.0,100.0,0.0,0.0,0,0.0,30,30,30,0.2005039999930886
30,8,0.8,0.001,{0.34},True,tabu_search,2,100.0,100.0,0.0,0.0,0,0.0,30,30,30,0.1679538999887881
30,8,0.8,0.001,{0.34},True,tabu_search,3,100.0,100.0,0.0,0.0,0,0.0,30,30,30,0.1757877000054577
30,8,0.8,0.001,{0.34},True,tabu_search,4,100.0,100.0,0.0,0.0,0,0.0,30,30,30,0.1734816000098362
30,8,1.0,0.001,{0.34},False,tabu_search,0,100.0,100.0,0.0,0.0,0,0.0,30,30,30,0.1919699999998556
30,8,1.0,0.001,{0.34},False,tabu_search,1,100.0,100.0,0.0,0.0,0,0.0,30,30,30,0.2120380000123987
30,8,1.0,0.001,{0.34},False,tabu_search,2,100.0,100.0,0.0,0.0,0,0.0,30,30,30,0.1733540999994147
30,8,1.0,0.001,{0.34},False,tabu_search,3,100.0,100.0,0.0,0.0,0,0.0,30,30,30,0.1679872999957297
30,8,1.0,0.001,{0.34},False,tabu_search,4,100.0,100.0,0.0,0.0,0,0.0,30,30,30,0.1731118000025162
30,8,1.0,0.001,{0.34},True,tabu_search,0,100.0,100.0,0.0,0.0,0,0.0,30,30,30,0.1728880000009667
30,8,1.0,0.001,{0.34},True,tabu_search,1,100.0,100.0,0.0,0.0,0,0.0,30,30,30,0.1754305999929784
30,8,1.0,0.001,{0.34},True,tabu_search,2,100.0,100.0,0.0,0.0,0,0.0,30,30,30,0.1977626000007148
30,8,1.0,0.001,{0.34},True,tabu_search,3,100.0,100.0,0.0,0.0,0,0.0,30,30,30,0.173508199994103
30,8,1.0,0.001,{0.34},True,tabu_search,4,100.0,100.0,0.0,0.0,0,0.0,30,30,30,0.1775335000129416
30,12,0.0,0.001,{0.34},False,tabu_search,0,100.0,100.0,0.0,0.0,0,0.0,30,30,30,1.891466100001708
30,12,0.0,0.001,{0.34},True,tabu_search,0,100.0,100.0,0.0,0.0,0,0.0,30,30,30,1.9398861000081524
40,8,0.0,0.001,{0.34},False,tabu_search,0,100.0,100.0,0.0,0.0,0,0.0,40,40,40,0.2730887999932747
40,8,0.0,0.001,{0.34},False,tabu_search,1,100.0,100.0,0.0,0.0,0,0.0,40,40,40,0.222589600001811
40,8,0.0,0.001,{0.34},False,tabu_search,2,100.0,100.0,0.0,0.0,0,0.0,40,40,40,0.2282904999883612
40,8,0.0,0.001,{0.34},False,tabu_search,3,100.0,100.0,0.0,0.0,0,0.0,40,40,40,0.2750049000023864
40,8,0.0,0.001,{0.34},False,tabu_search,4,100.0,100.0,0.0,0.0,0,0.0,40,40,40,0.2337889000045834
40,8,0.0,0.001,{0.34},True,tabu_search,0,100.0,100.0,0.0,0.0,0,0.0,40,40,40,0.2258623999950941
40,8,0.0,0.001,{0.34},True,tabu_search,1,100.0,100.0,0.0,0.0,0,0.0,40,40,40,0.2397036000038497
40,8,0.0,0.001,{0.34},True,tabu_search,2,100.0,100.0,0.0,0.0,0,0.0,40,40,40,0.2655010000016773
40,8,0.0,0.001,{0.34},True,tabu_search,3,100.0,100.0,0.0,0.0,0,0.0,40,40,40,0.2157810000062454
40,8,0.0,0.001,{0.34},True,tabu_search,4,100.0,100.0,0.0,0.0,0,0.0,40,40,40,0.2429966999916359
40,8,0.2,0.001,{0.34},False,tabu_search,0,100.0,100.0,0.0,0.0,0,0.0,40,40,40,0.2248250999982701
40,8,0.2,0.001,{0.34},False,tabu_search,1,100.0,100.0,0.0,0.0,0,0.0,40,40,40,0.2532943999976851
40,8,0.2,0.001,{0.34},False,tabu_search,2,100.0,100.0,0.0,0.0,0,0.0,40,40,40,0.2266811999870697
40,8,0.2,0.001,{0.34},False,tabu_search,3,100.0,100.0,0.0,0.0,0,0.0,40,40,40,0.2197173000022303
40,8,0.2,0.001,{0.34},False,tabu_search,4,100.0,100.0,0.0,0.0,0,0.0,40,40,40,0.2510766999912448
40,8,0.2,0.001,{0.34},True,tabu_search,0,100.0,100.0,0.0,0.0,0,0.0,40,40,40,0.2153267000103369
40,8,0.2,0.001,{0.34},True,tabu_search,1,100.0,100.0,0.0,0.0,0,0.0,40,40,40,0.2199827000004006
40,8,0.2,0.001,{0.34},True,tabu_search,2,100.0,100.0,0.0,0.0,0,0.0,40,40,40,0.229373599999235
20,8,0.0,0.001,{0.34},False,tabu_search,0,100.0,100.0,0.0,0.0,0,0.0,20,20,20,0.1209967000031611
20,8,0.0,0.001,{0.34},False,tabu_search,1,100.0,100.0,0.0,0.0,0,0.0,20,20,20,0.11383689999638591
20,8,0.0,0.001,{0.34},False,tabu_search,2,100.0,100.0,0.0,0.0,0,0.0,20,20,20,0.13469780000741594
20,8,0.0,0.001,{0.34},False,tabu_search,3,100.0,100.0,0.0,0.0,0,0.0,20,20,20,0.11544329999014735
20,8,0.0,0.001,{0.34},False,tabu_search,4,100.0,100.0,0.0,0.0,0,0.0,20,20,20,0.11677149999013636
20,8,0.0,0.001,{0.34},True,tabu_search,0,100.0,100.0,0.0,0.0,0,0.0,20,20,20,0.1159542999957921
20,8,0.0,0.001,{0.34},True,tabu_search,1,100.0,100.0,0.0,0.0,0,0.0,20,20,20,0.14810410000791308
20,8,0.0,0.001,{0.34},True,tabu_search,2,100.0,100.0,0.0,0.0,0,0.0,20,20,20,0.12096820000442676
20,8,0.0,0.001,{0.34},True,tabu_search,3,100.0,100.0,0.0,0.0,0,0.0,20,20,20,0.11399460000393447
20,8,0.0,0.001,{0.34},True,tabu_search,4,100.0,100.0,0.0,0.0,0,0.0,20,20,20,0.11767259999760427
20,8,0.2,0.001,{0.34},False,tabu_search,0,100.0,100.0,0.0,0.0,0,0.0,20,20,20,0.12194909999379888
20,8,0.2,0.001,{0.34},False,tabu_search,1,100.0,100.0,0.0,0.0,0,0.0,20,20,20,0.12894240001332946
20,8,0.2,0.001,{0.34},False,tabu_search,2,100.0,100.0,0.0,0.0,0,0.0,20,20,20,0.12773639999795705
20,8,0.2,0.001,{0.34},False,tabu_search,3,100.0,100.0,0.0,0.0,0,0.0,20,20,20,0.12843659998907242
20,8,0.2,0.001,{0.34},False,tabu_search,4,100.0,100.0,0.0,0.0,0,0.0,20,20,20,0.1273358000034932
20,8,0.2,0.001,{0.34},True,tabu_search,0,100.0,100.0,0.0,0.0,0,0.0,20,20,20,0.1491228999948362
20,8,0.2,0.001,{0.34},True,tabu_search,1,100.0,100.0,0.0,0.0,0,0.0,20,20,20,0.11982900000293739
20,8,0.2,0.001,{0.34},True,tabu_search,2,100.0,100.0,0.0,0.0,0,0.0,20,20,20,0.12633739999728277
20,8,0.2,0.001,{0.34},True,tabu_search,3,100.0,100.0,0.0,0.0,0,0.0,20,20,20,0.11587919999146834
20,8,0.2,0.001,{0.34},True,tabu_search,4,100.0,100.0,0.0,0.0,0,0.0,20,20,20,0.11729739999282174
20,8,0.4,0.001,{0.34},False,tabu_search,0,100.0,100.0,0.0,0.0,0,0.0,20,20,20,0.11760470000444911
20,8,0.4,0.001,{0.34},False,tabu_search,1,100.0,100.0,0.0,0.0,0,0.0,20,20,20,0.11889610000071116
20,8,0.4,0.001,{0.34},False,tabu_search,2,100.0,100.0,0.0,0.0,0,0.0,20,20,20,0.11795549999806099
20,8,0.4,0.001,{0.34},False,tabu_search,3,100.0,100.0,0.0,0.0,0,0.0,20,20,20,0.11572410000371747
20,8,0.4,0.001,{0.34},False,tabu_search,4,100.0,100.0,0.0,0.0,0,0.0,20,20,20,0.15781120001338422
20,8,0.4,0.001,{0.34},True,tabu_search,0,100.0,100.0,0.0,0.0,0,0.0,20,20,20,0.11751179999555461
20,8,0.4,0.001,{0.34},True,tabu_search,1,100.0,100.0,0.0,0.0,0,0.0,20,20,20,0.11246039999241475
20,8,0.4,0.001,{0.34},True,tabu_search,2,100.0,100.0,0.0,0.0,0,0.0,20,20,20,0.11353899999812711
20,8,0.4,0.001,{0.34},True,tabu_search,3,100.0,100.0,0.0,0.0,0,0.0,20,20,20,0.11074050000752322
20,8,0.4,0.001,{0.34},True,tabu_search,4,100.0,100.0,0.0,0.0,0,0.0,20,20,20,0.1220263999857707
20,8,0.8,0.001,{0.34},False,tabu_search,0,100.0,100.0,0.0,0.0,0,0.0,20,20,20,0.11470510000071954
20,8,0.8,0.001,{0.34},False,tabu_search,1,100.0,100.0,0.0,0.0,0,0.0,20,20,20,0.11521499999798834
20,8,0.8,0.001,{0.34},False,tabu_search,2,100.0,100.0,0.0,0.0,0,0.0,20,20,20,0.11857510000118054
20,8,0.8,0.001,{0.34},False,tabu_search,3,100.0,100.0,0.0,0.0,0,0.0,20,20,20,0.15541920000396203
20,8,0.8,0.001,{0.34},False,tabu_search,4,100.0,100.0,0.0,0.0,0,0.0,20,20,20,0.11589260000619106
20,8,0.8,0.001,{0.34},True,tabu_search,0,100.0,100.0,0.0,0.0,0,0.0,20,20,20,0.13580709999951068
20,8,0.8,0.001,{0.34},True,tabu_search,1,100.0,100.0,0.0,0.0,0,0.0,20,20,20,0.1116730999929132
20,8,0.8,0.001,{0.34},True,tabu_search,2,100.0,100.0,0.0,0.0,0,0.0,20,20,20,0.11285550000320654
20,8,0.8,0.001,{0.34},True,tabu_search,3,100.0,100.0,0.0,0.0,0,0.0,20,20,20,0.11445850000018254
20,8,0.8,0.001,{0.34},True,tabu_search,4,100.0,100.0,0.0,0.0,0,0.0,20,20,20,0.11533819999021944
20,8,1.0,0.001,{0.34},False,tabu_search,0,100.0,100.0,0.0,0.0,0,0.0,20,20,20,0.1129205000033835
20,8,1.0,0.001,{0.34},False,tabu_search,1,100.0,100.0,0.0,0.0,0,0.0,20,20,20,0.1140939999895636
20,8,1.0,0.001,{0.34},False,tabu_search,2,100.0,100.0,0.0,0.0,0,0.0,20,20,20,0.11450799999875017
20,8,1.0,0.001,{0.34},False,tabu_search,3,100.0,100.0,0.0,0.0,0,0.0,20,20,20,0.14484019999508746
20,8,1.0,0.001,{0.34},False,tabu_search,4,100.0,100.0,0.0,0.0,0,0.0,20,20,20,0.1154091999924276
20,8,1.0,0.001,{0.34},True,tabu_search,0,100.0,100.0,0.0,0.0,0,0.0,20,20,20,0.12839859999075998
20,8,1.0,0.001,{0.34},True,tabu_search,1,100.0,100.0,0.0,0.0,0,0.0,20,20,20,0.12051370000699535
20,8,1.0,0.001,{0.34},True,tabu_search,2,100.0,100.0,0.0,0.0,0,0.0,20,20,20,0.11619429998972919
20,8,1.0,0.001,{0.34},True,tabu_search,3,100.0,100.0,0.0,0.0,0,0.0,20,20,20,0.11736989999189973
20,8,1.0,0.001,{0.34},True,tabu_search,4,100.0,100.0,0.0,0.0,0,0.0,20,20,20,0.11403290000453126
20,12,0.0,0.001,{0.34},False,tabu_search,0,100.0,100.0,0.0,0.0,0,0.0,20,20,20,1.3276730999932624
20,12,0.0,0.001,{0.34},True,tabu_search,0,100.0,100.0,0.0,0.0,0,0.0,20,20,20,1.2974169999943115
21,8,0.0,0.001,{0.34},False,tabu_search,0,100.0,100.0,0.0,0.0,0,0.0,21,21,21,0.14971239998703822
21,8,0.0,0.001,{0.34},False,tabu_search,1,100.0,100.0,0.0,0.0,0,0.0,21,21,21,0.11872800000128336
21,8,0.0,0.001,{0.34},False,tabu_search,2,100.0,100.0,0.0,0.0,0,0.0,21,21,21,0.12281429998984095
21,8,0.0,0.001,{0.34},False,tabu_search,3,100.0,100.0,0.0,0.0,0,0.0,21,21,21,0.12308009999105707
21,8,0.0,0.001,{0.34},False,tabu_search,4,100.0,100.0,0.0,0.0,0,0.0,21,21,21,0.1228185000072699
21,8,0.0,0.001,{0.34},True,tabu_search,0,100.0,100.0,0.0,0.0,0,0.0,21,21,21,0.11853819999669213
21,8,0.0,0.001,{0.34},True,tabu_search,1,100.0,100.0,0.0,0.0,0,0.0,21,21,21,0.11802229999739211
21,8,0.0,0.001,{0.34},True,tabu_search,2,100.0,100.0,0.0,0.0,0,0.0,21,21,21,0.11716539999179076
21,8,0.0,0.001,{0.34},True,tabu_search,3,100.0,100.0,0.0,0.0,0,0.0,21,21,21,0.12679470000148285
21,8,0.0,0.001,{0.34},True,tabu_search,4,100.0,100.0,0.0,0.0,0,0.0,21,21,21,0.1616366999951424
21,8,0.2,0.001,{0.34},False,tabu_search,0,100.0,100.0,0.0,0.0,0,0.0,21,21,21,0.11942840000847355
21,8,0.2,0.001,{0.34},False,tabu_search,1,100.0,100.0,0.0,0.0,0,0.0,21,21,21,0.11946709999756422
21,8,0.2,0.001,{0.34},False,tabu_search,2,100.0,100.0,0.0,0.0,0,0.0,21,21,21,0.11833159999514464
21,8,0.2,0.001,{0.34},False,tabu_search,3,100.0,100.0,0.0,0.0,0,0.0,21,21,21,0.1268368000019109
21,8,0.2,0.001,{0.34},False,tabu_search,4,100.0,100.0,0.0,0.0,0,0.0,21,21,21,0.12015489999612328
21,8,0.2,0.001,{0.34},True,tabu_search,0,100.0,100.0,0.0,0.0,0,0.0,21,21,21,0.12318819999927655
21,8,0.2,0.001,{0.34},True,tabu_search,1,100.0,100.0,0.0,0.0,0,0.0,21,21,21,0.12057250000361819
21,8,0.2,0.001,{0.34},True,tabu_search,2,100.0,100.0,0.0,0.0,0,0.0,21,21,21,0.1533592000050703
21,8,0.2,0.001,{0.34},True,tabu_search,3,100.0,100.0,0.0,0.0,0,0.0,21,21,21,0.11419659999955911
21,8,0.2,0.001,{0.34},True,tabu_search,4,100.0,100.0,0.0,0.0,0,0.0,21,21,21,0.13755819998914376
21,8,0.4,0.001,{0.34},False,tabu_search,0,100.0,100.0,0.0,0.0,0,0.0,21,21,21,0.11864429998968262
21,8,0.4,0.001,{0.34},False,tabu_search,1,100.0,100.0,0.0,0.0,0,0.0,21,21,21,0.11677980000968091
21,8,0.4,0.001,{0.34},False,tabu_search,2,100.0,100.0,0.0,0.0,0,0.0,21,21,21,0.11915980000048876
21,8,0.4,0.001,{0.34},False,tabu_search,3,100.0,100.0,0.0,0.0,0,0.0,21,21,21,0.1253257000062149
21,8,0.4,0.001,{0.34},False,tabu_search,4,100.0,100.0,0.0,0.0,0,0.0,21,21,21,0.1236442000081297
21,8,0.4,0.001,{0.34},True,tabu_search,0,100.0,100.0,0.0,0.0,0,0.0,21,21,21,0.1282185999880312
21,8,0.4,0.001,{0.34},True,tabu_search,1,100.0,100.0,0.0,0.0,0,0.0,21,21,21,0.1621614000032423
21,8,0.4,0.001,{0.34},True,tabu_search,2,100.0,100.0,0.0,0.0,0,0.0,21,21,21,0.13657129999774043
21,8,0.4,0.001,{0.34},True,tabu_search,3,100.0,100.0,0.0,0.0,0,0.0,21,21,21,0.15075169999909122
21,8,0.4,0.001,{0.34},True,tabu_search,4,100.0,100.0,0.0,0.0,0,0.0,21,21,21,0.12615749999531545
21,8,0.8,0.001,{0.34},False,tabu_search,0,100.0,100.0,0.0,0.0,0,0.0,21,21,21,0.12171479999960866
21,8,0.8,0.001,{0.34},False,tabu_search,1,100.0,100.0,0.0,0.0,0,0.0,21,21,21,0.11982829999760725
21,8,0.8,0.001,{0.34},False,tabu_search,2,100.0,100.0,0.0,0.0,0,0.0,21,21,21,0.12044750001223292
21,8,0.8,0.001,{0.34},False,tabu_search,3,100.0,100.0,0.0,0.0,0,0.0,21,21,21,0.12229119999392424
21,8,0.8,0.001,{0.34},False,tabu_search,4,100.0,100.0,0.0,0.0,0,0.0,21,21,21,0.1551945999963209
21,8,0.8,0.001,{0.34},True,tabu_search,0,100.0,100.0,0.0,0.0,0,0.0,21,21,21,0.1255234999989625
21,8,0.8,0.001,{0.34},True,tabu_search,1,100.0,100.0,0.0,0.0,0,0.0,21,21,21,0.13056730000243988
21,8,0.8,0.001,{0.34},True,tabu_search,2,100.0,100.0,0.0,0.0,0,0.0,21,21,21,0.12057769999955781
21,8,0.8,0.001,{0.34},True,tabu_search,3,100.0,100.0,0.0,0.0,0,0.0,21,21,21,0.14145920000737533
21,8,0.8,0.001,{0.34},True,tabu_search,4,100.0,100.0,0.0,0.0,0,0.0,21,21,21,0.12213730000075884
21,8,1.0,0.001,{0.34},False,tabu_search,0,100.0,100.0,0.0,0.0,0,0.0,21,21,21,0.12365979999594856
21,8,1.0,0.001,{0.34},False,tabu_search,1,100.0,100.0,0.0,0.0,0,0.0,21,21,21,0.16725990000122692
21,8,1.0,0.001,{0.34},False,tabu_search,2,100.0,100.0,0.0,0.0,0,0.0,21,21,21,0.15917349999654107
21,8,1.0,0.001,{0.34},False,tabu_search,3,100.0,100.0,0.0,0.0,0,0.0,21,21,21,0.1764332999882754
21,8,1.0,0.001,{0.34},False,tabu_search,4,100.0,100.0,0.0,0.0,0,0.0,21,21,21,0.1214585999987321
21,8,1.0,0.001,{0.34},True,tabu_search,0,100.0,100.0,0.0,0.0,0,0.0,21,21,21,0.12385009998979513
21,8,1.0,0.001,{0.34},True,tabu_search,1,100.0,100.0,0.0,0.0,0,0.0,21,21,21,0.11758209999243263
21,8,1.0,0.001,{0.34},True,tabu_search,2,100.0,100.0,0.0,0.0,0,0.0,21,21,21,0.12449099999503233
21,8,1.0,0.001,{0.34},True,tabu_search,3,100.0,100.0,0.0,0.0,0,0.0,21,21,21,0.12927530000160914
21,8,1.0,0.001,{0.34},True,tabu_search,4,100.0,100.0,0.0,0.0,0,0.0,21,21,21,0.1538998000032734
22,8,0.0,0.001,{0.34},False,tabu_search,0,100.0,100.0,0.0,0.0,0,0.0,22,22,22,0.1262360999971861
22,8,0.0,0.001,{0.34},False,tabu_search,1,100.0,100.0,0.0,0.0,0,0.0,22,22,22,0.12438219999603461
22,8,0.0,0.001,{0.34},False,tabu_search,2,100.0,100.0,0.0,0.0,0,0.0,22,22,22,0.15954039999633096
22,8,0.0,0.001,{0.34},False,tabu_search,3,100.0,100.0,0.0,0.0,0,0.0,22,22,22,0.12259139999514446
22,8,0.0,0.001,{0.34},False,tabu_search,4,100.0,100.0,0.0,0.0,0,0.0,22,22,22,0.12693650000437628
22,8,0.0,0.001,{0.34},True,tabu_search,0,100.0,100.0,0.0,0.0,0,0.0,22,22,22,0.12743800001044292
22,8,0.0,0.001,{0.34},True,tabu_search,1,100.0,100.0,0.0,0.0,0,0.0,22,22,22,0.1255801000079373
22,8,0.0,0.001,{0.34},True,tabu_search,2,100.0,100.0,0.0,0.0,0,0.0,22,22,22,0.14702660001057666
22,8,0.0,0.001,{0.34},True,tabu_search,3,100.0,100.0,0.0,0.0,0,0.0,22,22,22,0.12477260000014212
22,8,0.0,0.001,{0.34},True,tabu_search,4,100.0,100.0,0.0,0.0,0,0.0,22,22,22,0.12547499999345746
22,8,0.2,0.001,{0.34},False,tabu_search,0,100.0,100.0,0.0,0.0,0,0.0,22,22,22,0.1621958000032464
22,8,0.2,0.001,{0.34},False,tabu_search,1,100.0,100.0,0.0,0.0,0,0.0,22,22,22,0.12580230001185555
22,8,0.2,0.001,{0.34},False,tabu_search,2,100.0,100.0,0.0,0.0,0,0.0,22,22,22,0.12710470000456553
22,8,0.2,0.001,{0.34},False,tabu_search,3,100.0,100.0,0.0,0.0,0,0.0,22,22,22,0.1302791000052821
22,8,0.2,0.001,{0.34},False,tabu_search,4,100.0,100.0,0.0,0.0,0,0.0,22,22,22,0.12684120000631083
22,8,0.2,0.001,{0.34},True,tabu_search,0,100.0,100.0,0.0,0.0,0,0.0,22,22,22,0.12300510000204667
22,8,0.2,0.001,{0.34},True,tabu_search,1,100.0,100.0,0.0,0.0,0,0.0,22,22,22,0.12244259999715723
22,8,0.2,0.001,{0.34},True,tabu_search,2,100.0,100.0,0.0,0.0,0,0.0,22,22,22,0.17291480000130832
22,8,0.2,0.001,{0.34},True,tabu_search,3,100.0,100.0,0.0,0.0,0,0.0,22,22,22,0.12248089999775402
22,8,0.2,0.001,{0.34},True,tabu_search,4,100.0,100.0,0.0,0.0,0,0.0,22,22,22,0.12655000000086147
22,8,0.4,0.001,{0.34},False,tabu_search,0,100.0,100.0,0.0,0.0,0,0.0,22,22,22,0.1320821999979671
22,8,0.4,0.001,{0.34},False,tabu_search,1,100.0,100.0,0.0,0.0,0,0.0,22,22,22,0.1292385000124341
22,8,0.4,0.001,{0.34},False,tabu_search,2,100.0,100.0,0.0,0.0,0,0.0,22,22,22,0.12607280000520404
22,8,0.4,0.001,{0.34},False,tabu_search,3,100.0,100.0,0.0,0.0,0,0.0,22,22,22,0.1265521000023
22,8,0.4,0.001,{0.34},False,tabu_search,4,100.0,100.0,0.0,0.0,0,0.0,22,22,22,0.13458840000384953
22,8,0.4,0.001,{0.34},True,tabu_search,0,100.0,100.0,0.0,0.0,0,0.0,22,22,22,0.16378530001384206
22,8,0.4,0.001,{0.34},True,tabu_search,1,100.0,100.0,0.0,0.0,0,0.0,22,22,22,0.14716770000813995
22,8,0.4,0.001,{0.34},True,tabu_search,2,100.0,100.0,0.0,0.0,0,0.0,22,22,22,0.1331491000019014
22,8,0.4,0.001,{0.34},True,tabu_search,3,100.0,100.0,0.0,0.0,0,0.0,22,22,22,0.12958870000147726
22,8,0.4,0.001,{0.34},True,tabu_search,4,100.0,100.0,0.0,0.0,0,0.0,22,22,22,0.12412220000987872
22,8,0.8,0.001,{0.34},False,tabu_search,0,100.0,100.0,0.0,0.0,0,0.0,22,22,22,0.12938859999121632
22,8,0.8,0.001,{0.34},False,tabu_search,1,100.0,100.0,0.0,0.0,0,0.0,22,22,22,0.1293671000021277
22,8,0.8,0.001,{0.34},False,tabu_search,2,100.0,100.0,0.0,0.0,0,0.0,22,22,22,0.12446919998910744
22,8,0.8,0.001,{0.34},False,tabu_search,3,100.0,100.0,0.0,0.0,0,0.0,22,22,22,0.16311390000919346
22,8,0.8,0.001,{0.34},False,tabu_search,4,100.0,100.0,0.0,0.0,0,0.0,22,22,22,0.12963229999877512
22,8,0.8,0.001,{0.34},True,tabu_search,0,100.0,100.0,0.0,0.0,0,0.0,22,22,22,0.12936990000889637
22,8,0.8,0.001,{0.34},True,tabu_search,1,100.0,100.0,0.0,0.0,0,0.0,22,22,22,0.14339269998890813
22,8,0.8,0.001,{0.34},True,tabu_search,2,100.0,100.0,0.0,0.0,0,0.0,22,22,22,0.12875019999046344
22,8,0.8,0.001,{0.34},True,tabu_search,3,100.0,100.0,0.0,0.0,0,0.0,22,22,22,0.13139270000101533
22,8,0.8,0.001,{0.34},True,tabu_search,4,100.0,100.0,0.0,0.0,0,0.0,22,22,22,0.12958470000012312
22,8,1.0,0.001,{0.34},False,tabu_search,0,100.0,100.0,0.0,0.0,0,0.0,22,22,22,0.1229899000027217
22,8,1.0,0.001,{0.34},False,tabu_search,1,100.0,100.0,0.0,0.0,0,0.0,22,22,22,0.1294416999880923
22,8,1.0,0.001,{0.34},False,tabu_search,2,100.0,100.0,0.0,0.0,0,0.0,22,22,22,0.1692382000037469
22,8,1.0,0.001,{0.34},False,tabu_search,3,100.0,100.0,0.0,0.0,0,0.0,22,22,22,0.1281351000070572
22,8,1.0,0.001,{0.34},False,tabu_search,4,100.0,100.0,0.0,0.0,0,0.0,22,22,22,0.14013149999664165
22,8,1.0,0.001,{0.34},True,tabu_search,0,100.0,100.0,0.0,0.0,0,0.0,22,22,22,0.1312437000015052
22,8,1.0,0.001,{0.34},True,tabu_search,1,100.0,100.0,0.0,0.0,0,0.0,22,22,22,0.1270063999982085
22,8,1.0,0.001,{0.34},True,tabu_search,2,100.0,100.0,0.0,0.0,0,0.0,22,22,22,0.12997190000896808
22,8,1.0,0.001,{0.34},True,tabu_search,3,100.0,100.0,0.0,0.0,0,0.0,22,22,22,0.12630430000717752
22,8,1.0,0.001,{0.34},True,tabu_search,4,100.0,100.0,0.0,0.0,0,0.0,22,22,22,0.13056720000167843
23,8,0.0,0.001,{0.34},False,tabu_search,0,100.0,100.0,0.0,0.0,0,0.0,23,23,23,0.17215830000350252
23,8,0.0,0.001,{0.34},False,tabu_search,1,100.0,100.0,0.0,0.0,0,0.0,23,23,23,0.13590060001297388
23,8,0.0,0.001,{0.34},False,tabu_search,2,100.0,100.0,0.0,0.0,0,0.0,23,23,23,0.1660963000031188
23,8,0.0,0.001,{0.34},False,tabu_search,3,100.0,100.0,0.0,0.0,0,0.0,23,23,23,0.15597019999404438
23,8,0.0,0.001,{0.34},False,tabu_search,4,100.0,100.0,0.0,0.0,0,0.0,23,23,23,0.13789209999958985
23,8,0.0,0.001,{0.34},True,tabu_search,0,100.0,100.0,0.0,0.0,0,0.0,23,23,23,0.13051780000387225
23,8,0.0,0.001,{0.34},True,tabu_search,1,100.0,100.0,0.0,0.0,0,0.0,23,23,23,0.14214120000542607
23,8,0.0,0.001,{0.34},True,tabu_search,2,100.0,100.0,0.0,0.0,0,0.0,23,23,23,0.1341074999945704
23,8,0.0,0.001,{0.34},True,tabu_search,3,100.0,100.0,0.0,0.0,0,0.0,23,23,23,0.16708840000501368
23,8,0.0,0.001,{0.34},True,tabu_search,4,100.0,100.0,0.0,0.0,0,0.0,23,23,23,0.1286675000010291
23,8,0.2,0.001,{0.34},False,tabu_search,0,100.0,100.0,0.0,0.0,0,0.0,23,23,23,0.1322235000116052
23,8,0.2,0.001,{0.34},False,tabu_search,1,100.0,100.0,0.0,0.0,0,0.0,23,23,23,0.13220550000551157
23,8,0.2,0.001,{0.34},False,tabu_search,2,100.0,100.0,0.0,0.0,0,0.0,23,23,23,0.13183440000284463
23,8,0.2,0.001,{0.34},False,tabu_search,3,100.0,100.0,0.0,0.0,0,0.0,23,23,23,0.14478129999770317
23,8,0.2,0.001,{0.34},False,tabu_search,4,100.0,100.0,0.0,0.0,0,0.0,23,23,23,0.13178630000038538
23,8,0.2,0.001,{0.34},True,tabu_search,0,100.0,100.0,0.0,0.0,0,0.0,23,23,23,0.16771460000018124
23,8,0.2,0.001,{0.34},True,tabu_search,1,100.0,100.0,0.0,0.0,0,0.0,23,23,23,0.13035239999589976
23,8,0.2,0.001,{0.34},True,tabu_search,2,100.0,100.0,0.0,0.0,0,0.0,23,23,23,0.1322026999987429
23,8,0.2,0.001,{0.34},True,tabu_search,3,100.0,100.0,0.0,0.0,0,0.0,23,23,23,0.13302090000070166
23,8,0.2,0.001,{0.34},True,tabu_search,4,100.0,100.0,0.0,0.0,0,0.0,23,23,23,0.1368408999987878
23,8,0.4,0.001,{0.34},False,tabu_search,0,100.0,100.0,0.0,0.0,0,0.0,23,23,23,0.13204270000278484
23,8,0.4,0.001,{0.34},False,tabu_search,1,100.0,100.0,0.0,0.0,0,0.0,23,23,23,0.13301530000171624
23,8,0.4,0.001,{0.34},False,tabu_search,2,100.0,100.0,0.0,0.0,0,0.0,23,23,23,0.18886059999931604
23,8,0.4,0.001,{0.34},False,tabu_search,3,100.0,100.0,0.0,0.0,0,0.0,23,23,23,0.1412012000073446
23,8,0.4,0.001,{0.34},False,tabu_search,4,100.0,100.0,0.0,0.0,0,0.0,23,23,23,0.13477039999270346
23,8,0.4,0.001,{0.34},True,tabu_search,0,100.0,100.0,0.0,0.0,0,0.0,23,23,23,0.1318545000103768
23,8,0.4,0.001,{0.34},True,tabu_search,1,100.0,100.0,0.0,0.0,0,0.0,23,23,23,0.13154390000272542
23,8,0.4,0.001,{0.34},True,tabu_search,2,100.0,100.0,0.0,0.0,0,0.0,23,23,23,0.13109419999818783
23,8,0.4,0.001,{0.34},True,tabu_search,3,100.0,100.0,0.0,0.0,0,0.0,23,23,23,0.1264000999944983
23,8,0.4,0.001,{0.34},True,tabu_search,4,100.0,100.0,0.0,0.0,0,0.0,23,23,23,0.13539749999472406
23,8,0.8,0.001,{0.34},False,tabu_search,0,100.0,100.0,0.0,0.0,0,0.0,23,23,23,0.1738844999927096
23,8,0.8,0.001,{0.34},False,tabu_search,1,100.0,100.0,0.0,0.0,0,0.0,23,23,23,0.13162270000611898
23,8,0.8,0.001,{0.34},False,tabu_search,2,100.0,100.0,0.0,0.0,0,0.0,23,23,23,0.1573019000061322
23,8,0.8,0.001,{0.34},False,tabu_search,3,100.0,100.0,0.0,0.0,0,0.0,23,23,23,0.13561279998975806
23,8,0.8,0.001,{0.34},False,tabu_search,4,100.0,100.0,0.0,0.0,0,0.0,23,23,23,0.13936909999756608
23,8,0.8,0.001,{0.34},True,tabu_search,0,100.0,100.0,0.0,0.0,0,0.0,23,23,23,0.13250249999691732
23,8,0.8,0.001,{0.34},True,tabu_search,1,100.0,100.0,0.0,0.0,0,0.0,23,23,23,0.13490319999982603
23,8,0.8,0.001,{0.34},True,tabu_search,2,100.0,100.0,0.0,0.0,0,0.0,23,23,23,0.13729319999401923
23,8,0.8,0.001,{0.34},True,tabu_search,3,100.0,100.0,0.0,0.0,0,0.0,23,23,23,0.1656552000058582
23,8,0.8,0.001,{0.34},True,tabu_search,4,100.0,100.0,0.0,0.0,0,0.0,23,23,23,0.12791710000601597
23,8,1.0,0.001,{0.34},False,tabu_search,0,100.0,100.0,0.0,0.0,0,0.0,23,23,23,0.14716950000729412
23,8,1.0,0.001,{0.34},False,tabu_search,1,100.0,100.0,0.0,0.0,0,0.0,23,23,23,0.1519135999988066
23,8,1.0,0.001,{0.34},False,tabu_search,2,100.0,100.0,0.0,0.0,0,0.0,23,23,23,0.13461149999056943
23,8,1.0,0.001,{0.34},False,tabu_search,3,100.0,100.0,0.0,0.0,0,0.0,23,23,23,0.13388999999733642
23,8,1.0,0.001,{0.34},False,tabu_search,4,100.0,100.0,0.0,0.0,0,0.0,23,23,23,0.13052249999600463
23,8,1.0,0.001,{0.34},True,tabu_search,0,100.0,100.0,0.0,0.0,0,0.0,23,23,23,0.15925830000196584
23,8,1.0,0.001,{0.34},True,tabu_search,1,100.0,100.0,0.0,0.0,0,0.0,23,23,23,0.1670592000009492
23,8,1.0,0.001,{0.34},True,tabu_search,2,100.0,100.0,0.0,0.0,0,0.0,23,23,23,0.13314939998963382
23,8,1.0,0.001,{0.34},True,tabu_search,3,100.0,100.0,0.0,0.0,0,0.0,23,23,23,0.1330156000040006
23,8,1.0,0.001,{0.34},True,tabu_search,4,100.0,100.0,0.0,0.0,0,0.0,23,23,23,0.13394030000199564
24,8,0.0,0.001,{0.34},False,tabu_search,0,100.0,100.0,0.0,0.0,0,0.0,24,24,24,0.136600300000282
24,8,0.0,0.001,{0.34},False,tabu_search,1,100.0,100.0,0.0,0.0,0,0.0,24,24,24,0.13665990000299644
24,8,0.0,0.001,{0.34},False,tabu_search,2,100.0,100.0,0.0,0.0,0,0.0,24,24,24,0.13501140000880696
24,8,0.0,0.001,{0.34},False,tabu_search,3,100.0,100.0,0.0,0.0,0,0.0,24,24,24,0.1772035999892978
24,8,0.0,0.001,{0.34},False,tabu_search,4,100.0,100.0,0.0,0.0,0,0.0,24,24,24,0.1323811000038404
24,8,0.0,0.001,{0.34},True,tabu_search,0,100.0,100.0,0.0,0.0,0,0.0,24,24,24,0.13696959998924285
24,8,0.0,0.001,{0.34},True,tabu_search,1,100.0,100.0,0.0,0.0,0,0.0,24,24,24,0.14364220001152717
24,8,0.0,0.001,{0.34},True,tabu_search,2,100.0,100.0,0.0,0.0,0,0.0,24,24,24,0.13560969999525696
24,8,0.0,0.001,{0.34},True,tabu_search,3,100.0,100.0,0.0,0.0,0,0.0,24,24,24,0.1441317999997409
24,8,0.0,0.001,{0.34},True,tabu_search,4,100.0,100.0,0.0,0.0,0,0.0,24,24,24,0.13236039999173954
24,8,0.2,0.001,{0.34},False,tabu_search,0,100.0,100.0,0.0,0.0,0,0.0,24,24,24,0.17394469999999274
24,8,0.2,0.001,{0.34},False,tabu_search,1,100.0,100.0,0.0,0.0,0,0.0,24,24,24,0.13434960000449792
24,8,0.2,0.001,{0.34},False,tabu_search,2,100.0,100.0,0.0,0.0,0,0.0,24,24,24,0.13993590000609402
24,8,0.2,0.001,{0.34},False,tabu_search,3,100.0,100.0,0.0,0.0,0,0.0,24,24,24,0.1345446999912383
24,8,0.2,0.001,{0.34},False,tabu_search,4,100.0,100.0,0.0,0.0,0,0.0,24,24,24,0.13487889998941682
24,8,0.2,0.001,{0.34},True,tabu_search,0,100.0,100.0,0.0,0.0,0,0.0,24,24,24,0.13893000000098255
24,8,0.2,0.001,{0.34},True,tabu_search,1,100.0,100.0,0.0,0.0,0,0.0,24,24,24,0.15495219999866094
24,8,0.2,0.001,{0.34},True,tabu_search,2,100.0,100.0,0.0,0.0,0,0.0,24,24,24,0.1808113000006415
24,8,0.2,0.001,{0.34},True,tabu_search,3,100.0,100.0,0.0,0.0,0,0.0,24,24,24,0.13607749999209773
24,8,0.2,0.001,{0.34},True,tabu_search,4,100.0,100.0,0.0,0.0,0,0.0,24,24,24,0.1416707000025781
24,8,0.4,0.001,{0.34},False,tabu_search,0,100.0,100.0,0.0,0.0,0,0.0,24,24,24,0.13755359999777284
24,8,0.4,0.001,{0.34},False,tabu_search,1,100.0,100.0,0.0,0.0,0,0.0,24,24,24,0.13198859999829438
24,8,0.4,0.001,{0.34},False,tabu_search,2,100.0,100.0,0.0,0.0,0,0.0,24,24,24,0.13663360000646207
24,8,0.4,0.001,{0.34},False,tabu_search,3,100.0,100.0,0.0,0.0,0,0.0,24,24,24,0.13512330000230577
24,8,0.4,0.001,{0.34},False,tabu_search,4,100.0,100.0,0.0,0.0,0,0.0,24,24,24,0.17586950000259094
24,8,0.4,0.001,{0.34},True,tabu_search,0,100.0,100.0,0.0,0.0,0,0.0,24,24,24,0.16928329999791458
24,8,0.4,0.001,{0.34},True,tabu_search,1,100.0,100.0,0.0,0.0,0,0.0,24,24,24,0.13733179999690037
24,8,0.4,0.001,{0.34},True,tabu_search,2,100.0,100.0,0.0,0.0,0,0.0,24,24,24,0.13792059999832418
24,8,0.4,0.001,{0.34},True,tabu_search,3,100.0,100.0,0.0,0.0,0,0.0,24,24,24,0.13631570000143256
24,8,0.4,0.001,{0.34},True,tabu_search,4,100.0,100.0,0.0,0.0,0,0.0,24,24,24,0.1386155000072904
24,8,0.8,0.001,{0.34},False,tabu_search,0,100.0,100.0,0.0,0.0,0,0.0,24,24,24,0.14576349999697413
24,8,0.8,0.001,{0.34},False,tabu_search,1,100.0,100.0,0.0,0.0,0,0.0,24,24,24,0.14069929999823216
24,8,0.8,0.001,{0.34},False,tabu_search,2,100.0,100.0,0.0,0.0,0,0.0,24,24,24,0.17893439999897964
24,8,0.8,0.001,{0.34},False,tabu_search,3,100.0,100.0,0.0,0.0,0,0.0,24,24,24,0.14719540000078268
24,8,0.8,0.001,{0.34},False,tabu_search,4,100.0,100.0,0.0,0.0,0,0.0,24,24,24,0.14079479999782052
24,8,0.8,0.001,{0.34},True,tabu_search,0,100.0,100.0,0.0,0.0,0,0.0,24,24,24,0.145369900012156
24,8,0.8,0.001,{0.34},True,tabu_search,1,100.0,100.0,0.0,0.0,0,0.0,24,24,24,0.14199360000202432
24,8,0.8,0.001,{0.34},True,tabu_search,2,100.0,100.0,0.0,0.0,0,0.0,24,24,24,0.13579859999299515
24,8,0.8,0.001,{0.34},True,tabu_search,3,100.0,100.0,0.0,0.0,0,0.0,24,24,24,0.14171609999903012
24,8,0.8,0.001,{0.34},True,tabu_search,4,100.0,100.0,0.0,0.0,0,0.0,24,24,24,0.17450259999895934
24,8,1.0,0.001,{0.34},False,tabu_search,0,100.0,100.0,0.0,0.0,0,0.0,24,24,24,0.1379612000018824
24,8,1.0,0.001,{0.34},False,tabu_search,1,100.0,100.0,0.0,0.0,0,0.0,24,24,24,0.14428409999527503
24,8,1.0,0.001,{0.34},False,tabu_search,2,100.0,100.0,0.0,0.0,0,0.0,24,24,24,0.14017779999994673
24,8,1.0,0.001,{0.34},False,tabu_search,3,100.0,100.0,0.0,0.0,0,0.0,24,24,24,0.1573288999934448
24,8,1.0,0.001,{0.34},False,tabu_search,4,100.0,100.0,0.0,0.0,0,0.0,24,24,24,0.14248579999548383
24,8,1.0,0.001,{0.34},True,tabu_search,0,100.0,100.0,0.0,0.0,0,0.0,24,24,24,0.13875329999427777
24,8,1.0,0.001,{0.34},True,tabu_search,1,100.0,100.0,0.0,0.0,0,0.0,24,24,24,0.1357842999859713
24,8,1.0,0.001,{0.34},True,tabu_search,2,100.0,100.0,0.0,0.0,0,0.0,24,24,24,0.17599230000632815
24,8,1.0,0.001,{0.34},True,tabu_search,3,100.0,100.0,0.0,0.0,0,0.0,24,24,24,0.13712529999611434
24,8,1.0,0.001,{0.34},True,tabu_search,4,100.0,100.0,0.0,0.0,0,0.0,24,24,24,0.13909139999304898
25,8,0.0,0.001,{0.34},False,tabu_search,0,100.0,100.0,0.0,0.0,0,0.0,25,25,25,0.16836740000871941
25,8,0.0,0.001,{0.34},False,tabu_search,1,100.0,100.0,0.0,0.0,0,0.0,25,25,25,0.14027259999420494
25,8,0.0,0.001,{0.34},False,tabu_search,2,100.0,100.0,0.0,0.0,0,0.0,25,25,25,0.1465194999909727
25,8,0.0,0.001,{0.34},False,tabu_search,3,100.0,100.0,0.0,0.0,0,0.0,25,25,25,0.14491019998968113
25,8,0.0,0.001,{0.34},False,tabu_search,4,100.0,100.0,0.0,0.0,0,0.0,25,25,25,0.18944449999253266
25,8,0.0,0.001,{0.34},True,tabu_search,0,100.0,100.0,0.0,0.0,0,0.0,25,25,25,0.1435055000038119
25,8,0.0,0.001,{0.34},True,tabu_search,1,100.0,100.0,0.0,0.0,0,0.0,25,25,25,0.14569879999908153
25,8,0.0,0.001,{0.34},True,tabu_search,2,100.0,100.0,0.0,0.0,0,0.0,25,25,25,0.1411759000038728
25,8,0.0,0.001,{0.34},True,tabu_search,3,100.0,100.0,0.0,0.0,0,0.0,25,25,25,0.14379159999953117
25,8,0.0,0.001,{0.34},True,tabu_search,4,100.0,100.0,0.0,0.0,0,0.0,25,25,25,0.16181190000497736
25,8,0.2,0.001,{0.34},False,tabu_search,0,100.0,100.0,0.0,0.0,0,0.0,25,25,25,0.1437908000079915
25,8,0.2,0.001,{0.34},False,tabu_search,1,100.0,100.0,0.0,0.0,0,0.0,25,25,25,0.18583989999024197
25,8,0.2,0.001,{0.34},False,tabu_search,2,100.0,100.0,0.0,0.0,0,0.0,25,25,25,0.15164430000004359
25,8,0.2,0.001,{0.34},False,tabu_search,3,100.0,100.0,0.0,0.0,0,0.0,25,25,25,0.14650669999537058
25,8,0.2,0.001,{0.34},False,tabu_search,4,100.0,100.0,0.0,0.0,0,0.0,25,25,25,0.14583459999994375
25,8,0.2,0.001,{0.34},True,tabu_search,0,100.0,100.0,0.0,0.0,0,0.0,25,25,25,0.13837289999355562
25,8,0.2,0.001,{0.34},True,tabu_search,1,100.0,100.0,0.0,0.0,0,0.0,25,25,25,0.1468317999970168
25,8,0.2,0.001,{0.34},True,tabu_search,2,100.0,100.0,0.0,0.0,0,0.0,25,25,25,0.18944729999930132
25,8,0.2,0.001,{0.34},True,tabu_search,3,100.0,100.0,0.0,0.0,0,0.0,25,25,25,0.15337749999889638
25,8,0.2,0.001,{0.34},True,tabu_search,4,100.0,100.0,0.0,0.0,0,0.0,25,25,25,0.14676430000690743
25,8,0.4,0.001,{0.34},False,tabu_search,0,100.0,100.0,0.0,0.0,0,0.0,25,25,25,0.14341370000329334
25,8,0.4,0.001,{0.34},False,tabu_search,1,100.0,100.0,0.0,0.0,0,0.0,25,25,25,0.15326890000142157
25,8,0.4,0.001,{0.34},False,tabu_search,2,100.0,100.0,0.0,0.0,0,0.0,25,25,25,0.14578449999680743
25,8,0.4,0.001,{0.34},False,tabu_search,3,100.0,100.0,0.0,0.0,0,0.0,25,25,25,0.1416674000065541
25,8,0.4,0.001,{0.34},False,tabu_search,4,100.0,100.0,0.0,0.0,0,0.0,25,25,25,0.18872799999371637
25,8,0.4,0.001,{0.34},True,tabu_search,0,100.0,100.0,0.0,0.0,0,0.0,25,25,25,0.14256469999963883
25,8,0.4,0.001,{0.34},True,tabu_search,1,100.0,100.0,0.0,0.0,0,0.0,25,25,25,0.15003540000179783
25,8,0.4,0.001,{0.34},True,tabu_search,2,100.0,100.0,0.0,0.0,0,0.0,25,25,25,0.13794749999942724
25,8,0.4,0.001,{0.34},True,tabu_search,3,100.0,100.0,0.0,0.0,0,0.0,25,25,25,0.14135510000051
25,8,0.4,0.001,{0.34},True,tabu_search,4,100.0,100.0,0.0,0.0,0,0.0,25,25,25,0.14009899999655318
25,8,0.8,0.001,{0.34},False,tabu_search,0,100.0,100.0,0.0,0.0,0,0.0,25,25,25,0.14285209999070503
25,8,0.8,0.001,{0.34},False,tabu_search,1,100.0,100.0,0.0,0.0,0,0.0,25,25,25,0.18515300001308788
25,8,0.8,0.001,{0.34},False,tabu_search,2,100.0,100.0,0.0,0.0,0,0.0,25,25,25,0.1456291000067722
25,8,0.8,0.001,{0.34},False,tabu_search,3,100.0,100.0,0.0,0.0,0,0.0,25,25,25,0.13831419999769423
25,8,0.8,0.001,{0.34},False,tabu_search,4,100.0,100.0,0.0,0.0,0,0.0,25,25,25,0.13683429999218788
25,8,0.8,0.001,{0.34},True,tabu_search,0,100.0,100.0,0.0,0.0,0,0.0,25,25,25,0.1555874999903608
25,8,0.8,0.001,{0.34},True,tabu_search,1,100.0,100.0,0.0,0.0,0,0.0,25,25,25,0.1455683000094723
25,8,0.8,0.001,{0.34},True,tabu_search,2,100.0,100.0,0.0,0.0,0,0.0,25,25,25,0.14321510000445414
25,8,0.8,0.001,{0.34},True,tabu_search,3,100.0,100.0,0.0,0.0,0,0.0,25,25,25,0.18175000000337604
25,8,0.8,0.001,{0.34},True,tabu_search,4,100.0,100.0,0.0,0.0,0,0.0,25,25,25,0.14319280000927392
25,8,1.0,0.001,{0.34},False,tabu_search,0,100.0,100.0,0.0,0.0,0,0.0,25,25,25,0.14274650000152178
25,8,1.0,0.001,{0.34},False,tabu_search,1,100.0,100.0,0.0,0.0,0,0.0,25,25,25,0.1386274999968009
25,8,1.0,0.001,{0.34},False,tabu_search,2,100.0,100.0,0.0,0.0,0,0.0,25,25,25,0.14847859999281354
25,8,1.0,0.001,{0.34},False,tabu_search,3,100.0,100.0,0.0,0.0,0,0.0,25,25,25,0.147438100000727
25,8,1.0,0.001,{0.34},False,tabu_search,4,100.0,100.0,0.0,0.0,0,0.0,25,25,25,0.16372910000791308
25,8,1.0,0.001,{0.34},True,tabu_search,0,100.0,100.0,0.0,0.0,0,0.0,25,25,25,0.18563100000028498
25,8,1.0,0.001,{0.34},True,tabu_search,1,100.0,100.0,0.0,0.0,0,0.0,25,25,25,0.14458229999581818
25,8,1.0,0.001,{0.34},True,tabu_search,2,100.0,100.0,0.0,0.0,0,0.0,25,25,25,0.14190489999600686
25,8,1.0,0.001,{0.34},True,tabu_search,3,100.0,100.0,0.0,0.0,0,0.0,25,25,25,0.1447109000000637
25,8,1.0,0.001,{0.34},True,tabu_search,4,100.0,100.0,0.0,0.0,0,0.0,25,25,25,0.14590550000139046
26,8,0.0,0.001,{0.34},False,tabu_search,0,100.0,100.0,0.0,0.0,0,0.0,26,26,26,0.16355729999486357
26,8,0.0,0.001,{0.34},False,tabu_search,1,100.0,100.0,0.0,0.0,0,0.0,26,26,26,0.14736969998921268
26,8,0.0,0.001,{0.34},False,tabu_search,2,100.0,100.0,0.0,0.0,0,0.0,26,26,26,0.195859899991774
26,8,0.0,0.001,{0.34},False,tabu_search,3,100.0,100.0,0.0,0.0,0,0.0,26,26,26,0.1534384999977192
26,8,0.0,0.001,{0.34},False,tabu_search,4,100.0,100.0,0.0,0.0,0,0.0,26,26,26,0.14975900000717957
26,8,0.0,0.001,{0.34},True,tabu_search,0,100.0,100.0,0.0,0.0,0,0.0,26,26,26,0.15240449999691918
26,8,0.0,0.001,{0.34},True,tabu_search,1,100.0,100.0,0.0,0.0,0,0.0,26,26,26,0.1449484000040684
26,8,0.0,0.001,{0.34},True,tabu_search,2,100.0,100.0,0.0,0.0,0,0.0,26,26,26,0.14761519999592565
26,8,0.0,0.001,{0.34},True,tabu_search,3,100.0,100.0,0.0,0.0,0,0.0,26,26,26,0.18996920000063255
26,8,0.0,0.001,{0.34},True,tabu_search,4,100.0,100.0,0.0,0.0,0,0.0,26,26,26,0.1715868000028422
26,8,0.2,0.001,{0.34},False,tabu_search,0,100.0,100.0,0.0,0.0,0,0.0,26,26,26,0.15109050000319257
26,8,0.2,0.001,{0.34},False,tabu_search,1,100.0,100.0,0.0,0.0,0,0.0,26,26,26,0.15020060000824742
26,8,0.2,0.001,{0.34},False,tabu_search,2,100.0,100.0,0.0,0.0,0,0.0,26,26,26,0.14401489999727346
26,8,0.2,0.001,{0.34},False,tabu_search,3,100.0,100.0,0.0,0.0,0,0.0,26,26,26,0.15445529999851715
26,8,0.2,0.001,{0.34},False,tabu_search,4,100.0,100.0,0.0,0.0,0,0.0,26,26,26,0.15327629999956116
26,8,0.2,0.001,{0.34},True,tabu_search,0,100.0,100.0,0.0,0.0,0,0.0,26,26,26,0.19270800000231247
26,8,0.2,0.001,{0.34},True,tabu_search,1,100.0,100.0,0.0,0.0,0,0.0,26,26,26,0.1503039999952307
26,8,0.2,0.001,{0.34},True,tabu_search,2,100.0,100.0,0.0,0.0,0,0.0,26,26,26,0.14264669999829493
26,8,0.2,0.001,{0.34},True,tabu_search,3,100.0,100.0,0.0,0.0,0,0.0,26,26,26,0.16297910000139382
26,8,0.2,0.001,{0.34},True,tabu_search,4,100.0,100.0,0.0,0.0,0,0.0,26,26,26,0.1443866000045091
26,8,0.4,0.001,{0.34},False,tabu_search,0,100.0,100.0,0.0,0.0,0,0.0,26,26,26,0.14990610000677407
26,8,0.4,0.001,{0.34},False,tabu_search,1,100.0,100.0,0.0,0.0,0,0.0,26,26,26,0.19290449999971315
26,8,0.4,0.001,{0.34},False,tabu_search,2,100.0,100.0,0.0,0.0,0,0.0,26,26,26,0.15292379999300465
26,8,0.4,0.001,{0.34},False,tabu_search,3,100.0,100.0,0.0,0.0,0,0.0,26,26,26,0.149085400000331
26,8,0.4,0.001,{0.34},False,tabu_search,4,100.0,100.0,0.0,0.0,0,0.0,26,26,26,0.1523120000056224
26,8,0.4,0.001,{0.34},True,tabu_search,0,100.0,100.0,0.0,0.0,0,0.0,26,26,26,0.14785919999121688
26,8,0.4,0.001,{0.34},True,tabu_search,1,100.0,100.0,0.0,0.0,0,0.0,26,26,26,0.1508122000086587
26,8,0.4,0.001,{0.34},True,tabu_search,2,100.0,100.0,0.0,0.0,0,0.0,26,26,26,0.2182520999922417
26,8,0.4,0.001,{0.34},True,tabu_search,3,100.0,100.0,0.0,0.0,0,0.0,26,26,26,0.15151739999419078
26,8,0.4,0.001,{0.34},True,tabu_search,4,100.0,100.0,0.0,0.0,0,0.0,26,26,26,0.15066169999772683
26,8,0.8,0.001,{0.34},False,tabu_search,0,100.0,100.0,0.0,0.0,0,0.0,26,26,26,0.1516537999996217
26,8,0.8,0.001,{0.34},False,tabu_search,1,100.0,100.0,0.0,0.0,0,0.0,26,26,26,0.14471240001148544
26,8,0.8,0.001,{0.34},False,tabu_search,2,100.0,100.0,0.0,0.0,0,0.0,26,26,26,0.1493577999935951
26,8,0.8,0.001,{0.34},False,tabu_search,3,100.0,100.0,0.0,0.0,0,0.0,26,26,26,0.15209299999696668
26,8,0.8,0.001,{0.34},False,tabu_search,4,100.0,100.0,0.0,0.0,0,0.0,26,26,26,0.20799940000870265
26,8,0.8,0.001,{0.34},True,tabu_search,0,100.0,100.0,0.0,0.0,0,0.0,26,26,26,0.1458418999973219
26,8,0.8,0.001,{0.34},True,tabu_search,1,100.0,100.0,0.0,0.0,0,0.0,26,26,26,0.1487417999887839
26,8,0.8,0.001,{0.34},True,tabu_search,2,100.0,100.0,0.0,0.0,0,0.0,26,26,26,0.15144929999951273
26,8,0.8,0.001,{0.34},True,tabu_search,3,100.0,100.0,0.0,0.0,0,0.0,26,26,26,0.1522380999958841
26,8,0.8,0.001,{0.34},True,tabu_search,4,100.0,100.0,0.0,0.0,0,0.0,26,26,26,0.1503045999997994
26,8,1.0,0.001,{0.34},False,tabu_search,0,100.0,100.0,0.0,0.0,0,0.0,26,26,26,0.16016669999225996
26,8,1.0,0.001,{0.34},False,tabu_search,1,100.0,100.0,0.0,0.0,0,0.0,26,26,26,0.20566380000673234
26,8,1.0,0.001,{0.34},False,tabu_search,2,100.0,100.0,0.0,0.0,0,0.0,26,26,26,0.17165609999210574
26,8,1.0,0.001,{0.34},False,tabu_search,3,100.0,100.0,0.0,0.0,0,0.0,26,26,26,0.15422480000415817
26,8,1.0,0.001,{0.34},False,tabu_search,4,100.0,100.0,0.0,0.0,0,0.0,26,26,26,0.1547677000053227
26,8,1.0,0.001,{0.34},True,tabu_search,0,100.0,100.0,0.0,0.0,0,0.0,26,26,26,0.14920850000635255
26,8,1.0,0.001,{0.34},True,tabu_search,1,100.0,100.0,0.0,0.0,0,0.0,26,26,26,0.14584430000104476
26,8,1.0,0.001,{0.34},True,tabu_search,2,100.0,100.0,0.0,0.0,0,0.0,26,26,26,0.1507893999951193
26,8,1.0,0.001,{0.34},True,tabu_search,3,100.0,100.0,0.0,0.0,0,0.0,26,26,26,0.18765130000247154
26,8,1.0,0.001,{0.34},True,tabu_search,4,100.0,100.0,0.0,0.0,0,0.0,26,26,26,0.15087209999910556
27,8,0.0,0.001,{0.34},False,tabu_search,0,100.0,100.0,0.0,0.0,0,0.0,27,27,27,0.1718737999908626
27,8,0.0,0.001,{0.34},False,tabu_search,1,100.0,100.0,0.0,0.0,0,0.0,27,27,27,0.16257349999796133
27,8,0.0,0.001,{0.34},False,tabu_search,2,100.0,100.0,0.0,0.0,0,0.0,27,27,27,0.15501180000137538
27,8,0.0,0.001,{0.34},False,tabu_search,3,100.0,100.0,0.0,0.0,0,0.0,27,27,27,0.15659069998946507
27,8,0.0,0.001,{0.34},False,tabu_search,4,100.0,100.0,0.0,0.0,0,0.0,27,27,27,0.20114059999468736
27,8,0.0,0.001,{0.34},True,tabu_search,0,100.0,100.0,0.0,0.0,0,0.0,27,27,27,0.15569990000221878
27,8,0.0,0.001,{0.34},True,tabu_search,1,100.0,100.0,0.0,0.0,0,0.0,27,27,27,0.15575960000569467
27,8,0.0,0.001,{0.34},True,tabu_search,2,100.0,100.0,0.0,0.0,0,0.0,27,27,27,0.1715087000047788
27,8,0.0,0.001,{0.34},True,tabu_search,3,100.0,100.0,0.0,0.0,0,0.0,27,27,27,0.1552601000003051
27,8,0.0,0.001,{0.34},True,tabu_search,4,100.0,100.0,0.0,0.0,0,0.0,27,27,27,0.15882039999996778
27,8,0.2,0.001,{0.34},False,tabu_search,0,100.0,100.0,0.0,0.0,0,0.0,27,27,27,0.2019501000031596
27,8,0.2,0.001,{0.34},False,tabu_search,1,100.0,100.0,0.0,0.0,0,0.0,27,27,27,0.1533049999998184
27,8,0.2,0.001,{0.34},False,tabu_search,2,100.0,100.0,0.0,0.0,0,0.0,27,27,27,0.1652161999954842
27,8,0.2,0.001,{0.34},False,tabu_search,3,100.0,100.0,0.0,0.0,0,0.0,27,27,27,0.15226189998793416
27,8,0.2,0.001,{0.34},False,tabu_search,4,100.0,100.0,0.0,0.0,0,0.0,27,27,27,0.15593010000884533
27,8,0.2,0.001,{0.34},True,tabu_search,0,100.0,100.0,0.0,0.0,0,0.0,27,27,27,0.17184000000997912
27,8,0.2,0.001,{0.34},True,tabu_search,1,100.0,100.0,0.0,0.0,0,0.0,27,27,27,0.20506639999803156
27,8,0.2,0.001,{0.34},True,tabu_search,2,100.0,100.0,0.0,0.0,0,0.0,27,27,27,0.16092669998761266
27,8,0.2,0.001,{0.34},True,tabu_search,3,100.0,100.0,0.0,0.0,0,0.0,27,27,27,0.1530038000055356
27,8,0.2,0.001,{0.34},True,tabu_search,4,100.0,100.0,0.0,0.0,0,0.0,27,27,27,0.15474559999711346
27,8,0.4,0.001,{0.34},False,tabu_search,0,100.0,100.0,0.0,0.0,0,0.0,27,27,27,0.15323319999151863
27,8,0.4,0.001,{0.34},False,tabu_search,1,100.0,100.0,0.0,0.0,0,0.0,27,27,27,0.15832059999229386
27,8,0.4,0.001,{0.34},False,tabu_search,2,100.0,100.0,0.0,0.0,0,0.0,27,27,27,0.15204840000660624
27,8,0.4,0.001,{0.34},False,tabu_search,3,100.0,100.0,0.0,0.0,0,0.0,27,27,27,0.22299690000363626
27,8,0.4,0.001,{0.34},False,tabu_search,4,100.0,100.0,0.0,0.0,0,0.0,27,27,27,0.16589629999361932
27,8,0.4,0.001,{0.34},True,tabu_search,0,100.0,100.0,0.0,0.0,0,0.0,27,27,27,0.1577465000009397
27,8,0.4,0.001,{0.34},True,tabu_search,1,100.0,100.0,0.0,0.0,0,0.0,27,27,27,0.1550207000109367
27,8,0.4,0.001,{0.34},True,tabu_search,2,100.0,100.0,0.0,0.0,0,0.0,27,27,27,0.16202980000525713
27,8,0.4,0.001,{0.34},True,tabu_search,3,100.0,100.0,0.0,0.0,0,0.0,27,27,27,0.15156309999292716
27,8,0.4,0.001,{0.34},True,tabu_search,4,100.0,100.0,0.0,0.0,0,0.0,27,27,27,0.1945929000066826
27,8,0.8,0.001,{0.34},False,tabu_search,0,100.0,100.0,0.0,0.0,0,0.0,27,27,27,0.15915899998799432
27,8,0.8,0.001,{0.34},False,tabu_search,1,100.0,100.0,0.0,0.0,0,0.0,27,27,27,0.15513140000985004
27,8,0.8,0.001,{0.34},False,tabu_search,2,100.0,100.0,0.0,0.0,0,0.0,27,27,27,0.17380899999989197
27,8,0.8,0.001,{0.34},False,tabu_search,3,100.0,100.0,0.0,0.0,0,0.0,27,27,27,0.1552569999912521
27,8,0.8,0.001,{0.34},False,tabu_search,4,100.0,100.0,0.0,0.0,0,0.0,27,27,27,0.15253569999185856
27,8,0.8,0.001,{0.34},True,tabu_search,0,100.0,100.0,0.0,0.0,0,0.0,27,27,27,0.19130649999715388
27,8,0.8,0.001,{0.34},True,tabu_search,1,100.0,100.0,0.0,0.0,0,0.0,27,27,27,0.15291499999875668
27,8,0.8,0.001,{0.34},True,tabu_search,2,100.0,100.0,0.0,0.0,0,0.0,27,27,27,0.15514879999682307
27,8,0.8,0.001,{0.34},True,tabu_search,3,100.0,100.0,0.0,0.0,0,0.0,27,27,27,0.1519890000054147
27,8,0.8,0.001,{0.34},True,tabu_search,4,100.0,100.0,0.0,0.0,0,0.0,27,27,27,0.15482609999889974
27,8,1.0,0.001,{0.34},False,tabu_search,0,100.0,100.0,0.0,0.0,0,0.0,27,27,27,0.15572290000272915
27,8,1.0,0.001,{0.34},False,tabu_search,1,100.0,100.0,0.0,0.0,0,0.0,27,27,27,0.18704889999935403
27,8,1.0,0.001,{0.34},False,tabu_search,2,100.0,100.0,0.0,0.0,0,0.0,27,27,27,0.19587280000268947
27,8,1.0,0.001,{0.34},False,tabu_search,3,100.0,100.0,0.0,0.0,0,0.0,27,27,27,0.1578663999971468
27,8,1.0,0.001,{0.34},False,tabu_search,4,100.0,100.0,0.0,0.0,0,0.0,27,27,27,0.15538839998771437
27,8,1.0,0.001,{0.34},True,tabu_search,0,100.0,100.0,0.0,0.0,0,0.0,27,27,27,0.15313049999531358
27,8,1.0,0.001,{0.34},True,tabu_search,1,100.0,100.0,0.0,0.0,0,0.0,27,27,27,0.1588635000080103
27,8,1.0,0.001,{0.34},True,tabu_search,2,100.0,100.0,0.0,0.0,0,0.0,27,27,27,0.15246029999980237
27,8,1.0,0.001,{0.34},True,tabu_search,3,100.0,100.0,0.0,0.0,0,0.0,27,27,27,0.15453280000656378
27,8,1.0,0.001,{0.34},True,tabu_search,4,100.0,100.0,0.0,0.0,0,0.0,27,27,27,0.2165796000044793
28,8,0.0,0.001,{0.34},False,tabu_search,0,100.0,100.0,0.0,0.0,0,0.0,28,28,28,0.15942189999623224
28,8,0.0,0.001,{0.34},False,tabu_search,1,100.0,100.0,0.0,0.0,0,0.0,28,28,28,0.1651242999942042
28,8,0.0,0.001,{0.34},False,tabu_search,2,100.0,100.0,0.0,0.0,0,0.0,28,28,28,0.16348200000356883
28,8,0.0,0.001,{0.34},False,tabu_search,3,100.0,100.0,0.0,0.0,0,0.0,28,28,28,0.16000650000933092
28,8,0.0,0.001,{0.34},False,tabu_search,4,100.0,100.0,0.0,0.0,0,0.0,28,28,28,0.1715291000000434
28,8,0.0,0.001,{0.34},True,tabu_search,0,100.0,100.0,0.0,0.0,0,0.0,28,28,28,0.1952393999963533
28,8,0.0,0.001,{0.34},True,tabu_search,1,100.0,100.0,0.0,0.0,0,0.0,28,28,28,0.17063810001127422
28,8,0.0,0.001,{0.34},True,tabu_search,2,100.0,100.0,0.0,0.0,0,0.0,28,28,28,0.15941590000875294
28,8,0.0,0.001,{0.34},True,tabu_search,3,100.0,100.0,0.0,0.0,0,0.0,28,28,28,0.15833249999559484
28,8,0.0,0.001,{0.34},True,tabu_search,4,100.0,100.0,0.0,0.0,0,0.0,28,28,28,0.16609810000227299
28,8,0.2,0.001,{0.34},False,tabu_search,0,100.0,100.0,0.0,0.0,0,0.0,28,28,28,0.1987827999982983
28,8,0.2,0.001,{0.34},False,tabu_search,1,100.0,100.0,0.0,0.0,0,0.0,28,28,28,0.17784639999445062
28,8,0.2,0.001,{0.34},False,tabu_search,2,100.0,100.0,0.0,0.0,0,0.0,28,28,28,0.1623715000023367
28,8,0.2,0.001,{0.34},False,tabu_search,3,100.0,100.0,0.0,0.0,0,0.0,28,28,28,0.16862929999479093
28,8,0.2,0.001,{0.34},False,tabu_search,4,100.0,100.0,0.0,0.0,0,0.0,28,28,28,0.15875890001188964
28,8,0.2,0.001,{0.34},True,tabu_search,0,100.0,100.0,0.0,0.0,0,0.0,28,28,28,0.16326990000379737
28,8,0.2,0.001,{0.34},True,tabu_search,1,100.0,100.0,0.0,0.0,0,0.0,28,28,28,0.20706369999970775
28,8,0.2,0.001,{0.34},True,tabu_search,2,100.0,100.0,0.0,0.0,0,0.0,28,28,28,0.1632160000008298
28,8,0.2,0.001,{0.34},True,tabu_search,3,100.0,100.0,0.0,0.0,0,0.0,28,28,28,0.16074149998894427
28,8,0.2,0.001,{0.34},True,tabu_search,4,100.0,100.0,0.0,0.0,0,0.0,28,28,28,0.1635272999992594
28,8,0.4,0.001,{0.34},False,tabu_search,0,100.0,100.0,0.0,0.0,0,0.0,28,28,28,0.16159059999336023
28,8,0.4,0.001,{0.34},False,tabu_search,1,100.0,100.0,0.0,0.0,0,0.0,28,28,28,0.1593674000032479
28,8,0.4,0.001,{0.34},False,tabu_search,2,100.0,100.0,0.0,0.0,0,0.0,28,28,28,0.20103460000245832
28,8,0.4,0.001,{0.34},False,tabu_search,3,100.0,100.0,0.0,0.0,0,0.0,28,28,28,0.1561444999970263
28,8,0.4,0.001,{0.34},False,tabu_search,4,100.0,100.0,0.0,0.0,0,0.0,28,28,28,0.1578624999965541
28,8,0.4,0.001,{0.34},True,tabu_search,0,100.0,100.0,0.0,0.0,0,0.0,28,28,28,0.1735149000014644
28,8,0.4,0.001,{0.34},True,tabu_search,1,100.0,100.0,0.0,0.0,0,0.0,28,28,28,0.16595750000851694
28,8,0.4,0.001,{0.34},True,tabu_search,2,100.0,100.0,0.0,0.0,0,0.0,28,28,28,0.1606292999931611
28,8,0.4,0.001,{0.34},True,tabu_search,3,100.0,100.0,0.0,0.0,0,0.0,28,28,28,0.20147759999963455
28,8,0.4,0.001,{0.34},True,tabu_search,4,100.0,100.0,0.0,0.0,0,0.0,28,28,28,0.16086290001112502
28,8,0.8,0.001,{0.34},False,tabu_search,0,100.0,100.0,0.0,0.0,0,0.0,28,28,28,0.16501690000586677
28,8,0.8,0.001,{0.34},False,tabu_search,1,100.0,100.0,0.0,0.0,0,0.0,28,28,28,0.16149589999986347
28,8,0.8,0.001,{0.34},False,tabu_search,2,100.0,100.0,0.0,0.0,0,0.0,28,28,28,0.1668640999996569
28,8,0.8,0.001,{0.34},False,tabu_search,3,100.0,100.0,0.0,0.0,0,0.0,28,28,28,0.1621949999971548
28,8,0.8,0.001,{0.34},False,tabu_search,4,100.0,100.0,0.0,0.0,0,0.0,28,28,28,0.2216309000068577
28,8,0.8,0.001,{0.34},True,tabu_search,0,100.0,100.0,0.0,0.0,0,0.0,28,28,28,0.1634448999975575
28,8,0.8,0.001,{0.34},True,tabu_search,1,100.0,100.0,0.0,0.0,0,0.0,28,28,28,0.15629990000161342
28,8,0.8,0.001,{0.34},True,tabu_search,2,100.0,100.0,0.0,0.0,0,0.0,28,28,28,0.15943119999428745
28,8,0.8,0.001,{0.34},True,tabu_search,3,100.0,100.0,0.0,0.0,0,0.0,28,28,28,0.16222620000189636
28,8,0.8,0.001,{0.34},True,tabu_search,4,100.0,100.0,0.0,0.0,0,0.0,28,28,28,0.1608476000110386
28,8,1.0,0.001,{0.34},False,tabu_search,0,100.0,100.0,0.0,0.0,0,0.0,28,28,28,0.2036229000077583
28,8,1.0,0.001,{0.34},False,tabu_search,1,100.0,100.0,0.0,0.0,0,0.0,28,28,28,0.16961609999998473
28,8,1.0,0.001,{0.34},False,tabu_search,2,100.0,100.0,0.0,0.0,0,0.0,28,28,28,0.1605176000011852
28,8,1.0,0.001,{0.34},False,tabu_search,3,100.0,100.0,0.0,0.0,0,0.0,28,28,28,0.17579039999691304
28,8,1.0,0.001,{0.34},False,tabu_search,4,100.0,100.0,0.0,0.0,0,0.0,28,28,28,0.15515489999961574
28,8,1.0,0.001,{0.34},True,tabu_search,0,100.0,100.0,0.0,0.0,0,0.0,28,28,28,0.16158969998650718
28,8,1.0,0.001,{0.34},True,tabu_search,1,100.0,100.0,0.0,0.0,0,0.0,28,28,28,0.15720990000409074
28,8,1.0,0.001,{0.34},True,tabu_search,2,100.0,100.0,0.0,0.0,0,0.0,28,28,28,0.20737310001277365
28,8,1.0,0.001,{0.34},True,tabu_search,3,100.0,100.0,0.0,0.0,0,0.0,28,28,28,0.15655929999775253
28,8,1.0,0.001,{0.34},True,tabu_search,4,100.0,100.0,0.0,0.0,0,0.0,28,28,28,0.16446399998676497
29,8,0.0,0.001,{0.34},False,tabu_search,0,100.0,100.0,0.0,0.0,0,0.0,29,29,29,0.18668050000269432
29,8,0.0,0.001,{0.34},False,tabu_search,1,100.0,100.0,0.0,0.0,0,0.0,29,29,29,0.16705950000323355
29,8,0.0,0.001,{0.34},False,tabu_search,2,100.0,100.0,0.0,0.0,0,0.0,29,29,29,0.21097709999594372
29,8,0.0,0.001,{0.34},False,tabu_search,3,100.0,100.0,0.0,0.0,0,0.0,29,29,29,0.16698290000203997
29,8,0.0,0.001,{0.34},False,tabu_search,4,100.0,100.0,0.0,0.0,0,0.0,29,29,29,0.1625962999969488
29,8,0.0,0.001,{0.34},True,tabu_search,0,100.0,100.0,0.0,0.0,0,0.0,29,29,29,0.16633870000077877
29,8,0.0,0.001,{0.34},True,tabu_search,1,100.0,100.0,0.0,0.0,0,0.0,29,29,29,0.15925379999680445
29,8,0.0,0.001,{0.34},True,tabu_search,2,100.0,100.0,0.0,0.0,0,0.0,29,29,29,0.1625690999935614
29,8,0.0,0.001,{0.34},True,tabu_search,3,100.0,100.0,0.0,0.0,0,0.0,29,29,29,0.2082176999974763
29,8,0.0,0.001,{0.34},True,tabu_search,4,100.0,100.0,0.0,0.0,0,0.0,29,29,29,0.18239260000700597
29,8,0.2,0.001,{0.34},False,tabu_search,0,100.0,100.0,0.0,0.0,0,0.0,29,29,29,0.16889960000116844
29,8,0.2,0.001,{0.34},False,tabu_search,1,100.0,100.0,0.0,0.0,0,0.0,29,29,29,0.1679219999932684
29,8,0.2,0.001,{0.34},False,tabu_search,2,100.0,100.0,0.0,0.0,0,0.0,29,29,29,0.17458590000751428
29,8,0.2,0.001,{0.34},False,tabu_search,3,100.0,100.0,0.0,0.0,0,0.0,29,29,29,0.21404960000654683
29,8,0.2,0.001,{0.34},False,tabu_search,4,100.0,100.0,0.0,0.0,0,0.0,29,29,29,0.16219699999783188
29,8,0.2,0.001,{0.34},True,tabu_search,0,100.0,100.0,0.0,0.0,0,0.0,29,29,29,0.16614869999466464
29,8,0.2,0.001,{0.34},True,tabu_search,1,100.0,100.0,0.0,0.0,0,0.0,29,29,29,0.1681733000004897
29,8,0.2,0.001,{0.34},True,tabu_search,2,100.0,100.0,0.0,0.0,0,0.0,29,29,29,0.15859369999088813
29,8,0.2,0.001,{0.34},True,tabu_search,3,100.0,100.0,0.0,0.0,0,0.0,29,29,29,0.17794059999869205
29,8,0.2,0.001,{0.34},True,tabu_search,4,100.0,100.0,0.0,0.0,0,0.0,29,29,29,0.2097998999961419
29,8,0.4,0.001,{0.34},False,tabu_search,0,100.0,100.0,0.0,0.0,0,0.0,29,29,29,0.16398040000058245
29,8,0.4,0.001,{0.34},False,tabu_search,1,100.0,100.0,0.0,0.0,0,0.0,29,29,29,0.16519939999852795
29,8,0.4,0.001,{0.34},False,tabu_search,2,100.0,100.0,0.0,0.0,0,0.0,29,29,29,0.16473170000244863
29,8,0.4,0.001,{0.34},False,tabu_search,3,100.0,100.0,0.0,0.0,0,0.0,29,29,29,0.1737898999999743
29,8,0.4,0.001,{0.34},False,tabu_search,4,100.0,100.0,0.0,0.0,0,0.0,29,29,29,0.16346640000119805
29,8,0.4,0.001,{0.34},True,tabu_search,0,100.0,100.0,0.0,0.0,0,0.0,29,29,29,0.20859979999659117
29,8,0.4,0.001,{0.34},True,tabu_search,1,100.0,100.0,0.0,0.0,0,0.0,29,29,29,0.171634999991511
29,8,0.4,0.001,{0.34},True,tabu_search,2,100.0,100.0,0.0,0.0,0,0.0,29,29,29,0.1669077999977162
29,8,0.4,0.001,{0.34},True,tabu_search,3,100.0,100.0,0.0,0.0,0,0.0,29,29,29,0.1673218999931123
29,8,0.4,0.001,{0.34},True,tabu_search,4,100.0,100.0,0.0,0.0,0,0.0,29,29,29,0.16504939999140333
29,8,0.8,0.001,{0.34},False,tabu_search,0,100.0,100.0,0.0,0.0,0,0.0,29,29,29,0.2187399000104051
29,8,0.8,0.001,{0.34},False,tabu_search,1,100.0,100.0,0.0,0.0,0,0.0,29,29,29,0.16325480000523385
29,8,0.8,0.001,{0.34},False,tabu_search,2,100.0,100.0,0.0,0.0,0,0.0,29,29,29,0.1674048999993829
29,8,0.8,0.001,{0.34},False,tabu_search,3,100.0,100.0,0.0,0.0,0,0.0,29,29,29,0.16416050000407267
29,8,0.8,0.001,{0.34},False,tabu_search,4,100.0,100.0,0.0,0.0,0,0.0,29,29,29,0.16766649999772198
29,8,0.8,0.001,{0.34},True,tabu_search,0,100.0,100.0,0.0,0.0,0,0.0,29,29,29,0.1676969999971334
29,8,0.8,0.001,{0.34},True,tabu_search,1,100.0,100.0,0.0,0.0,0,0.0,29,29,29,0.2095019999978831
29,8,0.8,0.001,{0.34},True,tabu_search,2,100.0,100.0,0.0,0.0,0,0.0,29,29,29,0.16657699999632314
29,8,0.8,0.001,{0.34},True,tabu_search,3,100.0,100.0,0.0,0.0,0,0.0,29,29,29,0.1674985999998171
29,8,0.8,0.001,{0.34},True,tabu_search,4,100.0,100.0,0.0,0.0,0,0.0,29,29,29,0.1687983999872813
29,8,1.0,0.001,{0.34},False,tabu_search,0,100.0,100.0,0.0,0.0,0,0.0,29,29,29,0.17104790000303183
29,8,1.0,0.001,{0.34},False,tabu_search,1,100.0,100.0,0.0,0.0,0,0.0,29,29,29,0.1704152000020258
29,8,1.0,0.001,{0.34},False,tabu_search,2,100.0,100.0,0.0,0.0,0,0.0,29,29,29,0.21337820000189822
29,8,1.0,0.001,{0.34},False,tabu_search,3,100.0,100.0,0.0,0.0,0,0.0,29,29,29,0.17007519998878706
29,8,1.0,0.001,{0.34},False,tabu_search,4,100.0,100.0,0.0,0.0,0,0.0,29,29,29,0.1782035999931395
29,8,1.0,0.001,{0.34},True,tabu_search,0,100.0,100.0,0.0,0.0,0,0.0,29,29,29,0.16031379999185447
29,8,1.0,0.001,{0.34},True,tabu_search,1,100.0,100.0,0.0,0.0,0,0.0,29,29,29,0.15872740000486374
29,8,1.0,0.001,{0.34},True,tabu_search,2,100.0,100.0,0.0,0.0,0,0.0,29,29,29,0.1628842999925837
29,8,1.0,0.001,{0.34},True,tabu_search,3,100.0,100.0,0.0,0.0,0,0.0,29,29,29,0.2131022999965353
29,8,1.0,0.001,{0.34},True,tabu_search,4,100.0,100.0,0.0,0.0,0,0.0,29,29,29,0.16479080000135582
