num_of_agents,num_of_items,value_noise_ratio,algorithm,random_seed,utilitarian_value,egalitarian_value,max_envy,mean_envy,max_deficit,mean_deficit,num_with_top_1,num_with_top_2,num_with_top_3,runtime
100,25,0,iterated_maximum_matching_unadjusted,0,92.1210087345653,84.78747203579418,8.133971291866033,0.9831724270971572,0,0.0,100,100,100,0.4320577997714281
100,25,0,iterated_maximum_matching_unadjusted,1,96.13249690510449,88.91566265060241,6.349206349206355,0.376732181386319,0,0.0,100,100,100,0.4090332998894155
100,25,0,iterated_maximum_matching_unadjusted,2,87.86577516033768,77.32181425485962,8.101851851851848,0.8359899970475649,0,0.0,100,100,100,0.4009538001846522
100,25,0,iterated_maximum_matching_unadjusted,3,94.27122128170596,86.06194690265487,6.188118811881182,0.6439727107552984,0,0.0,100,100,100,0.36108589987270534
100,25,0,iterated_maximum_matching_unadjusted,4,84.18565602445611,75.40650406504065,9.147609147609145,1.4767523262016824,0,0.0,100,100,100,0.38924970012158155
100,25,0,iterated_maximum_matching_adjusted,0,92.1210087345653,84.78747203579418,8.133971291866033,0.9831724270971572,0,0.0,100,100,100,0.37749799992889166
100,25,0,iterated_maximum_matching_adjusted,1,96.13249690510449,88.91566265060241,6.349206349206355,0.376732181386319,0,0.0,100,100,100,0.4393965001218021
100,25,0,iterated_maximum_matching_adjusted,2,87.86577516033768,77.32181425485962,8.101851851851848,0.8359899970475649,0,0.0,100,100,100,0.38879860006272793
100,25,0,iterated_maximum_matching_adjusted,3,94.27122128170596,86.06194690265487,6.188118811881182,0.6439727107552984,0,0.0,100,100,100,0.4443761999718845
100,25,0,iterated_maximum_matching_adjusted,4,84.18565602445611,75.40650406504065,9.147609147609145,1.4767523262016824,0,0.0,100,100,100,0.40874290000647306
100,25,0,TTC_function,0,92.02273839491134,84.78747203579418,8.685446009389679,1.4743080922509073,0,0.0,100,100,100,0.05145220016129315
100,25,0,TTC_function,1,95.99191947351952,86.54353562005277,8.493150684931493,0.663860137599661,0,0.0,100,100,100,0.04615400009788573
100,25,0,TTC_function,2,87.59105395439052,75.52447552447552,10.722610722610725,1.5824306332122007,0,0.0,100,100,100,0.05538120004348457
100,25,0,TTC_function,3,94.30898078297805,85.1063829787234,10.401891252955082,0.9289918561362294,0,0.0,100,100,100,0.0696670999750495
100,25,0,TTC_function,4,84.00462491122697,69.68503937007874,16.141732283464563,2.4233544850133573,0,0.0,100,100,100,0.07971210009418428
100,25,0,SP_function,0,91.52385838517903,81.45695364238411,6.561085972850677,0.8722016647135624,0,0.0,100,100,100,0.04094680002890527
100,25,0,SP_function,1,95.72899678402874,87.71084337349397,4.221635883905009,0.4832461497150263,0,0.0,100,100,100,0.05740599986165762
100,25,0,SP_function,2,86.82754551523814,77.17391304347827,7.608695652173907,0.9538845470008911,0,0.0,100,100,100,0.06552609987556934
100,25,0,SP_function,3,93.84688206539724,86.21495327102804,5.5309734513274265,0.7087877932543262,0,0.0,100,100,100,0.046831300016492605
100,25,0,SP_function,4,83.1118313176841,72.23300970873787,8.932038834951456,1.2247950972762802,0,0.0,100,100,100,0.03881910000927746
100,25,0,TTC_O_function,0,92.14528089290616,84.78747203579418,8.133971291866033,1.0028684621551078,0,0.0,100,100,100,16.19541859999299
100,25,0,TTC_O_function,1,96.16228642127949,88.91566265060241,6.349206349206355,0.37837546234356223,0,0.0,100,100,100,15.59356449986808
100,25,0,TTC_O_function,2,87.86752266580322,77.32181425485962,7.870370370370367,0.8009581963303744,0,0.0,100,100,100,16.706654699984938
100,25,0,TTC_O_function,3,94.27492910758131,86.06194690265487,6.188118811881182,0.7003495666301984,0,0.0,100,100,100,36.170121300034225
100,25,0,TTC_O_function,4,84.17197845723963,75.40650406504065,9.147609147609145,1.4288481625089862,0,0.0,100,100,100,45.2166758000385
100,25,0,SP_O_function,0,92.14528089290616,84.78747203579418,8.133971291866033,1.0028684621551078,0,0.0,100,100,100,76.77245990000665
100,25,0,SP_O_function,1,96.16228642127949,88.91566265060241,6.349206349206355,0.37837546234356223,0,0.0,100,100,100,76.60651580011472
100,25,0,SP_O_function,2,87.86752266580322,77.32181425485962,7.870370370370367,0.8009581963303744,0,0.0,100,100,100,75.31584569998085
100,25,0,SP_O_function,3,94.27492910758131,86.06194690265487,6.188118811881182,0.7003495666301984,0,0.0,100,100,100,76.97753610019572
100,25,0,SP_O_function,4,84.17197845723963,75.40650406504065,9.147609147609145,1.4288481625089862,0,0.0,100,100,100,74.88133189990185
100,25,0,OC_function,0,92.78292899787073,78.35820895522389,18.159203980099505,3.508180983811745,0,0.0,95,96,98,8.413000100059435
100,25,0,OC_function,1,96.62555356100313,89.13649025069638,7.692307692307708,1.418413440862296,0,0.0,99,99,100,8.755060799885541
100,25,0,OC_function,2,88.47851949424889,74.70449172576832,24.822695035460995,7.940906606137369,0,0.0,97,99,100,11.132110400125384
100,25,0,OC_function,3,94.85662783095398,85.74821852731591,9.29095354523227,1.7535986089360256,0,0.0,98,100,100,8.807809500023723
100,25,0,OC_function,4,84.89120197727027,67.27642276422763,26.03036876355749,8.179546164387945,0,0.0,95,98,100,8.36850139987655
100,25,0.2,iterated_maximum_matching_unadjusted,0,94.1874926051366,84.95762711864407,5.882352941176478,0.7169073131600606,0,0.0,100,100,100,1.461322900140658
100,25,0.2,iterated_maximum_matching_unadjusted,1,97.27418546482212,90.33078880407125,3.053435114503813,0.1336317716207837,0,0.0,100,100,100,1.6065754001028836
100,25,0.2,iterated_maximum_matching_unadjusted,2,90.19718358039381,76.93798449612403,7.538802660753873,0.45963057406988894,0,0.0,100,100,100,1.3627859000116587
100,25,0.2,iterated_maximum_matching_unadjusted,3,95.53782642640239,88.5480572597137,6.54205607476635,0.4534828238711083,0,0.0,100,100,100,1.4826797998975962
100,25,0.2,iterated_maximum_matching_unadjusted,4,87.44913135198117,77.03984819734345,6.952965235173821,1.1083987951754872,0,0.0,100,100,100,1.4854381999466568
100,25,0.2,iterated_maximum_matching_adjusted,0,94.1874926051366,84.95762711864407,5.882352941176478,0.7169073131600606,0,0.0,100,100,100,1.5525603001005948
100,25,0.2,iterated_maximum_matching_adjusted,1,97.27418546482212,90.33078880407125,3.053435114503813,0.1336317716207837,0,0.0,100,100,100,1.674351700115949
100,25,0.2,iterated_maximum_matching_adjusted,2,90.19718358039381,76.93798449612403,7.538802660753873,0.45963057406988894,0,0.0,100,100,100,1.5665915999561548
100,25,0.2,iterated_maximum_matching_adjusted,3,95.53782642640239,88.5480572597137,6.54205607476635,0.4534828238711083,0,0.0,100,100,100,1.5944030000828207
100,25,0.2,iterated_maximum_matching_adjusted,4,87.44913135198117,77.03984819734345,6.952965235173821,1.1083987951754872,0,0.0,100,100,100,1.5250852999743074
100,25,0.2,TTC_function,0,94.11302399788993,84.95762711864407,7.299270072992712,1.0144449951198626,0,0.0,100,100,100,0.13227719999849796
100,25,0.2,TTC_function,1,97.26087083066295,88.19599109131403,5.277044854881282,0.2855082792876223,0,0.0,100,100,100,0.12415950000286102
100,25,0.2,TTC_function,2,89.84650440122763,76.14678899082568,11.697247706422019,1.0355537948690254,0,0.0,100,100,100,0.08184399991296232
100,25,0.2,TTC_function,3,95.34373952654416,86.95652173913044,7.327586206896541,0.6740649902369078,0,0.0,100,100,100,0.08607119997031987
100,25,0.2,TTC_function,4,87.34578663978697,75.17857142857143,13.152400835073067,2.2323751205765068,0,0.0,100,100,100,0.08207509992644191
100,25,0.2,SP_function,0,93.61795290752714,81.3953488372093,9.601873536299763,0.7301707121510214,0,0.0,100,100,100,0.04452629992738366
100,25,0.2,SP_function,1,96.86007890469001,88.19599109131403,7.304785894206546,0.26344350621612633,0,0.0,100,100,100,0.05599400005303323
100,25,0.2,SP_function,2,89.44553110745126,75.61475409836066,8.486238532110093,0.8857631352618555,0,0.0,100,100,100,0.057776999892666936
100,25,0.2,SP_function,3,95.3226385052344,88.5480572597137,5.443548387096783,0.5320459179979018,0,0.0,100,100,100,0.04592419997788966
100,25,0.2,SP_function,4,86.68065281954723,72.07678883071553,7.975460122699374,1.1025366787411115,0,0.0,100,100,100,0.08588110003620386
100,25,0.2,TTC_O_function,0,94.15619930352054,84.95762711864407,5.882352941176478,0.8308635464985573,0,0.0,100,100,100,18.72470139991492
100,25,0.2,TTC_O_function,1,97.32148545801431,90.33078880407125,3.053435114503813,0.15924633342629946,0,0.0,100,100,100,17.735011500073597
100,25,0.2,TTC_O_function,2,90.23163240986902,76.93798449612403,7.538802660753873,0.5056838138975062,0,0.0,100,100,100,17.19854460004717
100,25,0.2,TTC_O_function,3,95.51400887762941,88.34355828220859,5.443548387096783,0.4197771701769389,0,0.0,100,100,100,19.772112499922514
100,25,0.2,TTC_O_function,4,87.47302273088994,77.03984819734345,9.607843137254903,1.198815800824699,0,0.0,100,100,100,36.01378110004589
100,25,0.2,SP_O_function,0,94.15619930352054,84.95762711864407,5.882352941176478,0.8308635464985573,0,0.0,100,100,100,76.42153810011223
100,25,0.2,SP_O_function,1,97.2978602700198,90.33078880407125,3.053435114503813,0.1918974669275589,0,0.0,100,100,100,79.17305099987425
100,25,0.2,SP_O_function,2,90.23163240986902,76.93798449612403,7.538802660753873,0.5056838138975062,0,0.0,100,100,100,78.9558753001038
100,25,0.2,SP_O_function,3,95.52822591569094,88.34355828220859,5.443548387096783,0.39204155722002026,0,0.0,100,100,100,83.57593240006827
100,25,0.2,SP_O_function,4,87.4682083841366,77.03984819734345,9.607843137254903,1.2799874269074576,0,0.0,100,100,100,73.8433002999518
100,25,0.2,OC_function,0,94.63769630459254,80.49382716049382,16.049382716049394,1.8900050272760085,0,0.0,97,97,100,11.11317120003514
100,25,0.2,OC_function,1,97.68411889627988,91.91374663072777,7.182320441988949,0.6056127559597855,0,0.0,99,100,100,8.696995500009507
100,25,0.2,OC_function,2,90.8352923222813,78.03738317757009,21.26168224299066,4.597541009904793,0,0.0,98,99,100,8.237222600029781
100,25,0.2,OC_function,3,96.12294929155067,87.26851851851852,8.390022675736958,1.1417215945876087,0,0.0,99,100,100,11.233566999901086
100,25,0.2,OC_function,4,88.18297247473598,72.04301075268818,21.290322580645153,5.679055826926397,0,0.0,98,99,100,8.256436599884182
100,25,0.5,iterated_maximum_matching_unadjusted,0,95.89143135198594,86.6,6.800000000000011,0.2239339857307648,0,0.0,100,100,100,1.4334807000122964
100,25,0.5,iterated_maximum_matching_unadjusted,1,98.30663746554572,93.24324324324324,0.7058823529411598,0.00940074390411894,0,0.0,100,100,100,1.6802485000807792
100,25,0.5,iterated_maximum_matching_unadjusted,2,92.55965082803945,76.79856115107914,5.57553956834532,0.23692784023263527,0,0.0,100,100,100,1.4136107000522316
100,25,0.5,iterated_maximum_matching_unadjusted,3,96.80211173102289,88.4990253411306,4.651162790697683,0.14426320499260428,0,0.0,100,100,100,1.5096293000970036
100,25,0.5,iterated_maximum_matching_unadjusted,4,90.7649249495836,77.2893772893773,15.384615384615373,0.849348298248148,0,0.0,100,100,100,1.5619281001854688
100,25,0.5,iterated_maximum_matching_adjusted,0,95.89143135198594,86.6,6.800000000000011,0.2239339857307648,0,0.0,100,100,100,1.5243232001084834
100,25,0.5,iterated_maximum_matching_adjusted,1,98.30663746554572,93.24324324324324,0.7058823529411598,0.00940074390411894,0,0.0,100,100,100,1.6017273000907153
100,25,0.5,iterated_maximum_matching_adjusted,2,92.55965082803945,76.79856115107914,5.57553956834532,0.23692784023263527,0,0.0,100,100,100,1.587770099984482
100,25,0.5,iterated_maximum_matching_adjusted,3,96.80211173102289,88.4990253411306,4.651162790697683,0.14426320499260428,0,0.0,100,100,100,1.5713722999207675
100,25,0.5,iterated_maximum_matching_adjusted,4,90.7649249495836,77.2893772893773,15.384615384615373,0.849348298248148,0,0.0,100,100,100,1.540096800075844
100,25,0.5,TTC_function,0,95.79469213398878,83.77192982456141,6.800000000000011,0.46487800120236417,0,0.0,100,100,100,0.190126100089401
100,25,0.5,TTC_function,1,98.1673386022095,90.80188679245283,1.8867924528301927,0.06363382065543093,0,0.0,100,100,100,0.1924806998576969
100,25,0.5,TTC_function,2,92.48703841040383,76.79856115107914,9.395973154362423,0.5673081464125447,0,0.0,100,100,100,0.20624729990959167
100,25,0.5,TTC_function,3,96.69213921504681,87.52642706131078,5.139186295503208,0.18378929100026467,0,0.0,100,100,100,0.20093660010024905
100,25,0.5,TTC_function,4,90.5475568340404,77.2893772893773,15.384615384615373,1.046510582220875,0,0.0,100,100,100,0.1996800999622792
100,25,0.5,SP_function,0,95.56205229654655,86.8421052631579,2.8508771929824377,0.0963730638282918,0,0.0,100,100,100,0.15856949985027313
100,25,0.5,SP_function,1,98.09366631414794,91.0377358490566,2.364066193853418,0.07412136182652347,0,0.0,100,100,100,0.16800160007551312
100,25,0.5,SP_function,2,92.01848852393046,78.05755395683454,9.395973154362423,0.5111226824629697,0,0.0,100,100,100,0.1560692999046296
100,25,0.5,SP_function,3,96.57387630061865,89.2,3.426124197002153,0.14982262846546773,0,0.0,100,100,100,0.13958419999107718
100,25,0.5,SP_function,4,89.92612766765919,74.13509060955519,8.423326133909285,0.8254222912050446,0,0.0,100,100,100,0.14626229996792972
100,25,0.5,TTC_O_function,0,95.88626619185474,86.6,6.800000000000011,0.2609873870110579,0,0.0,100,100,100,46.06690960004926
100,25,0.5,TTC_O_function,1,98.28559507332562,93.24324324324324,0.7058823529411598,0.0070588235294115976,0,0.0,100,100,100,47.748194500105456
100,25,0.5,TTC_O_function,2,92.53091339642341,76.79856115107914,5.57553956834532,0.313621029110747,0,0.0,100,100,100,43.63067839993164
100,25,0.5,TTC_O_function,3,96.78058850420341,90.52224371373308,4.651162790697683,0.11498488097743817,0,0.0,100,100,100,51.00199589994736
100,25,0.5,TTC_O_function,4,90.77853208114722,77.2893772893773,15.384615384615373,0.8228857661885318,0,0.0,100,100,100,43.99847779981792
100,25,0.5,SP_O_function,0,95.88130255152917,86.6,6.800000000000011,0.24448905247216274,0,0.0,100,100,100,67.66325980005786
100,25,0.5,SP_O_function,1,98.30005626276828,93.24324324324324,0.7058823529411598,0.0070588235294115976,0,0.0,100,100,100,87.67175210011192
100,25,0.5,SP_O_function,2,92.54279263682547,76.79856115107914,5.57553956834532,0.26309843589061016,0,0.0,100,100,100,78.34732829988934
100,25,0.5,SP_O_function,3,96.78084149262916,90.52224371373308,4.651162790697683,0.13134479917784717,0,0.0,100,100,100,84.37056780001149
100,25,0.5,SP_O_function,4,90.77933945327652,77.2893772893773,15.384615384615373,0.8389950750475448,0,0.0,100,100,100,52.93012210004963
100,25,0.5,OC_function,0,96.34339595394924,82.9683698296837,13.381995133819956,0.7427032377619391,0,0.0,98,99,100,3.811432900140062
100,25,0.5,OC_function,1,98.59320960744567,94.33106575963718,3.2581453634085165,0.15115016649489746,0,0.0,99,100,100,4.026322399964556
100,25,0.5,OC_function,2,93.20222579115489,81.81818181818183,16.36363636363636,1.8955826619520695,0,0.0,100,100,100,3.0310488999821246
100,25,0.5,OC_function,3,97.31408071924321,88.66666666666667,6.487695749440718,0.5923914846168585,0,0.0,100,100,100,3.827265999978408
100,25,0.5,OC_function,4,91.3730834137851,77.33333333333333,17.142857142857153,2.995946180670539,0,0.0,100,100,100,3.1456342998426408
100,25,0.8,iterated_maximum_matching_unadjusted,0,96.98394728405955,88.2466281310212,4.780114722753353,0.15212213776036748,0,0.0,100,100,100,0.5010945999529213
100,25,0.8,iterated_maximum_matching_unadjusted,1,98.82999517776794,94.37229437229438,0.23201856148492084,0.0023201856148492082,0,0.0,100,100,100,0.5718108001165092
100,25,0.8,iterated_maximum_matching_unadjusted,2,94.20401808401398,81.57453936348409,7.2614107883817525,0.26560484115251126,0,0.0,100,100,100,0.5609048998448998
100,25,0.8,iterated_maximum_matching_unadjusted,3,97.63804896875871,91.05839416058394,3.308823529411754,0.09764934805862069,0,0.0,100,100,100,0.5447605000808835
100,25,0.8,iterated_maximum_matching_unadjusted,4,92.8862710310011,78.49462365591397,14.81481481481481,0.6502878195397206,0,0.0,100,100,100,0.5059104999527335
100,25,0.8,iterated_maximum_matching_adjusted,0,96.98394728405955,88.2466281310212,4.780114722753353,0.15212213776036748,0,0.0,100,100,100,0.643841200042516
100,25,0.8,iterated_maximum_matching_adjusted,1,98.82999517776794,94.37229437229438,0.23201856148492084,0.0023201856148492082,0,0.0,100,100,100,0.5859439999330789
100,25,0.8,iterated_maximum_matching_adjusted,2,94.20401808401398,81.57453936348409,7.2614107883817525,0.26560484115251126,0,0.0,100,100,100,0.4951345999725163
100,25,0.8,iterated_maximum_matching_adjusted,3,97.63804896875871,91.05839416058394,3.308823529411754,0.09764934805862069,0,0.0,100,100,100,0.6282862001098692
100,25,0.8,iterated_maximum_matching_adjusted,4,92.8862710310011,78.49462365591397,14.81481481481481,0.6502878195397206,0,0.0,100,100,100,0.5833179000765085
100,25,0.8,TTC_function,0,96.8873263246875,87.279843444227,6.915887850467286,0.21011364805892782,0,0.0,100,100,100,0.08172700018621981
100,25,0.8,TTC_function,1,98.7886453612903,94.53681710213777,0.0,0.0,0,0.0,100,100,100,0.07135319989174604
100,25,0.8,TTC_function,2,94.2639397432583,76.38190954773869,7.385229540918161,0.2838232849919842,0,0.0,100,100,100,0.08395240013487637
100,25,0.8,TTC_function,3,97.44478000519985,89.71428571428571,3.308823529411754,0.0942548568476856,0,0.0,100,100,100,0.08847770001739264
100,25,0.8,TTC_function,4,92.72134385340861,78.49462365591397,18.871252204585545,0.5732096400210058,0,0.0,100,100,100,0.08472879999317229
100,25,0.8,SP_function,0,96.69627357976756,88.2466281310212,1.2658227848101262,0.020710498960073948,0,0.0,100,100,100,0.06963249994441867
100,25,0.8,SP_function,1,98.68188108970926,91.52173913043478,0.4347826086956559,0.004347826086956559,0,0.0,100,100,100,0.056764999870210886
100,25,0.8,SP_function,2,93.97863727415746,76.38190954773869,7.2614107883817525,0.3959221700066932,0,0.0,100,100,100,0.06527030002325773
100,25,0.8,SP_function,3,97.26142417389879,89.8876404494382,3.597122302158269,0.12653705424353034,0,0.0,100,100,100,0.05633579986169934
100,25,0.8,SP_function,4,92.14987951144148,74.02190923317684,6.732348111658453,0.3744450689289937,0,0.0,100,100,100,0.054637699853628874
100,25,0.8,TTC_O_function,0,97.00074826563542,87.4766355140187,6.915887850467286,0.1899430599917663,0,0.0,100,100,100,18.203512100037187
100,25,0.8,TTC_O_function,1,98.86940755561109,95.02164502164501,0.0,0.0,0,0.0,100,100,100,18.20766199985519
100,25,0.8,TTC_O_function,2,94.20384724679417,82.6086956521739,7.2614107883817525,0.24997116431261956,0,0.0,100,100,100,18.132519099861383
100,25,0.8,TTC_O_function,3,97.63861406289803,91.05839416058394,3.308823529411754,0.06526839567766828,0,0.0,100,100,100,20.61347099998966
100,25,0.8,TTC_O_function,4,92.88021987384745,78.49462365591397,14.81481481481481,0.6975053574823851,0,0.0,100,100,100,17.799119899980724
100,25,0.8,SP_O_function,0,97.00074826563542,87.4766355140187,6.915887850467286,0.1899430599917663,0,0.0,100,100,100,30.521167899947613
100,25,0.8,SP_O_function,1,98.86940755561109,95.02164502164501,0.0,0.0,0,0.0,100,100,100,31.471882299985737
100,25,0.8,SP_O_function,2,94.20384724679417,82.6086956521739,7.2614107883817525,0.24997116431261956,0,0.0,100,100,100,29.919521000003442
100,25,0.8,SP_O_function,3,97.63861406289803,91.05839416058394,3.308823529411754,0.06526839567766828,0,0.0,100,100,100,33.43317630002275
100,25,0.8,SP_O_function,4,92.88021987384745,78.49462365591397,14.81481481481481,0.6975053574823851,0,0.0,100,100,100,29.854206699877977
100,25,0.8,OC_function,0,97.39201328460494,85.13189448441247,10.79136690647482,0.3381216666946754,0,0.0,99,100,100,4.329650599975139
100,25,0.8,OC_function,1,99.08655942287326,94.14634146341463,3.41463414634147,0.0341463414634147,0,0.0,99,100,100,3.0443647999782115
100,25,0.8,OC_function,2,94.7843292738164,84.68271334792122,11.159737417943106,0.993723132432141,0,0.0,100,100,100,3.106126799946651
100,25,0.8,OC_function,3,98.03598740141825,89.48497854077253,4.670912951167736,0.23649678528741247,0,0.0,100,100,100,4.070291199954227
100,25,0.8,OC_function,4,93.41526417359748,75.74074074074075,20.185185185185176,1.766651489100469,0,0.0,100,100,100,4.039636900182813
100,25,1,iterated_maximum_matching_unadjusted,0,97.61375039627376,90.44862518089725,1.607142857142847,0.044540807892981746,0,0.0,100,100,100,0.6305535999126732
100,25,1,iterated_maximum_matching_unadjusted,1,99.09779033726468,94.88752556237219,0.0,0.0,0,0.0,100,100,100,0.5545062001328915
100,25,1,iterated_maximum_matching_unadjusted,2,94.94458395408108,81.51125401929261,9.55518945634266,0.33722810746409393,0,0.0,100,100,100,0.5862984000705183
100,25,1,iterated_maximum_matching_unadjusted,3,98.05369317134073,91.3884007029877,1.6574585635359114,0.037245109572670715,0,0.0,100,100,100,0.5202378001995385
100,25,1,iterated_maximum_matching_unadjusted,4,93.85980764751456,82.2262118491921,9.793814432989691,0.4812235094863192,0,0.0,100,100,100,0.5437516998499632
100,25,1,iterated_maximum_matching_adjusted,0,97.61375039627376,90.44862518089725,1.607142857142847,0.044540807892981746,0,0.0,100,100,100,0.588915599975735
100,25,1,iterated_maximum_matching_adjusted,1,99.09779033726468,94.88752556237219,0.0,0.0,0,0.0,100,100,100,0.5986113999970257
100,25,1,iterated_maximum_matching_adjusted,2,94.94458395408108,81.51125401929261,9.55518945634266,0.33722810746409393,0,0.0,100,100,100,0.5596830998547375
100,25,1,iterated_maximum_matching_adjusted,3,98.05369317134073,91.3884007029877,1.6574585635359114,0.037245109572670715,0,0.0,100,100,100,0.5946768000721931
100,25,1,iterated_maximum_matching_adjusted,4,93.85980764751456,82.2262118491921,9.793814432989691,0.4812235094863192,0,0.0,100,100,100,0.6598393998574466
100,25,1,TTC_function,0,97.51422288059837,87.5478927203065,6.964285714285708,0.16954770332152336,0,0.0,100,100,100,0.06468989979475737
100,25,1,TTC_function,1,99.01578194453734,94.88,0.0,0.0,0,0.0,100,100,100,0.06376549997366965
100,25,1,TTC_function,2,94.96667077248281,77.33118971061094,4.989154013015181,0.14780795282309783,0,0.0,100,100,100,0.06994810001924634
100,25,1,TTC_function,3,97.9700568903569,90.4296875,4.1015625,0.07829766146611249,0,0.0,100,100,100,0.07397370017133653
100,25,1,TTC_function,4,93.82811425585128,76.52582159624414,18.55670103092784,0.6528715448317858,0,0.0,100,100,100,0.07146240002475679
100,25,1,SP_function,0,97.3057072806653,88.21428571428571,3.546099290780134,0.10341673888069863,0,0.0,100,100,100,0.0619273001793772
100,25,1,SP_function,1,98.89458467417465,94.88752556237219,0.0,0.0,0,0.0,100,100,100,0.0600834998767823
100,25,1,SP_function,2,94.7767578882711,81.51125401929261,3.036876355748376,0.1376710518210281,0,0.0,100,100,100,0.052100100088864565
100,25,1,SP_function,3,97.80595830165977,90.12567324955117,3.672787979966614,0.11797135911510935,0,0.0,100,100,100,0.045008999994024634
100,25,1,SP_function,4,93.1632112253258,73.97260273972603,8.828006088280063,0.435823290910656,0,0.0,100,100,100,0.06661990005522966
100,25,1,TTC_O_function,0,97.6326530852834,90.44862518089725,4.444444444444443,0.07490585563850771,0,0.0,100,100,100,20.04871519980952
100,25,1,TTC_O_function,1,99.11715831384163,94.06952965235173,0.0,0.0,0,0.0,100,100,100,21.4751667000819
100,25,1,TTC_O_function,2,94.9773879707694,81.51125401929261,9.55518945634266,0.3095167261774768,0,0.0,100,100,100,16.648512499872595
100,25,1,TTC_O_function,3,98.07997672462841,91.3884007029877,1.6574585635359114,0.01859887713333478,0,0.0,100,100,100,20.642507799901068
100,25,1,TTC_O_function,4,93.82201504636338,78.4570596797671,9.793814432989691,0.6012090955395828,0,0.0,100,100,100,16.84893750003539
100,25,1,SP_O_function,0,97.6326530852834,90.44862518089725,4.444444444444443,0.07490585563850771,0,0.0,100,100,100,31.933369500096887
100,25,1,SP_O_function,1,99.11715831384163,94.06952965235173,0.0,0.0,0,0.0,100,100,100,34.218807300087065
100,25,1,SP_O_function,2,94.9773879707694,81.51125401929261,9.55518945634266,0.3095167261774768,0,0.0,100,100,100,29.24590629991144
100,25,1,SP_O_function,3,98.07997672462841,91.3884007029877,1.6574585635359114,0.01859887713333478,0,0.0,100,100,100,33.010017700027674
100,25,1,SP_O_function,4,93.82201504636338,78.4570596797671,9.793814432989691,0.6012090955395828,0,0.0,100,100,100,42.70800339989364
100,25,1,OC_function,0,97.9326775812425,90.18036072144288,3.047619047619037,0.1349781426643915,0,0.0,100,100,100,11.92279429989867
100,25,1,OC_function,1,99.28825818389018,96.61733615221986,0.0,0.0,0,0.0,99,100,100,8.903527799993753
100,25,1,OC_function,2,95.54904562234809,85.7451403887689,7.643312101910823,0.7099009250255162,0,0.0,100,100,100,11.626070099882782
100,25,1,OC_function,3,98.3763847354603,93.75,3.663003663003664,0.15130236452546286,0,0.0,100,100,100,12.197090100031346
100,25,1,OC_function,4,94.33828539708703,79.50089126559715,14.081996434937608,1.3565155402862925,0,0.0,99,99,100,11.713093099882826
200,25,0,iterated_maximum_matching_unadjusted,0,57.36950706791848,45.59471365638766,10.632911392405063,2.70003182506052,1,1.0,147,193,198,2.77436099993065
200,25,0,iterated_maximum_matching_unadjusted,1,66.18241282065725,56.2962962962963,12.727272727272727,2.218867837848207,1,1.0,179,200,200,2.818939399905503
200,25,0,iterated_maximum_matching_unadjusted,2,57.59715457835988,46.910755148741416,13.163972286374126,2.6476805959584095,1,1.0,171,198,200,2.9563160999678075
200,25,0,iterated_maximum_matching_unadjusted,3,57.80979714727667,47.31182795698925,10.849056603773576,2.3305450448357012,1,1.0,193,200,200,2.617486400064081
200,25,0,iterated_maximum_matching_unadjusted,4,49.88241100086279,37.786259541984734,14.694656488549619,4.193247341578469,1,1.0,152,187,200,2.8990747001953423
200,25,0,iterated_maximum_matching_adjusted,0,57.36950706791848,45.59471365638766,10.632911392405063,2.70003182506052,1,1.0,147,193,198,2.843129300046712
200,25,0,iterated_maximum_matching_adjusted,1,66.18241282065725,56.2962962962963,12.727272727272727,2.218867837848207,1,1.0,179,200,200,2.9982737998943776
200,25,0,iterated_maximum_matching_adjusted,2,57.59715457835988,46.910755148741416,13.163972286374126,2.6476805959584095,1,1.0,171,198,200,3.0232491998467594
200,25,0,iterated_maximum_matching_adjusted,3,57.80979714727667,47.31182795698925,10.849056603773576,2.3305450448357012,1,1.0,193,200,200,2.7331735999323428
200,25,0,iterated_maximum_matching_adjusted,4,49.88241100086279,37.786259541984734,14.694656488549619,4.193247341578469,1,1.0,152,187,200,3.0447831999044865
200,25,0,TTC_function,0,56.91652310184268,43.16702819956616,14.942528735632187,3.606937808510176,1,1.0,150,191,200,0.4740748000331223
200,25,0,TTC_function,1,65.74379977108653,52.618453865336654,14.0625,2.7404916581897494,1,1.0,179,200,200,0.4775473000481725
200,25,0,TTC_function,2,57.19603625655583,44.8512585812357,13.27231121281465,3.141184251999481,1,1.0,169,196,200,0.4916754001751542
200,25,0,TTC_function,3,57.475138646056855,45.9051724137931,12.990196078431367,3.6480257738716273,1,1.0,191,199,200,0.49090289999730885
200,25,0,TTC_function,4,49.38066235215018,36.82170542635659,14.34108527131783,4.425322099817277,1,1.0,163,179,194,0.5229972000233829
200,25,0,SP_function,0,55.41561153554087,45.253863134657834,12.06896551724138,3.6885287751619327,1,1.0,150,191,200,0.46838909992948174
200,25,0,SP_function,1,64.04299292930592,53.61596009975062,11.369509043927657,1.9656052553955492,1,1.0,179,200,200,0.47588280006311834
200,25,0,SP_function,2,55.2733150512451,43.31896551724138,12.045454545454547,3.2840759934893295,1,1.0,169,196,200,0.4986151000484824
200,25,0,SP_function,3,56.02810284629628,42.82608695652174,14.858490566037737,3.0390310456567344,1,1.0,191,199,200,0.4671479999087751
200,25,0,SP_function,4,47.793973801273225,36.73870333988212,14.344262295081961,3.823469118294694,1,1.0,163,178,193,0.43766559986397624
200,25,0,TTC_O_function,0,57.36528612304176,45.37444933920705,10.632911392405063,2.5719167233179565,1,1.0,147,192,199,68.88095380016603
200,25,0,TTC_O_function,1,66.19567991556455,56.2962962962963,12.727272727272727,2.1904916367724816,1,1.0,179,200,200,178.09101590001956
200,25,0,TTC_O_function,2,57.60036865257778,46.910755148741416,12.322274881516584,2.529738058927365,1,1.0,170,199,200,23.976351500023156
200,25,0,TTC_O_function,3,57.814481251061395,47.11111111111111,11.111111111111114,2.41993378678052,2,1.2,194,200,200,30.359967599855736
200,25,0,TTC_O_function,4,49.91502637259941,39.35969868173258,13.524590163934427,4.152976137190901,1,1.0,153,187,199,23.82094069989398
200,25,0,SP_O_function,0,57.36561470114722,45.37444933920705,10.632911392405063,2.5410969962254737,1,1.0,147,192,199,35.38345169997774
200,25,0,SP_O_function,1,66.19501472340983,56.2962962962963,12.727272727272727,2.1863622430886314,1,1.0,179,200,200,43.8453055000864
200,25,0,SP_O_function,2,57.60079443725503,46.910755148741416,12.322274881516584,2.5733822359137046,1,1.0,170,199,200,37.93599289981648
200,25,0,SP_O_function,3,57.799637324539354,47.52688172043011,10.227272727272734,2.3893497045384464,2,1.2,194,200,200,44.60420150007121
200,25,0,SP_O_function,4,49.923763415197214,39.35969868173258,12.474012474012468,3.7266000410605358,1,1.0,153,187,199,38.6199397998862
200,25,0,OC_function,0,58.274170542492,0.0,80.19323671497585,20.409830326524023,6,1.0,131,162,182,11.431772800162435
200,25,0,OC_function,1,66.89196998037772,13.586956521739129,79.61956521739131,22.656608249233685,5,1.0,157,185,190,11.71223199996166
200,25,0,OC_function,2,58.31268959296992,7.322654462242563,75.7437070938215,27.116129780334305,5,1.0,149,168,173,11.404239800060168
200,25,0,OC_function,3,58.578168619307206,0.0,88.23529411764706,23.46611052725978,6,1.2,170,181,187,11.529332699952647
200,25,0,OC_function,4,50.81822504301333,0.0,79.14110429447854,26.387586828992244,6,1.0,130,147,161,11.563740199897438
200,25,0.2,iterated_maximum_matching_unadjusted,0,59.34616479012832,45.28301886792453,13.242009132420094,2.336695044935343,1,1.0,165,197,200,0.9001262998208404
200,25,0.2,iterated_maximum_matching_unadjusted,1,68.00382631688267,56.018518518518526,12.602739726027401,1.4249614352589592,1,1.0,186,200,200,0.8367532000411302
200,25,0.2,iterated_maximum_matching_unadjusted,2,60.03845625172818,47.136563876651984,13.689095127610202,1.9880729229633234,1,1.0,184,199,200,1.0691865000408143
200,25,0.2,iterated_maximum_matching_unadjusted,3,59.51468779069157,50.32119914346895,10.672853828306252,1.9840329098549214,1,1.0,200,200,200,0.9310427999589592
200,25,0.2,iterated_maximum_matching_unadjusted,4,52.51758018873371,40.3254972875226,14.889336016096578,3.347457566536588,1,1.0,164,194,200,0.8870347000192851
200,25,0.2,iterated_maximum_matching_adjusted,0,59.34616479012832,45.28301886792453,13.242009132420094,2.336695044935343,1,1.0,165,197,200,1.218210400082171
200,25,0.2,iterated_maximum_matching_adjusted,1,68.00382631688267,56.018518518518526,12.602739726027401,1.4249614352589592,1,1.0,186,200,200,1.508159999968484
200,25,0.2,iterated_maximum_matching_adjusted,2,60.03845625172818,47.136563876651984,13.689095127610202,1.9880729229633234,1,1.0,184,199,200,1.3693426998797804
200,25,0.2,iterated_maximum_matching_adjusted,3,59.51468779069157,50.32119914346895,10.672853828306252,1.9840329098549214,1,1.0,200,200,200,1.1434182000812143
200,25,0.2,iterated_maximum_matching_adjusted,4,52.51758018873371,40.3254972875226,14.889336016096578,3.347457566536588,1,1.0,164,194,200,2.015144399832934
200,25,0.2,TTC_function,0,58.93131973300128,43.829787234042556,15.2317880794702,2.8703858018719774,1,1.0,164,194,200,0.23087089997716248
200,25,0.2,TTC_function,1,67.59538162915278,53.47222222222222,11.989795918367356,2.157316598734823,1,1.0,186,200,200,0.20019399980083108
200,25,0.2,TTC_function,2,59.60473568743559,45.43478260869565,14.130434782608702,2.782149627221176,1,1.0,184,199,200,0.1818822999484837
200,25,0.2,TTC_function,3,59.143854898119635,45.53191489361702,12.971698113207552,2.930080449637268,1,1.0,198,199,200,0.20071889995597303
200,25,0.2,TTC_function,4,51.99909040500463,38.72832369942196,13.513513513513509,3.855222197262888,1,1.0,173,189,199,0.3526790998876095
200,25,0.2,SP_function,0,57.18221085001951,46.36752136752137,11.7096018735363,2.937807135467267,1,1.0,164,194,200,0.2524476998951286
200,25,0.2,SP_function,1,66.03893800240921,55.42986425339367,11.602209944751387,1.2574837931335683,1,1.0,186,200,200,0.6979549000971019
200,25,0.2,SP_function,2,57.7210835516072,45.43478260869565,11.233480176211458,2.575508487741906,1,1.0,184,199,200,0.5986977000720799
200,25,0.2,SP_function,3,57.5004786177757,45.073375262054505,11.250000000000007,2.512408263043417,1,1.0,198,199,200,0.7302310999948531
200,25,0.2,SP_function,4,50.30279182693101,40.471869328493646,11.44708423326135,2.5330612131907713,1,1.0,173,189,199,0.4078593000303954
200,25,0.2,TTC_O_function,0,59.38680206202013,47.5,10.021321961620465,2.3088397212762604,1,1.0,165,197,200,76.63187799998559
200,25,0.2,TTC_O_function,1,68.01334270460451,54.14746543778802,14.055299539170512,1.393560928115034,1,1.0,186,200,200,78.31140320003033
200,25,0.2,TTC_O_function,2,60.05308577263068,48.643410852713174,12.064965197215777,1.985619266737508,1,1.0,184,199,200,72.05764199979603
200,25,0.2,TTC_O_function,3,59.52814944090137,50.21739130434783,10.672853828306252,2.1338882505269923,2,1.2,200,200,200,61.546178800053895
200,25,0.2,TTC_O_function,4,52.526010672577556,40.3254972875226,14.889336016096578,3.3360674673989403,1,1.0,165,194,200,60.527568499790505
200,25,0.2,SP_O_function,0,59.38622515348721,47.5,10.021321961620465,2.2659965225666627,1,1.0,165,197,200,75.60473680007271
200,25,0.2,SP_O_function,1,68.0225263294395,54.14746543778802,14.055299539170512,1.4374983393908747,1,1.0,186,200,200,60.50588830001652
200,25,0.2,SP_O_function,2,60.04682808204529,48.643410852713174,13.457076566125288,2.0344221303624788,1,1.0,184,199,200,58.148288500029594
200,25,0.2,SP_O_function,3,59.51621709618916,50.21739130434783,10.043668122270745,2.021615263744974,2,1.2,200,200,200,59.93101980001666
200,25,0.2,SP_O_function,4,52.519692530361155,40.3254972875226,14.889336016096578,3.3889617267781733,1,1.0,165,194,200,59.93832780001685
200,25,0.2,OC_function,0,60.381762961017095,0.0,82.53588516746412,17.8148095200671,6,1.0,146,177,186,15.356587999965996
200,25,0.2,OC_function,1,68.79120521551356,13.984168865435356,78.10026385224275,19.09398707318187,5,1.0,170,186,191,15.58136780001223
200,25,0.2,OC_function,2,60.988871878227386,0.0,80.97345132743364,23.530107059896896,6,1.0,156,168,173,13.977027700049803
200,25,0.2,OC_function,3,60.3972712614067,0.0,79.35779816513761,19.440891557984255,6,1.2,173,182,188,16.525856100022793
200,25,0.2,OC_function,4,53.64461086348671,1.6326530612244898,81.42857142857143,24.452651837502252,5,1.0,139,156,168,13.145342299947515
200,25,0.5,iterated_maximum_matching_unadjusted,0,61.54869903082117,48.987854251012145,13.755458515283848,1.8676785144060097,1,1.0,177,198,200,1.4590222998522222
200,25,0.5,iterated_maximum_matching_unadjusted,1,69.9920801064548,55.27426160337553,13.502109704641349,1.0501420715401013,1,1.0,191,200,200,0.8300344999879599
200,25,0.5,iterated_maximum_matching_unadjusted,2,62.85090106431351,49.280575539568346,17.658730158730165,1.4162992946035526,1,1.0,190,199,200,0.9270019000396132
200,25,0.5,iterated_maximum_matching_unadjusted,3,61.55724746482769,50.71283095723014,11.496746203904557,1.590251318859324,1,1.0,200,200,200,0.9053595999721438
200,25,0.5,iterated_maximum_matching_unadjusted,4,55.36546807966428,40.53156146179402,18.397085610200364,2.9193160722911426,1,1.0,178,200,200,1.454172900179401
200,25,0.5,iterated_maximum_matching_adjusted,0,61.54869903082117,48.987854251012145,13.755458515283848,1.8676785144060097,1,1.0,177,198,200,2.8310475999023765
200,25,0.5,iterated_maximum_matching_adjusted,1,69.9920801064548,55.27426160337553,13.502109704641349,1.0501420715401013,1,1.0,191,200,200,1.6627809000201523
200,25,0.5,iterated_maximum_matching_adjusted,2,62.85090106431351,49.280575539568346,17.658730158730165,1.4162992946035526,1,1.0,190,199,200,2.0905897999182343
200,25,0.5,iterated_maximum_matching_adjusted,3,61.55724746482769,50.71283095723014,11.496746203904557,1.590251318859324,1,1.0,200,200,200,2.380450800061226
200,25,0.5,iterated_maximum_matching_adjusted,4,55.36546807966428,40.53156146179402,18.397085610200364,2.9193160722911426,1,1.0,178,200,200,1.837694700108841
200,25,0.5,TTC_function,0,61.140392941504395,44.3089430894309,14.937759336099582,2.744487600630352,1,1.0,177,197,200,0.4405090999789536
200,25,0.5,TTC_function,1,69.42937106138501,53.45622119815668,19.023136246786628,2.0369095903178627,1,1.0,191,200,200,0.3794857000466436
200,25,0.5,TTC_function,2,62.349725442729486,45.84178498985801,15.486725663716804,2.5773259575426137,1,1.0,191,200,200,0.40859020012430847
200,25,0.5,TTC_function,3,61.01118421552812,46.6403162055336,11.868131868131861,2.1194633940799092,1,1.0,200,200,200,0.42676020017825067
200,25,0.5,TTC_function,4,54.941193197314036,38.940809968847354,15.807560137457038,3.9986151155906056,1,1.0,185,195,200,0.37488300004042685
200,25,0.5,SP_function,0,59.45556092837718,44.71544715447154,11.949685534591204,2.093136845301201,1,1.0,177,197,200,0.21052700001746416
200,25,0.5,SP_function,1,67.90065122849938,54.52674897119342,10.165484633569747,1.10718118871102,1,1.0,191,200,200,0.3036988000385463
200,25,0.5,SP_function,2,60.37423006051576,48.333333333333336,12.831858407079636,1.974577393491201,1,1.0,191,200,200,0.2426306998822838
200,25,0.5,SP_function,3,59.52267635608698,47.76119402985074,10.828025477707001,2.018257260155707,1,1.0,200,200,200,0.23540130001492798
200,25,0.5,SP_function,4,52.84148648018851,39.875389408099686,12.474012474012483,2.5437376466134873,1,1.0,185,195,200,0.2090561999939382
200,25,0.5,TTC_O_function,0,61.59402928581626,48.987854251012145,13.755458515283848,1.7958469987496042,1,1.0,177,198,200,42.31621939991601
200,25,0.5,TTC_O_function,1,70.0520263147118,55.27426160337553,13.502109704641349,0.9893779657152515,1,1.0,191,200,200,41.42926639993675
200,25,0.5,TTC_O_function,2,62.82316255708724,49.280575539568346,19.246031746031747,1.4502353444296738,2,1.0,191,200,200,35.96105269994587
200,25,0.5,TTC_O_function,3,61.57023904315537,50.86705202312138,9.775967413441954,1.5238954234252244,2,1.2,200,200,200,36.197594000026584
200,25,0.5,TTC_O_function,4,55.36040338150718,40.53156146179402,18.397085610200364,2.8558219654444796,1,1.0,178,200,200,39.96417640009895
200,25,0.5,SP_O_function,0,61.5940102449914,48.987854251012145,15.283842794759835,1.7635957616316171,1,1.0,177,198,200,63.02669470012188
200,25,0.5,SP_O_function,1,70.0453837242874,55.27426160337553,13.502109704641349,1.0151040735281551,1,1.0,191,200,200,66.01159249991179
200,25,0.5,SP_O_function,2,62.829004971872564,49.280575539568346,19.246031746031747,1.519534392414619,2,1.0,191,200,200,59.301499699940905
200,25,0.5,SP_O_function,3,61.56285435453022,50.86705202312138,9.775967413441954,1.542794654892456,2,1.2,200,200,200,57.15094259986654
200,25,0.5,SP_O_function,4,55.36396962836988,40.53156146179402,18.397085610200364,2.881947824353854,1,1.0,178,200,200,59.534266400150955
200,25,0.5,OC_function,0,62.625892225814816,0.0,82.56880733944955,16.622033721736553,6,1.0,154,181,187,14.991629500174895
200,25,0.5,OC_function,1,70.85559066314082,0.0,86.36363636363636,16.230433277305128,6,1.0,175,184,191,15.25491110002622
200,25,0.5,OC_function,2,63.83889167126443,0.0,84.90566037735849,19.772991959876325,6,1.0,164,176,178,15.115672799991444
200,25,0.5,OC_function,3,62.39180937966552,0.0,88.27586206896552,19.495564504620095,6,1.2,183,188,190,16.12883109995164
200,25,0.5,OC_function,4,56.62740119499671,0.0,86.06060606060606,21.892881008815685,6,1.0,148,164,171,15.143662600079551
200,25,0.8,iterated_maximum_matching_unadjusted,0,63.22944364790823,50.18181818181818,13.347022587268995,1.6297949260189273,1,1.0,182,200,200,1.6094681001268327
200,25,0.8,iterated_maximum_matching_unadjusted,1,71.50378536332126,56.17760617760618,13.67346938775512,0.8218699136462603,1,1.0,193,200,200,1.2670066999271512
200,25,0.8,iterated_maximum_matching_unadjusted,2,64.75791900298748,47.06896551724138,17.84452296819788,1.1054004336829655,1,1.0,195,200,200,1.330664600012824
200,25,0.8,iterated_maximum_matching_unadjusted,3,63.144535318068854,51.68738898756661,9.62566844919786,1.2306806360048406,1,1.0,200,200,200,1.398203100077808
200,25,0.8,iterated_maximum_matching_unadjusted,4,57.47702121516496,41.78628389154705,13.866231647634585,2.6291864154226823,1,1.0,189,200,200,1.329929200001061
200,25,0.8,iterated_maximum_matching_adjusted,0,63.22944364790823,50.18181818181818,13.347022587268995,1.6297949260189273,1,1.0,182,200,200,1.3063532998785377
200,25,0.8,iterated_maximum_matching_adjusted,1,71.50378536332126,56.17760617760618,13.67346938775512,0.8218699136462603,1,1.0,193,200,200,1.3322230998892337
200,25,0.8,iterated_maximum_matching_adjusted,2,64.75791900298748,47.06896551724138,17.84452296819788,1.1054004336829655,1,1.0,195,200,200,1.5687078998889774
200,25,0.8,iterated_maximum_matching_adjusted,3,63.144535318068854,51.68738898756661,9.62566844919786,1.2306806360048406,1,1.0,200,200,200,1.5220376998186111
200,25,0.8,iterated_maximum_matching_adjusted,4,57.47702121516496,41.78628389154705,13.866231647634585,2.6291864154226823,1,1.0,189,200,200,1.3655987000092864
200,25,0.8,TTC_function,0,62.755659782198535,45.26112185686654,16.632016632016636,2.7962691791784677,1,1.0,182,200,200,0.40053860004991293
200,25,0.8,TTC_function,1,71.05370099550568,54.791154791154796,21.867321867321863,1.573080318970555,1,1.0,193,200,200,0.4045311000663787
200,25,0.8,TTC_function,2,64.31685966132433,46.26865671641791,15.053763440860209,2.267159800018186,1,1.0,195,200,200,0.6263079999480397
200,25,0.8,TTC_function,3,62.644316791781314,45.97902097902098,16.309012875536474,2.3033706687582662,1,1.0,200,200,200,0.36678569996729493
200,25,0.8,TTC_function,4,56.9434897696859,39.33236574746009,14.009661835748801,3.5164532562445148,1,1.0,191,198,200,0.37682490004226565
200,25,0.8,SP_function,0,60.81703221510016,49.19028340080971,12.121212121212118,1.952720645068511,1,1.0,182,200,200,0.30328089999966323
200,25,0.8,SP_function,1,69.31617987205935,53.59848484848485,13.02605210420841,0.9595857392315936,1,1.0,193,200,200,0.18718580016866326
200,25,0.8,SP_function,2,62.65886495228443,41.62348877374784,14.16234887737479,1.77090004381729,1,1.0,195,200,200,0.2732569999061525
200,25,0.8,SP_function,3,61.02305419490372,50.42918454935622,11.627906976744192,1.7475102913206075,1,1.0,200,200,200,0.21194160007871687
200,25,0.8,SP_function,4,54.824456971591346,39.906103286384976,11.619718309859152,2.199387220798107,1,1.0,191,198,200,0.23664009990170598
200,25,0.8,TTC_O_function,0,63.25138982775534,50.18181818181818,13.347022587268995,1.5484179525407609,1,1.0,182,200,200,40.98924560006708
200,25,0.8,TTC_O_function,1,71.52958580676746,56.17760617760618,13.513513513513516,0.8060159419669018,1,1.0,193,200,200,37.44703290006146
200,25,0.8,TTC_O_function,2,64.77511851931003,49.58123953098828,17.84452296819788,1.086073847928445,2,1.0,196,200,200,41.07224459992722
200,25,0.8,TTC_O_function,3,63.167704571260636,51.68738898756661,9.62566844919786,1.2054118155873588,2,1.2,200,200,200,35.707065699854866
200,25,0.8,TTC_O_function,4,57.476699748699474,41.78628389154705,13.992537313432841,2.63874136038702,1,1.0,189,200,200,37.971617200179026
200,25,0.8,SP_O_function,0,63.25140077957479,50.18181818181818,13.347022587268995,1.5464189983192234,1,1.0,182,200,200,61.20745279989205
200,25,0.8,SP_O_function,1,71.53072295689772,56.17760617760618,13.67346938775512,0.8167972112097369,1,1.0,193,200,200,58.93163609993644
200,25,0.8,SP_O_function,2,64.77344921145641,47.06896551724138,17.84452296819788,1.2185084578017362,2,1.0,196,200,200,63.79233240010217
200,25,0.8,SP_O_function,3,63.168071686580454,51.68738898756661,9.62566844919786,1.1737548424570166,2,1.2,200,200,200,58.62265809997916
200,25,0.8,SP_O_function,4,57.47605517299565,41.78628389154705,13.992537313432841,2.629024973458475,1,1.0,189,200,200,60.38874649978243
200,25,0.8,OC_function,0,64.28416583603202,0.0,82.23684210526315,15.132179974151631,6,1.0,160,181,184,10.34242679993622
200,25,0.8,OC_function,1,72.42923742503432,0.0,82.56880733944955,13.848481272552743,6,1.0,177,185,191,14.894145799800754
200,25,0.8,OC_function,2,65.93424862679962,0.0,84.82758620689656,17.242475832458123,6,1.0,170,179,184,15.664596799993888
200,25,0.8,OC_function,3,63.904817966903785,0.0,86.87089715536105,18.073666702332474,6,1.2,181,186,188,14.871205400209874
200,25,0.8,OC_function,4,58.74917109769622,0.0,84.18972332015811,19.28094221808149,6,1.0,154,169,173,15.585203400114551
200,25,1,iterated_maximum_matching_unadjusted,0,64.09454136838667,50.6108202443281,14.792899408284022,1.5290726207463063,1,1.0,192,200,200,1.2631123000755906
200,25,1,iterated_maximum_matching_unadjusted,1,72.36116851370927,56.672760511883006,13.711151736745883,0.7444605210717947,1,1.0,197,200,200,1.4054044000804424
200,25,1,iterated_maximum_matching_unadjusted,2,65.86651502510422,46.952224052718286,11.958762886597938,0.8539268803546812,1,1.0,195,200,200,1.265495999949053
200,25,1,iterated_maximum_matching_unadjusted,3,64.05442720888377,51.67785234899329,17.483660130718967,1.2329904400231302,1,1.0,200,200,200,1.4214900000952184
200,25,1,iterated_maximum_matching_unadjusted,4,58.593226780081075,42.331288343558285,15.754560530679932,2.5514038263704557,1,1.0,191,200,200,1.5606039001140743
200,25,1,iterated_maximum_matching_adjusted,0,64.09454136838667,50.6108202443281,14.792899408284022,1.5290726207463063,1,1.0,192,200,200,1.1698262998834252
200,25,1,iterated_maximum_matching_adjusted,1,72.36116851370927,56.672760511883006,13.711151736745883,0.7444605210717947,1,1.0,197,200,200,1.590040999930352
200,25,1,iterated_maximum_matching_adjusted,2,65.86651502510422,46.952224052718286,11.958762886597938,0.8539268803546812,1,1.0,195,200,200,1.2562794000841677
200,25,1,iterated_maximum_matching_adjusted,3,64.05442720888377,51.67785234899329,17.483660130718967,1.2329904400231302,1,1.0,200,200,200,1.5012157999444753
200,25,1,iterated_maximum_matching_adjusted,4,58.593226780081075,42.331288343558285,15.754560530679932,2.5514038263704557,1,1.0,191,200,200,1.6145353000611067
200,25,1,TTC_function,0,63.54971228666145,44.652908067542214,16.756756756756758,2.8778756726894117,1,1.0,190,200,200,0.34595429990440607
200,25,1,TTC_function,1,71.79668772841588,55.319148936170215,21.718377088305488,1.57114403806127,1,1.0,197,200,200,0.401776900049299
200,25,1,TTC_function,2,65.4404697941725,47.55244755244755,11.904761904761905,1.8354730076986487,1,1.0,195,200,200,0.3790033000987023
200,25,1,TTC_function,3,63.536754977785655,46.07679465776294,12.523364485981304,2.181223716265952,1,1.0,200,200,200,0.39425749983638525
200,25,1,TTC_function,4,58.01070896335899,39.77746870653686,16.666666666666664,3.629359838393989,1,1.0,193,199,200,0.4363287000451237
200,25,1,SP_function,0,61.73310149869737,45.40337711069418,11.570247933884296,2.006697329684877,1,1.0,190,200,200,0.22215440007857978
200,25,1,SP_function,1,70.34654619832098,54.44234404536862,8.83054892601433,0.8589637195051916,1,1.0,197,200,200,0.19501689984463155
200,25,1,SP_function,2,63.91436820363938,43.59400998336106,16.341030195381883,1.5276980861097413,1,1.0,195,200,200,0.2418565999250859
200,25,1,SP_function,3,61.79964422915773,50.559701492537314,11.838006230529594,1.6004204928079662,1,1.0,200,200,200,0.2350618001073599
200,25,1,SP_function,4,55.892080554379035,39.117199391171994,12.06030150753768,2.160474167013696,1,1.0,193,199,200,0.18345510005019605
200,25,1,TTC_O_function,0,64.10814563525726,50.6108202443281,13.214990138067066,1.4993926496097754,1,1.0,192,200,200,39.842364199925214
200,25,1,TTC_O_function,1,72.39489581201981,56.672760511883006,13.711151736745883,0.7654258944640705,1,1.0,197,200,200,43.517964700004086
200,25,1,TTC_O_function,2,65.89837244280439,46.952224052718286,11.958762886597938,0.7726032972131653,2,1.0,195,200,200,35.09003960015252
200,25,1,TTC_O_function,3,64.04382614594358,51.84563758389261,17.483660130718967,1.2160536513078342,2,1.2,200,200,200,45.406723299995065
200,25,1,TTC_O_function,4,58.608412077190785,42.331288343558285,15.754560530679932,2.384797995204012,1,1.0,191,200,200,39.66611659992486
200,25,1,SP_O_function,0,64.10647277543991,50.6108202443281,13.214990138067066,1.5160672592408309,1,1.0,192,200,200,70.94342599995434
200,25,1,SP_O_function,1,72.39541411582263,56.672760511883006,13.711151736745883,0.7751872827504045,1,1.0,197,200,200,68.16353789996356
200,25,1,SP_O_function,2,65.87461649443115,50.0,11.958762886597938,0.7848567356524078,2,1.0,195,200,200,57.79029079992324
200,25,1,SP_O_function,3,64.04073816526325,51.84563758389261,17.483660130718967,1.206102509070897,2,1.2,200,200,200,64.55655390000902
200,25,1,SP_O_function,4,58.61813967043716,42.331288343558285,15.754560530679932,2.306405681254824,1,1.0,191,200,200,56.62979999999516
200,25,1,OC_function,0,65.1057627254282,0.0,82.18884120171673,14.701877963233585,6,1.0,169,182,183,15.973653099965304
200,25,1,OC_function,1,73.15160623609047,0.0,81.29175946547885,13.136780529371835,6,1.0,177,187,192,11.672595700016245
200,25,1,OC_function,2,67.01201036556222,0.0,84.68468468468468,16.365056938000357,6,1.0,170,178,183,15.398099000100046
200,25,1,OC_function,3,64.72028419802614,0.0,87.44769874476988,17.70047401381162,6,1.2,182,187,188,16.021265899995342
200,25,1,OC_function,4,59.89356270827008,0.0,83.49514563106796,18.157910838367904,6,1.0,156,170,177,15.55538469995372
300,25,0,iterated_maximum_matching_unadjusted,0,39.1406215389593,27.43362831858407,18.457943925233643,5.6147842301133,3,2.6666666666666665,156,240,287,1.7918883999809623
300,25,0,iterated_maximum_matching_unadjusted,1,45.01083933585881,36.46408839779006,13.812154696132602,3.7274996182370033,3,2.6666666666666665,224,288,298,1.5218836998101324
300,25,0,iterated_maximum_matching_unadjusted,2,39.12003016435158,29.28416485900217,14.685314685314687,4.183439429445577,3,2.6666666666666665,188,269,290,1.7002314999699593
300,25,0,iterated_maximum_matching_unadjusted,3,39.238718271746606,30.59360730593607,14.187643020594965,4.662395759345852,3,2.6666666666666665,228,286,300,1.7082090000621974
300,25,0,iterated_maximum_matching_unadjusted,4,34.01682921850288,23.228346456692915,18.83116883116883,4.451659196308826,3,2.6666666666666665,155,212,246,1.6883839999791235
300,25,0,iterated_maximum_matching_adjusted,0,39.1406215389593,27.43362831858407,18.457943925233643,5.6147842301133,3,2.6666666666666665,156,240,287,1.8755347998812795
300,25,0,iterated_maximum_matching_adjusted,1,45.01083933585881,36.46408839779006,13.812154696132602,3.7274996182370033,3,2.6666666666666665,224,288,298,1.918995999963954
300,25,0,iterated_maximum_matching_adjusted,2,39.12003016435158,29.28416485900217,14.685314685314687,4.183439429445577,3,2.6666666666666665,188,269,290,1.9476185999810696
300,25,0,iterated_maximum_matching_adjusted,3,39.238718271746606,30.59360730593607,14.187643020594965,4.662395759345852,3,2.6666666666666665,228,286,300,1.7107799001969397
300,25,0,iterated_maximum_matching_adjusted,4,34.01682921850288,23.228346456692915,18.83116883116883,4.451659196308826,3,2.6666666666666665,155,212,246,1.8891936999280006
300,25,0,TTC_function,0,38.658511322402646,25.0,18.409090909090907,6.697027971022665,3,2.6666666666666665,180,231,265,0.5577364999335259
300,25,0,TTC_function,1,44.47190413970386,33.773087071240106,14.360313315926888,4.7643753367698025,3,2.6666666666666665,238,274,289,0.6161114000715315
300,25,0,TTC_function,2,38.681813474883235,27.44186046511628,17.51152073732718,5.727727930592758,3,2.6666666666666665,208,256,277,0.6919060999061912
300,25,0,TTC_function,3,38.80327347789029,26.72413793103448,18.243243243243246,6.237782820480688,3,2.6666666666666665,235,272,295,0.5900328999850899
300,25,0,TTC_function,4,33.47822221277306,18.726591760299627,16.468253968253965,4.916498260073171,3,2.6666666666666665,179,206,236,0.6040298000443727
300,25,0,SP_function,0,37.44016373856162,26.24113475177305,18.91252955082742,5.407978810529941,3,2.6666666666666665,179,224,264,0.397786500165239
300,25,0,SP_function,1,43.03762260144415,34.271099744245525,14.987080103359176,4.300122085455148,3,2.6666666666666665,238,271,290,0.3575816999655217
300,25,0,SP_function,2,37.317564723059746,29.28571428571429,13.317191283292978,4.363449174396503,3,2.6666666666666665,208,248,272,0.3901629999745637
300,25,0,SP_function,3,37.62154060022613,28.23275862068966,15.151515151515156,5.31983667764686,3,2.6666666666666665,234,269,297,0.42166779981926084
300,25,0,SP_function,4,32.34258935092323,22.085889570552148,14.925373134328357,4.4052980546171545,3,2.6666666666666665,179,191,221,0.32113060005940497
300,25,0,TTC_O_function,0,39.138324486004144,27.43362831858407,15.024630541871922,5.499883438512663,3,2.6666666666666665,157,240,286,49.4827945001889
300,25,0,TTC_O_function,1,45.02537627838802,35.14986376021799,14.713896457765657,3.785692942687905,3,2.6666666666666665,227,285,297,50.983942499849945
300,25,0,TTC_O_function,2,39.126405275003826,28.893905191873586,17.48251748251748,4.287957709558349,3,2.6666666666666665,192,269,289,49.54740820010193
300,25,0,TTC_O_function,3,39.25053942451243,30.718954248366014,13.667425968109338,4.630478147903193,3,2.8,228,286,300,62.964783400064334
300,25,0,TTC_O_function,4,34.01804026078421,23.228346456692915,17.532467532467535,4.239654741396526,3,2.6666666666666665,155,212,246,52.26960200001486
300,25,0,SP_O_function,0,39.13895167417752,27.43362831858407,14.893617021276597,5.308939728149023,3,2.6666666666666665,157,240,286,71.02379720006138
300,25,0,SP_O_function,1,45.02833190398023,35.30927835051546,12.234042553191486,3.3799294411210417,3,2.6666666666666665,227,285,297,72.91905259992927
300,25,0,SP_O_function,2,39.12370080915389,29.28416485900217,17.48251748251748,4.157150409826646,3,2.6666666666666665,192,269,289,73.81360249989666
300,25,0,SP_O_function,3,39.25426267208071,30.76923076923077,13.439635535307517,4.520770534804217,3,2.8,228,286,300,86.6527652000077
300,25,0,SP_O_function,4,34.017961950289816,23.228346456692915,17.532467532467535,3.9167016926351894,3,2.6666666666666665,155,212,246,75.56964690005407
300,25,0,OC_function,0,39.72099407589934,0.0,79.22705314009661,33.96566501795758,6,2.6666666666666665,144,191,221,28.297430199803784
300,25,0,OC_function,1,45.55548698650882,0.0,95.1086956521739,42.068929190267696,6,2.6666666666666665,192,229,243,24.620759699959308
300,25,0,OC_function,2,39.767498774060186,0.0,84.18491484184914,36.5105877256514,6,2.6666666666666665,170,207,216,24.689734499901533
300,25,0,OC_function,3,39.73965135269876,0.0,89.87951807228916,39.639633505765424,6,2.8,205,227,238,18.920913700014353
300,25,0,OC_function,4,34.77867907340521,0.0,74.47698744769873,35.807897203580666,6,2.6666666666666665,147,175,192,32.76435730000958
300,25,0.2,iterated_maximum_matching_unadjusted,0,40.72372443001171,27.370689655172413,17.241379310344833,5.328858006845991,3,2.6666666666666665,181,265,293,1.8719091000966728
300,25,0.2,iterated_maximum_matching_unadjusted,1,46.48191190830773,37.03703703703704,15.403422982885083,3.1076377189224162,3,2.6666666666666665,245,293,299,1.8042067000642419
300,25,0.2,iterated_maximum_matching_unadjusted,2,41.01291820402593,29.64509394572025,15.483870967741936,4.010490232092255,3,2.6666666666666665,217,277,294,2.031012599822134
300,25,0.2,iterated_maximum_matching_unadjusted,3,40.587081366153484,29.86111111111111,15.04629629629629,4.607035239391278,3,2.6666666666666665,247,291,300,1.791478900006041
300,25,0.2,iterated_maximum_matching_unadjusted,4,36.01657427298831,23.076923076923077,17.735042735042732,4.215807313092652,3,2.6666666666666665,171,227,264,1.8590955999679863
300,25,0.2,iterated_maximum_matching_adjusted,0,40.72372443001171,27.370689655172413,17.241379310344833,5.328858006845991,3,2.6666666666666665,181,265,293,1.8332197000272572
300,25,0.2,iterated_maximum_matching_adjusted,1,46.48191190830773,37.03703703703704,15.403422982885083,3.1076377189224162,3,2.6666666666666665,245,293,299,1.6134693999774754
300,25,0.2,iterated_maximum_matching_adjusted,2,41.01291820402593,29.64509394572025,15.483870967741936,4.010490232092255,3,2.6666666666666665,217,277,294,2.061481999931857
300,25,0.2,iterated_maximum_matching_adjusted,3,40.587081366153484,29.86111111111111,15.04629629629629,4.607035239391278,3,2.6666666666666665,247,291,300,1.8057370998430997
300,25,0.2,iterated_maximum_matching_adjusted,4,36.01657427298831,23.076923076923077,17.735042735042732,4.215807313092652,3,2.6666666666666665,171,227,264,2.161187499994412
300,25,0.2,TTC_function,0,40.21354634211908,25.744680851063826,19.12087912087912,6.141331315685393,3,2.6666666666666665,206,244,272,0.540676899952814
300,25,0.2,TTC_function,1,46.09518085355091,33.57142857142857,15.189873417721522,4.086736006254054,3,2.6666666666666665,257,281,292,0.6149358998518437
300,25,0.2,TTC_function,2,40.47937880150107,26.185101580135438,16.629213483146074,4.757337533720855,3,2.6666666666666665,232,269,284,0.5933353998698294
300,25,0.2,TTC_function,3,40.041101969890285,26.260504201680675,18.49315068493151,6.0103163702121885,3,2.6666666666666665,250,278,296,0.6557251000776887
300,25,0.2,TTC_function,4,35.54700340119871,19.298245614035086,19.298245614035086,5.548254218817296,3,2.6666666666666665,193,223,252,0.6036147000268102
300,25,0.2,SP_function,0,38.66052032827507,25.995807127882596,14.220183486238533,5.307816268709092,3,2.6666666666666665,206,240,270,0.3359795000869781
300,25,0.2,SP_function,1,44.334559071399056,35.76470588235294,12.332439678284175,3.4856540820314126,3,2.6666666666666665,257,277,294,0.31394440005533397
300,25,0.2,SP_function,2,39.11777395028285,30.062630480167012,15.602836879432623,4.06800502268446,3,2.6666666666666665,230,259,281,0.3719699000939727
300,25,0.2,SP_function,3,38.64751222494273,29.795918367346943,14.964370546318289,4.610522837381223,3,2.6666666666666665,250,276,298,0.4216666000429541
300,25,0.2,SP_function,4,34.20490844873502,21.454545454545453,13.877551020408166,4.530280458744838,3,2.6666666666666665,193,212,241,0.32686719996854663
300,25,0.2,TTC_O_function,0,40.73242542431172,27.370689655172413,17.29490022172949,5.366967112661704,3,2.6666666666666665,184,263,292,49.05762289999984
300,25,0.2,TTC_O_function,1,46.49790677183934,37.34015345268542,12.600536193029491,3.03144651147612,3,2.6666666666666665,247,293,299,58.38242679997347
300,25,0.2,TTC_O_function,2,41.00030841212948,29.64509394572025,14.80637813211846,3.728511906945709,3,2.6666666666666665,218,279,294,56.48110030009411
300,25,0.2,TTC_O_function,3,40.58697278501472,29.86111111111111,14.942528735632195,4.661731627211571,3,2.8,246,292,300,47.56069299997762
300,25,0.2,TTC_O_function,4,36.02337147068176,23.076923076923077,17.735042735042732,4.1748717649164115,3,2.6666666666666665,169,227,262,56.033208900131285
300,25,0.2,SP_O_function,0,40.72684381098818,27.370689655172413,17.073170731707318,5.285011895116825,3,2.6666666666666665,184,263,292,68.8619722998701
300,25,0.2,SP_O_function,1,46.49317495735192,37.34015345268542,13.554987212276217,2.874489489579293,3,2.6666666666666665,247,293,299,79.04665530007333
300,25,0.2,SP_O_function,2,41.00314415586451,29.64509394572025,14.80637813211846,3.710820259580524,3,2.6666666666666665,218,279,294,71.01310779992491
300,25,0.2,SP_O_function,3,40.59126321314444,29.86111111111111,14.942528735632195,4.466112593711845,3,2.8,246,292,300,74.2826935001649
300,25,0.2,SP_O_function,4,36.026920386768914,23.076923076923077,17.735042735042732,3.6254383868432045,3,2.6666666666666665,169,227,262,79.92462659999728
300,25,0.2,OC_function,0,41.394106329676966,0.0,84.19753086419753,32.40340693231011,6,2.6666666666666665,167,204,227,25.94964490015991
300,25,0.2,OC_function,1,47.0946575263899,0.0,95.77836411609498,36.39569731880622,6,2.6666666666666665,211,238,250,32.677482299972326
300,25,0.2,OC_function,2,41.85648984524152,0.0,84.26150121065376,33.7166432923241,6,2.6666666666666665,179,208,218,26.20579500007443
300,25,0.2,OC_function,3,41.157236861389336,0.0,77.1689497716895,32.55092928466647,6,2.8,211,229,236,25.922964399913326
300,25,0.2,OC_function,4,37.03813033713681,0.0,85.18518518518519,35.84744523052478,6,2.6666666666666665,160,187,203,32.05615680012852
300,25,0.5,iterated_maximum_matching_unadjusted,0,42.44181124511805,27.86885245901639,17.832957110609478,4.828233169727747,3,2.6666666666666665,205,280,297,1.565984999993816
300,25,0.5,iterated_maximum_matching_unadjusted,1,48.144819058500076,36.99551569506727,15.022421524663677,2.6389023685455624,3,2.6666666666666665,259,295,300,1.559633299941197
300,25,0.5,iterated_maximum_matching_unadjusted,2,43.138875055565364,29.62226640159046,14.592274678111593,3.2128469939786863,3,2.6666666666666665,228,284,297,1.9205360999330878
300,25,0.5,iterated_maximum_matching_unadjusted,3,42.16786161991922,30.444444444444446,14.879649890590805,4.152036519692752,3,2.6666666666666665,264,299,300,1.7427939001936466
300,25,0.5,iterated_maximum_matching_unadjusted,4,38.25217153849179,24.014336917562723,16.733870967741943,3.5620165161694355,3,2.6666666666666665,186,246,276,1.8673988999798894
300,25,0.5,iterated_maximum_matching_adjusted,0,42.44181124511805,27.86885245901639,17.832957110609478,4.828233169727747,3,2.6666666666666665,205,280,297,2.0744467999320477
300,25,0.5,iterated_maximum_matching_adjusted,1,48.144819058500076,36.99551569506727,15.022421524663677,2.6389023685455624,3,2.6666666666666665,259,295,300,1.8012956001330167
300,25,0.5,iterated_maximum_matching_adjusted,2,43.138875055565364,29.62226640159046,14.592274678111593,3.2128469939786863,3,2.6666666666666665,228,284,297,1.7727552000433207
300,25,0.5,iterated_maximum_matching_adjusted,3,42.16786161991922,30.444444444444446,14.879649890590805,4.152036519692752,3,2.6666666666666665,264,299,300,1.836312800180167
300,25,0.5,iterated_maximum_matching_adjusted,4,38.25217153849179,24.014336917562723,16.733870967741943,3.5620165161694355,3,2.6666666666666665,186,246,276,1.7661556999664754
300,25,0.5,TTC_function,0,41.899790949019255,24.46183953033268,19.29046563192905,5.6627982207016405,3,2.6666666666666665,227,260,283,0.5199923000764102
300,25,0.5,TTC_function,1,47.694059417452536,29.89010989010989,17.362637362637358,3.7365174142386643,3,2.6666666666666665,268,285,298,0.6203387000132352
300,25,0.5,TTC_function,2,42.5428376900269,27.114967462039047,16.48822269807281,4.749498454797003,3,2.6666666666666665,247,274,287,0.5929101998917758
300,25,0.5,TTC_function,3,41.53638893845624,26.27450980392157,17.45098039215686,5.561539799459081,3,2.6666666666666665,265,291,298,0.6092475999612361
300,25,0.5,TTC_function,4,37.755175421322775,19.193857965451055,19.961612284069094,5.893012362787359,3,2.6666666666666665,207,238,257,0.6294956998899579
300,25,0.5,SP_function,0,39.99478295628197,28.105906313645622,15.670103092783506,4.9249185679747125,3,2.6666666666666665,226,257,282,0.3816394000314176
300,25,0.5,SP_function,1,45.989044824381885,33.411764705882355,12.941176470588232,2.8744185140540948,3,2.6666666666666665,268,285,298,0.3903928000945598
300,25,0.5,SP_function,2,41.02876796306563,29.718004338394792,15.231788079470206,4.107797770230616,3,2.6666666666666665,247,271,286,0.3328054999001324
300,25,0.5,SP_function,3,39.8483049605787,29.433962264150942,16.666666666666668,4.6853648498339275,3,2.6666666666666665,265,291,298,0.37431099987588823
300,25,0.5,SP_function,4,36.08864863093345,20.48872180451128,17.979797979797983,4.747817733827643,3,2.6666666666666665,207,226,247,0.3585163000971079
300,25,0.5,TTC_O_function,0,42.462954650521645,27.86885245901639,17.788461538461544,4.838124350122885,3,2.6666666666666665,203,280,297,42.46634240006097
300,25,0.5,TTC_O_function,1,48.14764244446351,36.99551569506727,15.022421524663677,2.5086360000149597,3,2.6666666666666665,261,295,300,41.8834464000538
300,25,0.5,TTC_O_function,2,43.13985711352555,29.233870967741936,16.33064516129032,3.230289706625658,3,2.6666666666666665,229,283,296,42.37765059992671
300,25,0.5,TTC_O_function,3,42.15430981531358,30.0796812749004,15.139442231075694,4.193268785160796,3,2.8,264,300,300,57.69534720014781
300,25,0.5,TTC_O_function,4,38.24917776694189,23.214285714285715,17.741935483870975,3.493223163401292,3,2.6666666666666665,186,247,277,43.65515620005317
300,25,0.5,SP_O_function,0,42.465354610389625,27.86885245901639,17.788461538461544,4.708921316210267,3,2.6666666666666665,203,280,297,67.06998989987187
300,25,0.5,SP_O_function,1,48.15518033680337,36.99551569506727,15.022421524663677,2.4790102940605294,3,2.6666666666666665,261,295,300,66.92573349992745
300,25,0.5,SP_O_function,2,43.14417659839829,29.233870967741936,16.33064516129032,3.2219077973352004,3,2.6666666666666665,229,283,296,67.59437520010397
300,25,0.5,SP_O_function,3,42.15549752396532,30.444444444444446,14.879649890590805,4.139519579017838,3,2.8,264,300,300,83.26806999999098
300,25,0.5,SP_O_function,4,38.24996114945325,23.214285714285715,17.741935483870975,3.572350514942825,3,2.6666666666666665,186,247,277,69.43901009997353
300,25,0.5,OC_function,0,43.21445948953083,0.0,85.09615384615384,30.892941421079456,6,2.6666666666666665,180,211,226,24.599205899983644
300,25,0.5,OC_function,1,48.8645401148375,0.0,99.24812030075188,31.700703082679315,6,2.6666666666666665,214,241,250,25.408976200036705
300,25,0.5,OC_function,2,44.24789117324431,0.0,78.26086956521739,29.022195345312024,6,2.6666666666666665,190,215,224,25.042721699923277
300,25,0.5,OC_function,3,42.7443136183893,0.0,91.87358916478556,32.957507664787066,6,2.8,215,230,238,24.258915700018406
300,25,0.5,OC_function,4,39.49042035638378,0.0,86.64047151277013,33.50461656068889,6,2.6666666666666665,171,196,212,24.986365099903196
300,25,0.8,iterated_maximum_matching_unadjusted,0,43.81537134205374,28.07017543859649,20.26022304832714,4.444621158950279,3,2.6666666666666665,213,286,297,1.8912665001116693
300,25,0.8,iterated_maximum_matching_unadjusted,1,49.40426460808358,37.47412008281574,15.306122448979586,2.2139330258947623,3,2.6666666666666665,270,297,300,1.8821088999975473
300,25,0.8,iterated_maximum_matching_unadjusted,2,44.75781574373595,30.134357005758154,15.873015873015873,3.2812052776091467,3,2.6666666666666665,244,292,298,1.7272119999397546
300,25,0.8,iterated_maximum_matching_unadjusted,3,43.374698438580275,30.902111324376197,15.355086372360848,3.9601361475023076,3,2.6666666666666665,273,300,300,1.5913520001340657
300,25,0.8,iterated_maximum_matching_unadjusted,4,39.896490599797005,23.711340206185564,16.7910447761194,3.4178658537790656,3,2.6666666666666665,205,260,284,1.9576075000222772
300,25,0.8,iterated_maximum_matching_adjusted,0,43.81537134205374,28.07017543859649,20.26022304832714,4.444621158950279,3,2.6666666666666665,213,286,297,1.7643667000811547
300,25,0.8,iterated_maximum_matching_adjusted,1,49.40426460808358,37.47412008281574,15.306122448979586,2.2139330258947623,3,2.6666666666666665,270,297,300,1.8233415000140667
300,25,0.8,iterated_maximum_matching_adjusted,2,44.75781574373595,30.134357005758154,15.873015873015873,3.2812052776091467,3,2.6666666666666665,244,292,298,2.2873248998075724
300,25,0.8,iterated_maximum_matching_adjusted,3,43.374698438580275,30.902111324376197,15.355086372360848,3.9601361475023076,3,2.6666666666666665,273,300,300,1.673957300139591
300,25,0.8,iterated_maximum_matching_adjusted,4,39.896490599797005,23.711340206185564,16.7910447761194,3.4178658537790656,3,2.6666666666666665,205,260,284,1.7408854998648167
300,25,0.8,TTC_function,0,43.103183579583686,24.493927125506072,21.971252566735107,5.734844802465408,3,2.6666666666666665,234,266,287,0.578775100177154
300,25,0.8,TTC_function,1,48.81085272144327,33.02752293577982,17.96008869179601,3.9234022398863098,3,2.6666666666666665,274,293,300,0.5631639000494033
300,25,0.8,TTC_function,2,44.247105364485314,25.53606237816764,21.247563352826507,5.164030086770464,3,2.6666666666666665,254,280,291,0.6154887999873608
300,25,0.8,TTC_function,3,42.71679569725651,25.616698292220114,18.816067653276956,5.200056921109386,3,2.6666666666666665,273,293,298,0.5715332000982016
300,25,0.8,TTC_function,4,39.41103324430963,19.17808219178082,20.864661654135343,5.667968567884258,3,2.6666666666666665,220,245,259,0.6790932000149041
300,25,0.8,SP_function,0,41.18856801110141,28.460038986354775,14.50381679389313,4.773641003241497,3,2.6666666666666665,234,266,287,0.4073824998922646
300,25,0.8,SP_function,1,47.42137424615584,35.916824196597354,11.37339055793992,2.7045401278684924,3,2.6666666666666665,274,293,300,0.3350209000054747
300,25,0.8,SP_function,2,42.47735506677055,28.84990253411306,15.848214285714292,3.9421582476384756,3,2.6666666666666665,254,276,292,0.3845023999456316
300,25,0.8,SP_function,3,41.12225761346171,29.118773946360154,16.16541353383458,4.396734536327128,3,2.6666666666666665,273,293,298,0.35281129996292293
300,25,0.8,SP_function,4,37.69983219072146,20.350877192982455,16.34980988593156,4.154040493921804,3,2.6666666666666665,219,239,253,0.33627990004606545
300,25,0.8,TTC_O_function,0,43.813558369843804,28.07017543859649,20.446096654275088,4.480934804646227,3,2.6666666666666665,212,287,297,46.32873940002173
300,25,0.8,TTC_O_function,1,49.40611569252412,37.47412008281574,15.306122448979586,2.1320759801962472,3,2.6666666666666665,271,296,300,48.989415399963036
300,25,0.8,TTC_O_function,2,44.756453072294754,30.134357005758154,16.326530612244895,3.4659138574359654,3,2.6666666666666665,244,292,298,58.06109380000271
300,25,0.8,TTC_O_function,3,43.37334163179716,30.902111324376197,15.355086372360848,4.018347508167845,3,2.8,273,300,300,55.34254580014385
300,25,0.8,TTC_O_function,4,39.89527121786004,23.711340206185564,17.723880597014933,3.3434100823841377,3,2.6666666666666665,205,260,283,113.0067107998766
300,25,0.8,SP_O_function,0,43.81484377073134,28.07017543859649,20.446096654275088,4.49785812146814,3,2.6666666666666665,212,287,297,145.1704699001275
300,25,0.8,SP_O_function,1,49.40650150368109,37.47412008281574,15.306122448979586,2.1430875772419675,3,2.6666666666666665,271,296,300,158.18758619995788
300,25,0.8,SP_O_function,2,44.76091628611151,30.134357005758154,15.873015873015873,3.237081393356668,3,2.6666666666666665,244,292,298,172.01720879995264
300,25,0.8,SP_O_function,3,43.36736477145831,30.902111324376197,15.355086372360848,3.9809242966898917,3,2.8,273,300,300,174.03829649998806
300,25,0.8,SP_O_function,4,39.89632296891678,23.711340206185564,17.723880597014933,3.2587812704246275,3,2.6666666666666665,205,260,283,164.89314669999294
300,25,0.8,OC_function,0,44.563100676717596,0.0,80.23255813953489,28.84692966868882,6,2.6666666666666665,187,221,233,55.77451699995436
300,25,0.8,OC_function,1,50.14050070745637,0.0,99.76190476190476,30.126173245711772,6,2.6666666666666665,223,243,250,70.19749790010974
300,25,0.8,OC_function,2,45.92876748402016,0.0,85.36585365853658,28.602238739313396,6,2.6666666666666665,194,218,229,69.89085930003785
300,25,0.8,OC_function,3,43.96282676491181,0.0,76.95167286245353,30.22349428871254,6,2.8,216,230,236,71.54394900007173
300,25,0.8,OC_function,4,41.29916647139128,0.0,86.80297397769516,31.383872455229266,6,2.6666666666666665,181,205,213,71.42876530019566
300,25,1,iterated_maximum_matching_unadjusted,0,44.49786370426493,28.544423440453688,20.629370629370634,4.371818257134365,3,2.6666666666666665,226,290,298,3.6960970999207348
300,25,1,iterated_maximum_matching_unadjusted,1,50.13283026038117,37.79527559055118,12.168141592920357,2.1723384926813285,3,2.6666666666666665,278,298,300,3.4463127001654357
300,25,1,iterated_maximum_matching_unadjusted,2,45.61546096480497,30.1498127340824,15.35181236673774,3.1958855341160946,3,2.6666666666666665,242,295,299,3.642247499898076
300,25,1,iterated_maximum_matching_unadjusted,3,44.055176021901055,31.053604436229204,15.341959334565619,3.7138422930823665,3,2.6666666666666665,273,300,300,3.6549362998921424
300,25,1,iterated_maximum_matching_unadjusted,4,40.88236042266068,24.03361344537815,18.067978533094816,3.4884117962880645,3,2.6666666666666665,207,261,288,3.6042802000883967
300,25,1,iterated_maximum_matching_adjusted,0,44.49786370426493,28.544423440453688,20.629370629370634,4.371818257134365,3,2.6666666666666665,226,290,298,4.233480800176039
300,25,1,iterated_maximum_matching_adjusted,1,50.13283026038117,37.79527559055118,12.168141592920357,2.1723384926813285,3,2.6666666666666665,278,298,300,3.5777603001333773
300,25,1,iterated_maximum_matching_adjusted,2,45.61546096480497,30.1498127340824,15.35181236673774,3.1958855341160946,3,2.6666666666666665,242,295,299,3.7154536999296397
300,25,1,iterated_maximum_matching_adjusted,3,44.055176021901055,31.053604436229204,15.341959334565619,3.7138422930823665,3,2.6666666666666665,273,300,300,3.6480907001532614
300,25,1,iterated_maximum_matching_adjusted,4,40.88236042266068,24.03361344537815,18.067978533094816,3.4884117962880645,3,2.6666666666666665,207,261,288,4.188242399832234
300,25,1,TTC_function,0,43.7472837507621,24.45759368836292,22.44488977955911,5.757521412286923,3,2.6666666666666665,246,270,289,0.9265948999673128
300,25,1,TTC_function,1,49.46336340549258,33.51063829787234,16.17021276595745,3.708124315971909,3,2.6666666666666665,280,294,300,0.8438878001179546
300,25,1,TTC_function,2,45.01280418574004,25.708884688090738,18.436873747494985,4.767486316616382,3,2.6666666666666665,256,280,296,0.8812442999333143
300,25,1,TTC_function,3,43.31125782884289,25.274725274725274,18.64754098360656,4.957163179438131,3,2.6666666666666665,275,293,298,0.9454451999627054
300,25,1,TTC_function,4,40.240246036464576,19.039735099337747,21.32352941176471,5.374036854124675,3,2.6666666666666665,223,248,266,0.8240147999022156
300,25,1,SP_function,0,41.820601033839694,28.544061302681996,15.139442231075698,4.379967829649813,3,2.6666666666666665,246,269,288,0.7012475000228733
300,25,1,SP_function,1,48.11480948982318,31.71171171171171,13.618677042801558,2.3414563521075817,3,2.6666666666666665,280,294,300,0.704347199993208
300,25,1,SP_function,2,43.35545841590313,30.711610486891384,15.139442231075705,3.9144993148615095,3,2.6666666666666665,256,278,297,0.6915229000151157
300,25,1,SP_function,3,41.770967006722486,28.860294117647058,18.773946360153253,4.641256669390085,3,2.6666666666666665,275,293,298,0.7382164001464844
300,25,1,SP_function,4,38.503192509306835,20.22058823529412,17.27941176470588,3.9131264800036223,3,2.6666666666666665,223,243,261,0.7556139999069273
300,25,1,TTC_O_function,0,44.51042019707539,28.544423440453688,20.629370629370634,4.283601862806612,3,2.6666666666666665,225,291,298,93.06316899997182
300,25,1,TTC_O_function,1,50.16102180657306,37.79527559055118,11.594202898550726,2.125329012558416,3,2.6666666666666665,278,298,300,112.1770899000112
300,25,1,TTC_O_function,2,45.630055704244214,30.1498127340824,16.721311475409834,3.3678827057009895,3,2.6666666666666665,242,295,299,99.70136289997026
300,25,1,TTC_O_function,3,44.04750094013677,31.053604436229204,15.341959334565619,3.747488992841627,3,2.8,274,300,300,103.16406189999543
300,25,1,TTC_O_function,4,40.88569318918894,24.03361344537815,18.067978533094816,3.421742137438642,3,2.6666666666666665,207,263,288,101.61791500006802
300,25,1,SP_O_function,0,44.51162264083552,28.544423440453688,20.629370629370634,4.131488350985629,3,2.6666666666666665,225,291,298,135.90640520001762
300,25,1,SP_O_function,1,50.163191077539324,37.79527559055118,11.594202898550726,2.1362427765661662,3,2.6666666666666665,278,298,300,108.15510059986264
300,25,1,SP_O_function,2,45.63187049852199,30.1498127340824,16.393442622950815,3.2869852861390685,3,2.6666666666666665,242,295,299,64.5021283000242
300,25,1,SP_O_function,3,44.04816048753414,31.053604436229204,15.341959334565619,3.717977877054291,3,2.8,274,300,300,53.748954200185835
300,25,1,SP_O_function,4,40.897684616985714,24.03361344537815,18.067978533094816,3.3144558722888293,3,2.6666666666666665,207,263,288,150.7283590999432
300,25,1,OC_function,0,45.2382018884142,0.0,79.90867579908677,28.755188580043534,6,2.6666666666666665,197,224,232,60.59792049997486
300,25,1,OC_function,1,50.81386276520059,0.0,100.0,29.26162176334009,6,2.6666666666666665,225,244,251,70.28067889995873
300,25,1,OC_function,2,46.81615437332582,0.0,84.68468468468468,27.811327577626663,6,2.6666666666666665,195,222,234,64.95350779988803
300,25,1,OC_function,3,44.61735011974349,0.0,78.8135593220339,30.221481373228077,6,2.8,218,229,237,52.89313229988329
300,25,1,OC_function,4,42.26442705144988,0.0,86.76207513416816,30.40826817954073,6,2.6666666666666665,184,205,219,25.05977029982023
