num_of_agents,num_of_items,value_noise_ratio,algorithm,random_seed,solver,utilitarian_value,egalitarian_value,max_envy,mean_envy,max_deficit,mean_deficit,num_with_top_1,num_with_top_2,num_with_top_3,runtime
100,25,0,iterated_maximum_matching_unadjusted,0,,92.1210087345653,84.78747203579418,8.133971291866033,0.9831724270971572,0,0.0,100,100,100,0.4730097999999998
100,25,0,iterated_maximum_matching_unadjusted,1,,96.13249690510449,88.91566265060241,6.349206349206355,0.376732181386319,0,0.0,100,100,100,0.5042958999999883
100,25,0,iterated_maximum_matching_unadjusted,2,,87.86577516033768,77.32181425485962,8.101851851851848,0.8359899970475649,0,0.0,100,100,100,0.4359936999999263
100,25,0,iterated_maximum_matching_unadjusted,3,,94.27122128170596,86.06194690265487,6.188118811881182,0.6439727107552984,0,0.0,100,100,100,0.6157216000001426
100,25,0,iterated_maximum_matching_unadjusted,4,,84.18565602445611,75.40650406504065,9.147609147609145,1.4767523262016824,0,0.0,100,100,100,0.5486072999999578
100,25,0,iterated_maximum_matching_adjusted,0,,92.1210087345653,84.78747203579418,8.133971291866033,0.9831724270971572,0,0.0,100,100,100,0.5155805000001692
100,25,0,iterated_maximum_matching_adjusted,1,,96.13249690510449,88.91566265060241,6.349206349206355,0.376732181386319,0,0.0,100,100,100,0.6142336999998861
100,25,0,iterated_maximum_matching_adjusted,2,,87.86577516033768,77.32181425485962,8.101851851851848,0.8359899970475649,0,0.0,100,100,100,0.5627994999999828
100,25,0,iterated_maximum_matching_adjusted,3,,94.27122128170596,86.06194690265487,6.188118811881182,0.6439727107552984,0,0.0,100,100,100,0.6334305000000313
100,25,0,iterated_maximum_matching_adjusted,4,,84.18565602445611,75.40650406504065,9.147609147609145,1.4767523262016824,0,0.0,100,100,100,0.5349410999999691
100,25,0,TTC_function,0,,92.03546948734832,84.78747203579418,8.685446009389679,1.4453679184322934,0,0.0,100,100,100,0.04989550000004783
100,25,0,TTC_function,1,,95.99488872648877,86.54353562005277,8.493150684931493,0.6448422894261404,0,0.0,100,100,100,0.03815090000011878
100,25,0,TTC_function,2,,87.57836593198299,75.52447552447552,10.722610722610725,1.6093740442109736,0,0.0,100,100,100,0.07896690000006856
100,25,0,TTC_function,3,,94.3084805074774,85.1063829787234,10.401891252955082,0.9511353728479289,0,0.0,100,100,100,0.06559689999994589
100,25,0,TTC_function,4,,84.05506685123771,69.68503937007874,16.141732283464563,2.356585755058519,0,0.0,100,100,100,0.056678799999872354
100,25,0,SP_function,0,,91.52385838517903,81.45695364238411,6.561085972850677,0.8722016647135624,0,0.0,100,100,100,0.0599574999998822
100,25,0,SP_function,1,,95.75226586512794,87.71084337349397,6.596306068601578,0.4874495960883594,0,0.0,100,100,100,0.053536399999984496
100,25,0,SP_function,2,,86.82754551523814,77.17391304347827,7.608695652173907,0.9538845470008911,0,0.0,100,100,100,0.06494090000001052
100,25,0,SP_function,3,,93.90434552178243,86.21495327102804,5.46697038724372,0.6632208323712068,0,0.0,100,100,100,0.06408269999997174
100,25,0,SP_function,4,,83.1118313176841,72.23300970873787,8.932038834951456,1.2247950972762802,0,0.0,100,100,100,0.05730570000014268
100,25,0.2,iterated_maximum_matching_unadjusted,0,,94.1874926051366,84.95762711864407,5.882352941176478,0.7169073131600606,0,0.0,100,100,100,0.5127071000001706
100,25,0.2,iterated_maximum_matching_unadjusted,1,,97.27418546482212,90.33078880407125,3.053435114503813,0.1336317716207837,0,0.0,100,100,100,0.6048101000001225
100,25,0.2,iterated_maximum_matching_unadjusted,2,,90.19718358039381,76.93798449612403,7.538802660753873,0.45963057406988894,0,0.0,100,100,100,0.5233130999999958
100,25,0.2,iterated_maximum_matching_unadjusted,3,,95.53782642640239,88.5480572597137,6.54205607476635,0.4534828238711083,0,0.0,100,100,100,0.5765811000001122
100,25,0.2,iterated_maximum_matching_unadjusted,4,,87.44913135198117,77.03984819734345,6.952965235173821,1.1083987951754872,0,0.0,100,100,100,0.5209749000000556
100,25,0.2,iterated_maximum_matching_adjusted,0,,94.1874926051366,84.95762711864407,5.882352941176478,0.7169073131600606,0,0.0,100,100,100,0.5648181999999906
100,25,0.2,iterated_maximum_matching_adjusted,1,,97.27418546482212,90.33078880407125,3.053435114503813,0.1336317716207837,0,0.0,100,100,100,0.6378213999998934
100,25,0.2,iterated_maximum_matching_adjusted,2,,90.19718358039381,76.93798449612403,7.538802660753873,0.45963057406988894,0,0.0,100,100,100,0.5824192000000039
100,25,0.2,iterated_maximum_matching_adjusted,3,,95.53782642640239,88.5480572597137,6.54205607476635,0.4534828238711083,0,0.0,100,100,100,0.5950615000001562
100,25,0.2,iterated_maximum_matching_adjusted,4,,87.44913135198117,77.03984819734345,6.952965235173821,1.1083987951754872,0,0.0,100,100,100,0.43452639999986786
100,25,0.2,TTC_function,0,,94.11058577050639,84.95762711864407,7.299270072992712,1.1376797271636245,0,0.0,100,100,100,0.04881179999983942
100,25,0.2,TTC_function,1,,97.16732669055014,88.19599109131403,3.8461538461538396,0.2625196265014681,0,0.0,100,100,100,0.033593999999993684
100,25,0.2,TTC_function,2,,89.85546410608977,76.14678899082568,11.697247706422019,1.05513449599655,0,0.0,100,100,100,0.033034999999927095
100,25,0.2,TTC_function,3,,95.35808656831382,87.38317757009347,10.514018691588774,0.722133476560956,0,0.0,100,100,100,0.05073409999999967
100,25,0.2,TTC_function,4,,87.27383769621775,77.03984819734345,13.152400835073067,2.328298554517389,0,0.0,100,100,100,0.04950349999990067
100,25,0.2,SP_function,0,,93.61795290752714,81.3953488372093,9.601873536299763,0.7301707121510214,0,0.0,100,100,100,0.05990520000000288
100,25,0.2,SP_function,1,,96.86007890469001,88.19599109131403,7.304785894206546,0.26344350621612633,0,0.0,100,100,100,0.05510900000012953
100,25,0.2,SP_function,2,,89.44553110745126,75.61475409836066,8.486238532110093,0.8857631352618555,0,0.0,100,100,100,0.059705399999984365
100,25,0.2,SP_function,3,,95.3226385052344,88.5480572597137,5.443548387096783,0.5320459179979018,0,0.0,100,100,100,0.06461029999991297
100,25,0.2,SP_function,4,,86.68065281954723,72.07678883071553,7.975460122699374,1.1025366787411115,0,0.0,100,100,100,0.06121319999988373
100,25,0.5,iterated_maximum_matching_unadjusted,0,,95.89143135198594,86.6,6.800000000000011,0.2239339857307648,0,0.0,100,100,100,0.5985440000001745
100,25,0.5,iterated_maximum_matching_unadjusted,1,,98.30663746554572,93.24324324324324,0.7058823529411598,0.00940074390411894,0,0.0,100,100,100,0.5190941999999268
100,25,0.5,iterated_maximum_matching_unadjusted,2,,92.55965082803945,76.79856115107914,5.57553956834532,0.23692784023263527,0,0.0,100,100,100,0.5611777000001439
100,25,0.5,iterated_maximum_matching_unadjusted,3,,96.80211173102289,88.4990253411306,4.651162790697683,0.14426320499260428,0,0.0,100,100,100,0.6191186999999445
100,25,0.5,iterated_maximum_matching_unadjusted,4,,90.7649249495836,77.2893772893773,15.384615384615373,0.849348298248148,0,0.0,100,100,100,0.6281951000000845
100,25,0.5,iterated_maximum_matching_adjusted,0,,95.89143135198594,86.6,6.800000000000011,0.2239339857307648,0,0.0,100,100,100,0.503769999999804
100,25,0.5,iterated_maximum_matching_adjusted,1,,98.30663746554572,93.24324324324324,0.7058823529411598,0.00940074390411894,0,0.0,100,100,100,0.6690194000000247
100,25,0.5,iterated_maximum_matching_adjusted,2,,92.55965082803945,76.79856115107914,5.57553956834532,0.23692784023263527,0,0.0,100,100,100,0.5412066000001232
100,25,0.5,iterated_maximum_matching_adjusted,3,,96.80211173102289,88.4990253411306,4.651162790697683,0.14426320499260428,0,0.0,100,100,100,0.7991739999999936
100,25,0.5,iterated_maximum_matching_adjusted,4,,90.7649249495836,77.2893772893773,15.384615384615373,0.849348298248148,0,0.0,100,100,100,0.5981610999999702
100,25,0.5,TTC_function,0,,95.79469213398878,83.77192982456141,6.800000000000011,0.46487800120236417,0,0.0,100,100,100,0.05183570000008331
100,25,0.5,TTC_function,1,,98.14368592692894,90.80188679245283,1.8867924528301927,0.06136744609926282,0,0.0,100,100,100,0.043973800000003394
100,25,0.5,TTC_function,2,,92.48703841040383,76.79856115107914,9.395973154362423,0.5673081464125447,0,0.0,100,100,100,0.053111100000023725
100,25,0.5,TTC_function,3,,96.68786719741553,87.52642706131078,5.139186295503208,0.2303009189072415,0,0.0,100,100,100,0.05622699999980796
100,25,0.5,TTC_function,4,,90.5475568340404,77.2893772893773,15.384615384615373,1.046510582220875,0,0.0,100,100,100,0.05749360000004344
100,25,0.5,SP_function,0,,95.56205229654655,86.8421052631579,2.8508771929824377,0.0963730638282918,0,0.0,100,100,100,0.053043500000057975
100,25,0.5,SP_function,1,,98.09366631414794,91.0377358490566,2.364066193853418,0.07412136182652347,0,0.0,100,100,100,0.057477400000152556
100,25,0.5,SP_function,2,,92.01848852393046,78.05755395683454,9.395973154362423,0.5111226824629697,0,0.0,100,100,100,0.12618489999999838
100,25,0.5,SP_function,3,,96.57387630061865,89.2,3.426124197002153,0.14982262846546773,0,0.0,100,100,100,0.16112400000019989
100,25,0.5,SP_function,4,,89.92612766765919,74.13509060955519,8.423326133909285,0.8254222912050446,0,0.0,100,100,100,0.17493769999987308
100,25,0.8,iterated_maximum_matching_unadjusted,0,,96.98394728405955,88.2466281310212,4.780114722753353,0.15212213776036748,0,0.0,100,100,100,1.6689019000000371
100,25,0.8,iterated_maximum_matching_unadjusted,1,,98.82999517776794,94.37229437229438,0.23201856148492084,0.0023201856148492082,0,0.0,100,100,100,1.60751479999999
100,25,0.8,iterated_maximum_matching_unadjusted,2,,94.20401808401398,81.57453936348409,7.2614107883817525,0.26560484115251126,0,0.0,100,100,100,1.6142152999998416
100,25,0.8,iterated_maximum_matching_unadjusted,3,,97.63804896875871,91.05839416058394,3.308823529411754,0.09764934805862069,0,0.0,100,100,100,1.7620809999998528
100,25,0.8,iterated_maximum_matching_unadjusted,4,,92.8862710310011,78.49462365591397,14.81481481481481,0.6502878195397206,0,0.0,100,100,100,1.2365769000000455
100,25,0.8,iterated_maximum_matching_adjusted,0,,96.98394728405955,88.2466281310212,4.780114722753353,0.15212213776036748,0,0.0,100,100,100,1.4253195000001142
100,25,0.8,iterated_maximum_matching_adjusted,1,,98.82999517776794,94.37229437229438,0.23201856148492084,0.0023201856148492082,0,0.0,100,100,100,1.8290461999999934
100,25,0.8,iterated_maximum_matching_adjusted,2,,94.20401808401398,81.57453936348409,7.2614107883817525,0.26560484115251126,0,0.0,100,100,100,1.5071646999999757
100,25,0.8,iterated_maximum_matching_adjusted,3,,97.63804896875871,91.05839416058394,3.308823529411754,0.09764934805862069,0,0.0,100,100,100,1.7166204000000107
100,25,0.8,iterated_maximum_matching_adjusted,4,,92.8862710310011,78.49462365591397,14.81481481481481,0.6502878195397206,0,0.0,100,100,100,1.5263674000000265
100,25,0.8,TTC_function,0,,96.88017097466454,87.279843444227,6.915887850467286,0.23992066302242862,0,0.0,100,100,100,0.13321160000009513
100,25,0.8,TTC_function,1,,98.7868575927364,94.53681710213777,0.0,0.0,0,0.0,100,100,100,0.1231811000000107
100,25,0.8,TTC_function,2,,94.28120104673663,76.38190954773869,7.385229540918161,0.2838232849919842,0,0.0,100,100,100,0.125609200000099
100,25,0.8,TTC_function,3,,97.44478000519985,89.71428571428571,3.308823529411754,0.0942548568476856,0,0.0,100,100,100,0.1140858000001117
100,25,0.8,TTC_function,4,,92.69251926696609,78.49462365591397,18.871252204585545,0.5810459121957919,0,0.0,100,100,100,0.16109899999992194
100,25,0.8,SP_function,0,,96.69627357976756,88.2466281310212,1.2658227848101262,0.020710498960073948,0,0.0,100,100,100,0.15858290000005582
100,25,0.8,SP_function,1,,98.68188108970926,91.52173913043478,0.4347826086956559,0.004347826086956559,0,0.0,100,100,100,0.16496879999999692
100,25,0.8,SP_function,2,,93.97863727415746,76.38190954773869,7.2614107883817525,0.3959221700066932,0,0.0,100,100,100,0.17558980000012525
100,25,0.8,SP_function,3,,97.26142417389879,89.8876404494382,3.597122302158269,0.12653705424353034,0,0.0,100,100,100,0.1912400000001071
100,25,0.8,SP_function,4,,92.14987951144148,74.02190923317684,6.732348111658453,0.3744450689289937,0,0.0,100,100,100,0.14747130000000652
100,25,1,iterated_maximum_matching_unadjusted,0,,97.61375039627376,90.44862518089725,1.607142857142847,0.044540807892981746,0,0.0,100,100,100,1.6528097000000344
100,25,1,iterated_maximum_matching_unadjusted,1,,99.09779033726468,94.88752556237219,0.0,0.0,0,0.0,100,100,100,1.6898525999999947
100,25,1,iterated_maximum_matching_unadjusted,2,,94.94458395408108,81.51125401929261,9.55518945634266,0.33722810746409393,0,0.0,100,100,100,1.4911600000000362
100,25,1,iterated_maximum_matching_unadjusted,3,,98.05369317134073,91.3884007029877,1.6574585635359114,0.037245109572670715,0,0.0,100,100,100,1.8253162000000884
100,25,1,iterated_maximum_matching_unadjusted,4,,93.85980764751456,82.2262118491921,9.793814432989691,0.4812235094863192,0,0.0,100,100,100,1.571460399999978
100,25,1,iterated_maximum_matching_adjusted,0,,97.61375039627376,90.44862518089725,1.607142857142847,0.044540807892981746,0,0.0,100,100,100,1.7587799999998879
100,25,1,iterated_maximum_matching_adjusted,1,,99.09779033726468,94.88752556237219,0.0,0.0,0,0.0,100,100,100,1.7940971999998965
100,25,1,iterated_maximum_matching_adjusted,2,,94.94458395408108,81.51125401929261,9.55518945634266,0.33722810746409393,0,0.0,100,100,100,1.7733966000000692
100,25,1,iterated_maximum_matching_adjusted,3,,98.05369317134073,91.3884007029877,1.6574585635359114,0.037245109572670715,0,0.0,100,100,100,1.734739899999795
100,25,1,iterated_maximum_matching_adjusted,4,,93.85980764751456,82.2262118491921,9.793814432989691,0.4812235094863192,0,0.0,100,100,100,1.9921050000000378
100,25,1,TTC_function,0,,97.50193767446699,87.5478927203065,6.964285714285708,0.16667710497581212,0,0.0,100,100,100,0.14824559999988196
100,25,1,TTC_function,1,,99.01578194453734,94.88,0.0,0.0,0,0.0,100,100,100,0.15307149999989633
100,25,1,TTC_function,2,,94.96667077248281,77.33118971061094,4.989154013015181,0.14780795282309783,0,0.0,100,100,100,0.10629530000005616
100,25,1,TTC_function,3,,97.9700568903569,90.4296875,4.1015625,0.07829766146611249,0,0.0,100,100,100,0.1440994999998111
100,25,1,TTC_function,4,,93.79375464051571,76.52582159624414,18.55670103092784,0.5855480637152013,0,0.0,100,100,100,0.1539365999999518
100,25,1,SP_function,0,,97.3057072806653,88.21428571428571,3.546099290780134,0.10341673888069863,0,0.0,100,100,100,0.16490060000000994
100,25,1,SP_function,1,,98.89458467417465,94.88752556237219,0.0,0.0,0,0.0,100,100,100,0.18931739999993624
100,25,1,SP_function,2,,94.7767578882711,81.51125401929261,3.036876355748376,0.1376710518210281,0,0.0,100,100,100,0.17606980000005024
100,25,1,SP_function,3,,97.80595830165977,90.12567324955117,3.672787979966614,0.11797135911510935,0,0.0,100,100,100,0.25586169999996855
100,25,1,SP_function,4,,93.1632112253258,73.97260273972603,8.828006088280063,0.435823290910656,0,0.0,100,100,100,0.2409608999998909
200,25,0,iterated_maximum_matching_unadjusted,0,,57.36950706791848,45.59471365638766,10.632911392405063,2.70003182506052,1,1.0,147,193,198,3.0044642999998814
200,25,0,iterated_maximum_matching_unadjusted,1,,66.18241282065725,56.2962962962963,12.727272727272727,2.218867837848207,1,1.0,179,200,200,0.8906994999999824
200,25,0,iterated_maximum_matching_unadjusted,2,,57.59715457835988,46.910755148741416,13.163972286374126,2.6476805959584095,1,1.0,171,198,200,0.9131929999998647
200,25,0,iterated_maximum_matching_unadjusted,3,,57.80979714727667,47.31182795698925,10.849056603773576,2.3305450448357012,1,1.0,193,200,200,0.798405399999865
200,25,0,iterated_maximum_matching_unadjusted,4,,49.88241100086279,37.786259541984734,14.694656488549619,4.193247341578469,1,1.0,152,187,200,0.8113679000000502
200,25,0,iterated_maximum_matching_adjusted,0,,57.36950706791848,45.59471365638766,10.632911392405063,2.70003182506052,1,1.0,147,193,198,0.882456300000058
200,25,0,iterated_maximum_matching_adjusted,1,,66.18241282065725,56.2962962962963,12.727272727272727,2.218867837848207,1,1.0,179,200,200,0.9865769999998975
200,25,0,iterated_maximum_matching_adjusted,2,,57.59715457835988,46.910755148741416,13.163972286374126,2.6476805959584095,1,1.0,171,198,200,0.9907614999999623
200,25,0,iterated_maximum_matching_adjusted,3,,57.80979714727667,47.31182795698925,10.849056603773576,2.3305450448357012,1,1.0,193,200,200,0.8182044999998652
200,25,0,iterated_maximum_matching_adjusted,4,,49.88241100086279,37.786259541984734,14.694656488549619,4.193247341578469,1,1.0,152,187,200,0.8048897000001034
200,25,0,TTC_function,0,,56.91935792811527,42.73318872017354,14.712643678160923,3.4757405272341746,1,1.0,150,191,200,0.13945760000001428
200,25,0,TTC_function,1,,65.76338757277097,52.95566502463054,12.228260869565219,2.6230116697622106,1,1.0,179,200,200,0.1389200000000983
200,25,0,TTC_function,2,,57.189976615337685,44.8512585812357,12.406947890818856,3.1555705926179756,1,1.0,169,196,200,0.16700569999989057
200,25,0,TTC_function,3,,57.47657707459755,46.12068965517241,14.009661835748787,3.6981793311006537,1,1.0,191,199,200,0.15171600000007857
200,25,0,TTC_function,4,,49.416300738989605,36.82170542635659,13.565891472868216,4.424380647903996,1,1.0,163,179,195,0.18099609999990207
200,25,0,SP_function,0,,55.4814023729062,45.253863134657834,12.06896551724138,3.337803571996202,1,1.0,150,191,200,0.20747110000002067
200,25,0,SP_function,1,,64.10127762397492,53.01204819277109,11.369509043927657,1.9247642393057014,1,1.0,179,200,200,0.1572171000000253
200,25,0,SP_function,2,,55.25393115838141,43.31896551724138,11.707317073170728,3.080745028696473,1,1.0,169,196,200,0.16394580000019232
200,25,0,SP_function,3,,56.02477661472099,42.82608695652174,14.858490566037737,2.995434566364809,1,1.0,191,199,200,0.17581480000012562
200,25,0,SP_function,4,,47.78844797934571,36.73870333988212,14.344262295081961,3.7596779319513196,1,1.0,163,178,194,0.18707670000003418
200,25,0.2,iterated_maximum_matching_unadjusted,0,,59.34616479012832,45.28301886792453,13.242009132420094,2.336695044935343,1,1.0,165,197,200,1.1245955999997932
200,25,0.2,iterated_maximum_matching_unadjusted,1,,68.00382631688267,56.018518518518526,12.602739726027401,1.4249614352589592,1,1.0,186,200,200,1.0787613999998484
200,25,0.2,iterated_maximum_matching_unadjusted,2,,60.03845625172818,47.136563876651984,13.689095127610202,1.9880729229633234,1,1.0,184,199,200,0.8894341999998687
200,25,0.2,iterated_maximum_matching_unadjusted,3,,59.51468779069157,50.32119914346895,10.672853828306252,1.9840329098549214,1,1.0,200,200,200,1.0097997999998825
200,25,0.2,iterated_maximum_matching_unadjusted,4,,52.51758018873371,40.3254972875226,14.889336016096578,3.347457566536588,1,1.0,164,194,200,0.9460765999999694
200,25,0.2,iterated_maximum_matching_adjusted,0,,59.34616479012832,45.28301886792453,13.242009132420094,2.336695044935343,1,1.0,165,197,200,0.8540290999999343
200,25,0.2,iterated_maximum_matching_adjusted,1,,68.00382631688267,56.018518518518526,12.602739726027401,1.4249614352589592,1,1.0,186,200,200,1.0098851000000195
200,25,0.2,iterated_maximum_matching_adjusted,2,,60.03845625172818,47.136563876651984,13.689095127610202,1.9880729229633234,1,1.0,184,199,200,0.9892068999999992
200,25,0.2,iterated_maximum_matching_adjusted,3,,59.51468779069157,50.32119914346895,10.672853828306252,1.9840329098549214,1,1.0,200,200,200,1.3313626999999997
200,25,0.2,iterated_maximum_matching_adjusted,4,,52.51758018873371,40.3254972875226,14.889336016096578,3.347457566536588,1,1.0,164,194,200,0.997720599999866
200,25,0.2,TTC_function,0,,58.91095751310454,43.829787234042556,15.2317880794702,2.997712087292154,1,1.0,164,194,200,0.139954699999862
200,25,0.2,TTC_function,1,,67.62078105307549,53.47222222222222,11.749999999999993,1.8635425685576466,1,1.0,186,200,200,0.13611720000017158
200,25,0.2,TTC_function,2,,59.594144465904876,44.74226804123712,14.15313225058005,2.9509996794735365,1,1.0,184,199,200,0.11747639999998682
200,25,0.2,TTC_function,3,,59.11315531232582,45.53191489361702,13.103448275862057,2.8436750883422004,1,1.0,198,199,200,0.1754140999998981
200,25,0.2,TTC_function,4,,51.96714676975181,38.72832369942196,15.060240963855428,3.8195311664916356,1,1.0,173,189,199,0.11956489999988662
200,25,0.2,SP_function,0,,57.199510667694675,46.36752136752137,11.7096018735363,2.939436604257284,1,1.0,164,194,200,0.1238756000000194
200,25,0.2,SP_function,1,,66.00197795746762,55.42986425339367,11.602209944751387,1.3139851401379554,1,1.0,186,200,200,0.12823119999984556
200,25,0.2,SP_function,2,,57.7210835516072,45.43478260869565,11.233480176211458,2.575508487741906,1,1.0,184,199,200,0.15257419999988997
200,25,0.2,SP_function,3,,57.59613315506811,45.073375262054505,13.125000000000007,2.44164213675819,1,1.0,198,199,200,0.14148910000017167
200,25,0.2,SP_function,4,,50.30279182693101,40.471869328493646,11.44708423326135,2.5330612131907713,1,1.0,173,189,199,0.15460940000002665
200,25,0.5,iterated_maximum_matching_unadjusted,0,,61.54869903082117,48.987854251012145,13.755458515283848,1.8676785144060097,1,1.0,177,198,200,0.9501898999999412
200,25,0.5,iterated_maximum_matching_unadjusted,1,,69.9920801064548,55.27426160337553,13.502109704641349,1.0501420715401013,1,1.0,191,200,200,1.1671435000000656
200,25,0.5,iterated_maximum_matching_unadjusted,2,,62.85090106431351,49.280575539568346,17.658730158730165,1.4162992946035526,1,1.0,190,199,200,0.9574732999999469
200,25,0.5,iterated_maximum_matching_unadjusted,3,,61.55724746482769,50.71283095723014,11.496746203904557,1.590251318859324,1,1.0,200,200,200,0.8942488999998659
200,25,0.5,iterated_maximum_matching_unadjusted,4,,55.36546807966428,40.53156146179402,18.397085610200364,2.9193160722911426,1,1.0,178,200,200,0.9722643000000062
200,25,0.5,iterated_maximum_matching_adjusted,0,,61.54869903082117,48.987854251012145,13.755458515283848,1.8676785144060097,1,1.0,177,198,200,0.8910379000001285
200,25,0.5,iterated_maximum_matching_adjusted,1,,69.9920801064548,55.27426160337553,13.502109704641349,1.0501420715401013,1,1.0,191,200,200,0.8119928000000982
200,25,0.5,iterated_maximum_matching_adjusted,2,,62.85090106431351,49.280575539568346,17.658730158730165,1.4162992946035526,1,1.0,190,199,200,1.0313065000000279
200,25,0.5,iterated_maximum_matching_adjusted,3,,61.55724746482769,50.71283095723014,11.496746203904557,1.590251318859324,1,1.0,200,200,200,0.9880869999999504
200,25,0.5,iterated_maximum_matching_adjusted,4,,55.36546807966428,40.53156146179402,18.397085610200364,2.9193160722911426,1,1.0,178,200,200,1.0120518000001084
200,25,0.5,TTC_function,0,,61.12676202159424,44.3089430894309,14.937759336099582,2.9217320960534723,1,1.0,177,197,200,0.12268349999999373
200,25,0.5,TTC_function,1,,69.4125262341728,53.45622119815668,16.709511568123382,1.9682524048734413,1,1.0,191,200,200,0.12915889999999308
200,25,0.5,TTC_function,2,,62.29208047192965,45.84178498985801,15.486725663716804,2.5771384441866925,1,1.0,191,199,200,0.12274439999987408
200,25,0.5,TTC_function,3,,60.99107151608066,45.38606403013183,10.94091903719913,2.2331113344947355,1,1.0,200,200,200,0.17146600000000944
200,25,0.5,TTC_function,4,,54.95891041726551,38.940809968847354,15.807560137457038,4.084812448744893,1,1.0,185,195,200,0.16742339999996148
200,25,0.5,SP_function,0,,59.4690542865078,44.71544715447154,11.949685534591204,2.10338982052672,1,1.0,177,197,200,0.18881640000017796
200,25,0.5,SP_function,1,,67.85702856602313,54.52674897119342,10.11904761904762,1.0718480808425785,1,1.0,191,200,200,0.15611490000014783
200,25,0.5,SP_function,2,,60.41013429863354,48.333333333333336,12.831858407079636,1.9395823955182927,1,1.0,191,199,200,0.13359430000014072
200,25,0.5,SP_function,3,,59.43579696224155,47.76119402985074,9.638554216867469,1.845433027676551,1,1.0,200,200,200,0.17089899999996305
200,25,0.5,SP_function,4,,52.84606313984568,39.875389408099686,12.474012474012483,2.542876225909383,1,1.0,185,195,200,0.16305050000005394
200,25,0.8,iterated_maximum_matching_unadjusted,0,,63.22944364790823,50.18181818181818,13.347022587268995,1.6297949260189273,1,1.0,182,200,200,1.2548831000001428
200,25,0.8,iterated_maximum_matching_unadjusted,1,,71.50378536332126,56.17760617760618,13.67346938775512,0.8218699136462603,1,1.0,193,200,200,1.7057248999999501
200,25,0.8,iterated_maximum_matching_unadjusted,2,,64.75791900298748,47.06896551724138,17.84452296819788,1.1054004336829655,1,1.0,195,200,200,1.2420699000001605
200,25,0.8,iterated_maximum_matching_unadjusted,3,,63.144535318068854,51.68738898756661,9.62566844919786,1.2306806360048406,1,1.0,200,200,200,1.3470953000000918
200,25,0.8,iterated_maximum_matching_unadjusted,4,,57.47702121516496,41.78628389154705,13.866231647634585,2.6291864154226823,1,1.0,189,200,200,0.9152540000000045
200,25,0.8,iterated_maximum_matching_adjusted,0,,63.22944364790823,50.18181818181818,13.347022587268995,1.6297949260189273,1,1.0,182,200,200,0.9234470000001238
200,25,0.8,iterated_maximum_matching_adjusted,1,,71.50378536332126,56.17760617760618,13.67346938775512,0.8218699136462603,1,1.0,193,200,200,0.9455198999999084
200,25,0.8,iterated_maximum_matching_adjusted,2,,64.75791900298748,47.06896551724138,17.84452296819788,1.1054004336829655,1,1.0,195,200,200,0.7958733000000393
200,25,0.8,iterated_maximum_matching_adjusted,3,,63.144535318068854,51.68738898756661,9.62566844919786,1.2306806360048406,1,1.0,200,200,200,0.918977600000062
200,25,0.8,iterated_maximum_matching_adjusted,4,,57.47702121516496,41.78628389154705,13.866231647634585,2.6291864154226823,1,1.0,189,200,200,0.9345032999999603
200,25,0.8,TTC_function,0,,62.80302908104262,45.26112185686654,16.632016632016636,2.7053137979313373,1,1.0,182,200,200,0.09936749999997119
200,25,0.8,TTC_function,1,,71.08594200845071,53.86138613861387,21.867321867321863,1.6885548459070931,1,1.0,193,200,200,0.1014273000000685
200,25,0.8,TTC_function,2,,64.30795865699147,44.54072790294627,15.053763440860209,2.281600591699428,1,1.0,195,200,200,0.1616209000001163
200,25,0.8,TTC_function,3,,62.612373264442674,45.97902097902098,14.176245210727956,2.3186963840608543,1,1.0,200,200,200,0.18318410000006224
200,25,0.8,TTC_function,4,,56.93995461307132,39.33236574746009,14.486921529175056,3.559851023595076,1,1.0,191,198,200,0.26222069999994346
200,25,0.8,SP_function,0,,60.81726293483543,49.19028340080971,12.121212121212118,1.9620316320331295,1,1.0,182,200,200,0.20089309999980287
200,25,0.8,SP_function,1,,69.31617987205935,53.59848484848485,13.02605210420841,0.9595857392315936,1,1.0,193,200,200,0.21131149999996524
200,25,0.8,SP_function,2,,62.57871128469467,41.62348877374784,15.724381625441701,1.9127995249979843,1,1.0,195,200,200,0.15720069999997577
200,25,0.8,SP_function,3,,61.02305419490372,50.42918454935622,11.627906976744192,1.7475102913206075,1,1.0,200,200,200,0.18327530000010483
200,25,0.8,SP_function,4,,54.81198857304087,39.123630672926446,12.64822134387353,2.3856102945734126,1,1.0,191,198,200,0.1102019999998447
200,25,1,iterated_maximum_matching_unadjusted,0,,64.09454136838667,50.6108202443281,14.792899408284022,1.5290726207463063,1,1.0,192,200,200,0.8869555999999648
200,25,1,iterated_maximum_matching_unadjusted,1,,72.36116851370927,56.672760511883006,13.711151736745883,0.7444605210717947,1,1.0,197,200,200,0.8638710000000174
200,25,1,iterated_maximum_matching_unadjusted,2,,65.86651502510422,46.952224052718286,11.958762886597938,0.8539268803546812,1,1.0,195,200,200,0.8385760000001028
200,25,1,iterated_maximum_matching_unadjusted,3,,64.05442720888377,51.67785234899329,17.483660130718967,1.2329904400231302,1,1.0,200,200,200,0.8524967999999262
200,25,1,iterated_maximum_matching_unadjusted,4,,58.593226780081075,42.331288343558285,15.754560530679932,2.5514038263704557,1,1.0,191,200,200,0.8263768000001619
200,25,1,iterated_maximum_matching_adjusted,0,,64.09454136838667,50.6108202443281,14.792899408284022,1.5290726207463063,1,1.0,192,200,200,1.011963700000024
200,25,1,iterated_maximum_matching_adjusted,1,,72.36116851370927,56.672760511883006,13.711151736745883,0.7444605210717947,1,1.0,197,200,200,0.9130794000000151
200,25,1,iterated_maximum_matching_adjusted,2,,65.86651502510422,46.952224052718286,11.958762886597938,0.8539268803546812,1,1.0,195,200,200,0.8921135000000504
200,25,1,iterated_maximum_matching_adjusted,3,,64.05442720888377,51.67785234899329,17.483660130718967,1.2329904400231302,1,1.0,200,200,200,0.9090135999999802
200,25,1,iterated_maximum_matching_adjusted,4,,58.593226780081075,42.331288343558285,15.754560530679932,2.5514038263704557,1,1.0,191,200,200,0.9918377999999848
200,25,1,TTC_function,0,,63.57418617819494,44.652908067542214,16.756756756756758,2.928789108102775,1,1.0,190,200,200,0.09618720000003123
200,25,1,TTC_function,1,,71.84045327427577,55.319148936170215,14.55847255369929,1.4245252933682595,1,1.0,197,200,200,0.1434558000000834
200,25,1,TTC_function,2,,65.44298712190249,47.55244755244755,11.904761904761905,1.8432818539531024,1,1.0,195,200,200,0.14348619999987022
200,25,1,TTC_function,3,,63.434741322706486,46.07679465776294,12.738853503184707,2.183731362885055,1,1.0,200,200,200,0.13098539999987224
200,25,1,TTC_function,4,,58.00593883507043,39.77746870653686,15.35776614310646,3.4670388887945376,1,1.0,193,199,200,0.11920490000011341
200,25,1,SP_function,0,,61.72155526314742,45.40337711069418,11.570247933884296,2.000161881438606,1,1.0,190,200,200,0.15872760000002017
200,25,1,SP_function,1,,70.34866753057204,54.44234404536862,7.522123893805315,0.8803255998808404,1,1.0,197,200,200,0.15173490000006495
200,25,1,SP_function,2,,63.879942869033556,43.59400998336106,13.321492007104801,1.6323461496411826,1,1.0,195,200,200,0.1481337000000167
200,25,1,SP_function,3,,61.85689950393313,50.559701492537314,11.838006230529594,1.607850583332099,1,1.0,200,200,200,0.15546419999986938
200,25,1,SP_function,4,,55.892080554379035,39.117199391171994,12.06030150753768,2.160474167013696,1,1.0,193,199,200,0.1256311000001915
300,25,0,iterated_maximum_matching_unadjusted,0,,39.1406215389593,27.43362831858407,18.457943925233643,5.6147842301133,3,2.6666666666666665,156,240,287,1.2339431000000332
300,25,0,iterated_maximum_matching_unadjusted,1,,45.01083933585881,36.46408839779006,13.812154696132602,3.7274996182370033,3,2.6666666666666665,224,288,298,1.2195036000000528
300,25,0,iterated_maximum_matching_unadjusted,2,,39.12003016435158,29.28416485900217,14.685314685314687,4.183439429445577,3,2.6666666666666665,188,269,290,1.1031255999998848
300,25,0,iterated_maximum_matching_unadjusted,3,,39.238718271746606,30.59360730593607,14.187643020594965,4.662395759345852,3,2.6666666666666665,228,286,300,1.1524309000001267
300,25,0,iterated_maximum_matching_unadjusted,4,,34.01682921850288,23.228346456692915,18.83116883116883,4.451659196308826,3,2.6666666666666665,155,212,246,1.1647527999998601
300,25,0,iterated_maximum_matching_adjusted,0,,39.1406215389593,27.43362831858407,18.457943925233643,5.6147842301133,3,2.6666666666666665,156,240,287,1.2889416999998957
300,25,0,iterated_maximum_matching_adjusted,1,,45.01083933585881,36.46408839779006,13.812154696132602,3.7274996182370033,3,2.6666666666666665,224,288,298,1.2131599000001643
300,25,0,iterated_maximum_matching_adjusted,2,,39.12003016435158,29.28416485900217,14.685314685314687,4.183439429445577,3,2.6666666666666665,188,269,290,1.294368200000008
300,25,0,iterated_maximum_matching_adjusted,3,,39.238718271746606,30.59360730593607,14.187643020594965,4.662395759345852,3,2.6666666666666665,228,286,300,1.2864615000000867
300,25,0,iterated_maximum_matching_adjusted,4,,34.01682921850288,23.228346456692915,18.83116883116883,4.451659196308826,3,2.6666666666666665,155,212,246,1.2005189999999857
300,25,0,TTC_function,0,,38.67386880455394,25.55066079295154,17.730496453900706,6.723724237137078,3,2.6666666666666665,180,230,264,0.19039509999993243
300,25,0,TTC_function,1,,44.47880731502965,33.773087071240106,14.48087431693989,4.578159259869913,3,2.6666666666666665,239,272,287,0.2653779999998278
300,25,0,TTC_function,2,,38.67944899291853,26.86230248306998,16.704288939051917,5.820491797932454,3,2.6666666666666665,208,255,277,0.26138670000000275
300,25,0,TTC_function,3,,38.801162377493014,26.73913043478261,18.243243243243246,6.339569725789686,3,2.6666666666666665,235,271,295,0.19988710000006904
300,25,0,TTC_function,4,,33.48159388634817,20.03968253968254,16.468253968253965,5.259022883530233,3,2.6666666666666665,179,205,236,0.18113289999996596
300,25,0,SP_function,0,,37.39882668295952,26.24113475177305,18.91252955082742,5.539926526158954,3,2.6666666666666665,179,223,264,0.25971530000015264
300,25,0,SP_function,1,,43.04172959516479,32.390745501285345,13.498622589531678,4.24388821376414,3,2.6666666666666665,239,269,289,0.230756700000029
300,25,0,SP_function,2,,37.34507646540021,29.28571428571429,12.619047619047617,4.372294508858454,3,2.6666666666666665,208,247,272,0.2830559000001358
300,25,0,SP_function,3,,37.587998039267724,28.23275862068966,14.712643678160923,5.304132276504192,3,2.6666666666666665,234,268,297,0.2786839999998847
300,25,0,SP_function,4,,32.28100362737296,22.129436325678498,15.448851774530269,4.41668902282543,3,2.6666666666666665,179,190,220,0.2558996999998726
300,25,0.2,iterated_maximum_matching_unadjusted,0,,40.72372443001171,27.370689655172413,17.241379310344833,5.328858006845991,3,2.6666666666666665,181,265,293,1.2229761999999482
300,25,0.2,iterated_maximum_matching_unadjusted,1,,46.48191190830773,37.03703703703704,15.403422982885083,3.1076377189224162,3,2.6666666666666665,245,293,299,1.071369900000036
300,25,0.2,iterated_maximum_matching_unadjusted,2,,41.01291820402593,29.64509394572025,15.483870967741936,4.010490232092255,3,2.6666666666666665,217,277,294,1.2944429000001492
300,25,0.2,iterated_maximum_matching_unadjusted,3,,40.587081366153484,29.86111111111111,15.04629629629629,4.607035239391278,3,2.6666666666666665,247,291,300,1.1227005000000645
300,25,0.2,iterated_maximum_matching_unadjusted,4,,36.01657427298831,23.076923076923077,17.735042735042732,4.215807313092652,3,2.6666666666666665,171,227,264,1.149736300000086
300,25,0.2,iterated_maximum_matching_adjusted,0,,40.72372443001171,27.370689655172413,17.241379310344833,5.328858006845991,3,2.6666666666666665,181,265,293,1.1808473999999478
300,25,0.2,iterated_maximum_matching_adjusted,1,,46.48191190830773,37.03703703703704,15.403422982885083,3.1076377189224162,3,2.6666666666666665,245,293,299,1.193315900000016
300,25,0.2,iterated_maximum_matching_adjusted,2,,41.01291820402593,29.64509394572025,15.483870967741936,4.010490232092255,3,2.6666666666666665,217,277,294,1.1806914999999663
300,25,0.2,iterated_maximum_matching_adjusted,3,,40.587081366153484,29.86111111111111,15.04629629629629,4.607035239391278,3,2.6666666666666665,247,291,300,1.2924255000000358
300,25,0.2,iterated_maximum_matching_adjusted,4,,36.01657427298831,23.076923076923077,17.735042735042732,4.215807313092652,3,2.6666666666666665,171,227,264,1.1542441999999937
300,25,0.2,TTC_function,0,,40.25192561348955,24.528301886792452,19.12087912087912,6.339567751657755,3,2.6666666666666665,206,245,273,0.289439399999992
300,25,0.2,TTC_function,1,,46.11300759614589,30.09478672985782,17.53554502369668,4.102822195866113,3,2.6666666666666665,257,279,291,0.24372589999984484
300,25,0.2,TTC_function,2,,40.51495366470656,27.09677419354839,16.774193548387096,4.987525699186071,3,2.6666666666666665,232,267,282,0.2913815000001705
300,25,0.2,TTC_function,3,,40.03234624724607,26.260504201680675,18.0365296803653,6.0562230480203745,3,2.6666666666666665,250,278,296,0.2539379999998346
300,25,0.2,TTC_function,4,,35.533176066018086,19.298245614035086,19.298245614035086,5.526818238095449,3,2.6666666666666665,193,223,253,0.25086959999998726
300,25,0.2,SP_function,0,,38.671946461094876,25.995807127882596,14.220183486238533,5.2620209267358575,3,2.6666666666666665,206,242,271,0.2671187999999347
300,25,0.2,SP_function,1,,44.36048202723386,35.76470588235294,12.332439678284175,3.4459927180126138,3,2.6666666666666665,257,276,294,0.3137388000000101
300,25,0.2,SP_function,2,,39.13287045165746,30.107526881720432,15.602836879432623,4.166130280951736,3,2.6666666666666665,230,257,279,0.2910633000001326
300,25,0.2,SP_function,3,,38.63694226583246,29.795918367346943,14.964370546318289,4.751302065796788,3,2.6666666666666665,250,276,298,0.25403319999986707
300,25,0.2,SP_function,4,,34.22175738521633,20.710059171597635,17.130620985010708,4.917819559431685,3,2.6666666666666665,193,211,241,0.33853659999999763
300,25,0.5,iterated_maximum_matching_unadjusted,0,,42.44181124511805,27.86885245901639,17.832957110609478,4.828233169727747,3,2.6666666666666665,205,280,297,1.526669399999946
300,25,0.5,iterated_maximum_matching_unadjusted,1,,48.144819058500076,36.99551569506727,15.022421524663677,2.6389023685455624,3,2.6666666666666665,259,295,300,1.2446001000000706
300,25,0.5,iterated_maximum_matching_unadjusted,2,,43.138875055565364,29.62226640159046,14.592274678111593,3.2128469939786863,3,2.6666666666666665,228,284,297,1.5559717000001
300,25,0.5,iterated_maximum_matching_unadjusted,3,,42.16786161991922,30.444444444444446,14.879649890590805,4.152036519692752,3,2.6666666666666665,264,299,300,1.31092939999985
300,25,0.5,iterated_maximum_matching_unadjusted,4,,38.25217153849179,24.014336917562723,16.733870967741943,3.5620165161694355,3,2.6666666666666665,186,246,276,1.3351602000000184
300,25,0.5,iterated_maximum_matching_adjusted,0,,42.44181124511805,27.86885245901639,17.832957110609478,4.828233169727747,3,2.6666666666666665,205,280,297,1.4960528999999951
300,25,0.5,iterated_maximum_matching_adjusted,1,,48.144819058500076,36.99551569506727,15.022421524663677,2.6389023685455624,3,2.6666666666666665,259,295,300,1.349462899999935
300,25,0.5,iterated_maximum_matching_adjusted,2,,43.138875055565364,29.62226640159046,14.592274678111593,3.2128469939786863,3,2.6666666666666665,228,284,297,1.4795693000000938
300,25,0.5,iterated_maximum_matching_adjusted,3,,42.16786161991922,30.444444444444446,14.879649890590805,4.152036519692752,3,2.6666666666666665,264,299,300,1.2839054999999462
300,25,0.5,iterated_maximum_matching_adjusted,4,,38.25217153849179,24.014336917562723,16.733870967741943,3.5620165161694355,3,2.6666666666666665,186,246,276,1.539823399999932
300,25,0.5,TTC_function,0,,41.88409062485138,24.46183953033268,19.29046563192905,5.686002664640091,3,2.6666666666666665,227,260,284,0.2318321999998716
300,25,0.5,TTC_function,1,,47.56220354122073,33.4065934065934,15.952380952380956,3.8854656577989433,3,2.6666666666666665,268,285,298,0.30199199999992743
300,25,0.5,TTC_function,2,,42.55643785479325,27.114967462039047,16.519823788546255,4.830549286762578,3,2.6666666666666665,247,274,287,0.29139260000010836
300,25,0.5,TTC_function,3,,41.5370308538488,26.27450980392157,17.45098039215686,5.433307408437329,3,2.6666666666666665,265,291,298,0.2629667999999583
300,25,0.5,TTC_function,4,,37.74084258705485,19.193857965451055,19.961612284069094,5.6539003924907005,3,2.6666666666666665,207,239,257,0.25379240000006575
300,25,0.5,SP_function,0,,40.04907782337082,28.105906313645622,14.750542299349249,4.840950291626895,3,2.6666666666666665,226,258,282,0.3318998999998257
300,25,0.5,SP_function,1,,46.00158383663263,33.411764705882355,12.941176470588232,2.8703783955213344,3,2.6666666666666665,268,285,298,0.3118951000001289
300,25,0.5,SP_function,2,,41.02876796306563,29.718004338394792,15.231788079470206,4.107797770230616,3,2.6666666666666665,247,271,286,0.2913032999999814
300,25,0.5,SP_function,3,,39.8483049605787,29.433962264150942,16.666666666666668,4.6853648498339275,3,2.6666666666666665,265,291,298,0.3249739000000318
300,25,0.5,SP_function,4,,36.07038796898126,20.48872180451128,18.750000000000004,4.704208388492451,3,2.6666666666666665,207,227,247,0.24657170000000406
300,25,0.8,iterated_maximum_matching_unadjusted,0,,43.81537134205374,28.07017543859649,20.26022304832714,4.444621158950279,3,2.6666666666666665,213,286,297,1.4131472999999914
300,25,0.8,iterated_maximum_matching_unadjusted,1,,49.40426460808358,37.47412008281574,15.306122448979586,2.2139330258947623,3,2.6666666666666665,270,297,300,1.4441179999998894
300,25,0.8,iterated_maximum_matching_unadjusted,2,,44.75781574373595,30.134357005758154,15.873015873015873,3.2812052776091467,3,2.6666666666666665,244,292,298,1.3325187999998889
300,25,0.8,iterated_maximum_matching_unadjusted,3,,43.374698438580275,30.902111324376197,15.355086372360848,3.9601361475023076,3,2.6666666666666665,273,300,300,1.4594712999999047
300,25,0.8,iterated_maximum_matching_unadjusted,4,,39.896490599797005,23.711340206185564,16.7910447761194,3.4178658537790656,3,2.6666666666666665,205,260,284,1.4051140000001396
300,25,0.8,iterated_maximum_matching_adjusted,0,,43.81537134205374,28.07017543859649,20.26022304832714,4.444621158950279,3,2.6666666666666665,213,286,297,1.7910655000000588
300,25,0.8,iterated_maximum_matching_adjusted,1,,49.40426460808358,37.47412008281574,15.306122448979586,2.2139330258947623,3,2.6666666666666665,270,297,300,1.3514944000000924
300,25,0.8,iterated_maximum_matching_adjusted,2,,44.75781574373595,30.134357005758154,15.873015873015873,3.2812052776091467,3,2.6666666666666665,244,292,298,1.3392924999998286
300,25,0.8,iterated_maximum_matching_adjusted,3,,43.374698438580275,30.902111324376197,15.355086372360848,3.9601361475023076,3,2.6666666666666665,273,300,300,1.3590908000001036
300,25,0.8,iterated_maximum_matching_adjusted,4,,39.896490599797005,23.711340206185564,16.7910447761194,3.4178658537790656,3,2.6666666666666665,205,260,284,1.3194339000001492
300,25,0.8,TTC_function,0,,43.11392976628681,24.65753424657534,21.971252566735107,5.6904382909532805,3,2.6666666666666665,234,267,288,0.23820369999998547
300,25,0.8,TTC_function,1,,48.81920949465746,33.02752293577982,17.539863325740328,3.7895129715847777,3,2.6666666666666665,274,293,300,0.271672800000033
300,25,0.8,TTC_function,2,,44.24185184916924,25.53606237816764,17.543859649122805,4.893740253564007,3,2.6666666666666665,254,281,292,0.29032680000000255
300,25,0.8,TTC_function,3,,42.70587202593382,25.616698292220114,20.042194092827007,5.024325575496885,3,2.6666666666666665,273,293,298,0.28357149999987996
300,25,0.8,TTC_function,4,,39.38224102701636,19.17808219178082,20.676691729323313,5.446094702215681,3,2.6666666666666665,220,245,260,0.2711646000000201
300,25,0.8,SP_function,0,,41.3751557488212,29.807692307692307,14.432989690721651,4.376959791452614,3,2.6666666666666665,234,267,288,0.32865199999992
300,25,0.8,SP_function,1,,47.44569664287161,35.916824196597354,12.189616252821665,2.839396394854349,3,2.6666666666666665,274,293,300,0.2729045999999471
300,25,0.8,SP_function,2,,42.51722287239214,29.583333333333332,15.848214285714292,3.931319225807171,3,2.6666666666666665,254,277,293,0.30902560000004087
300,25,0.8,SP_function,3,,41.10337579153915,29.118773946360154,15.444015444015449,4.37230486783167,3,2.6666666666666665,273,293,298,0.3213866999999482
300,25,0.8,SP_function,4,,37.70254543823255,20.350877192982455,15.789473684210531,5.091704400919575,3,2.6666666666666665,219,238,254,0.2954373999998552
300,25,1,iterated_maximum_matching_unadjusted,0,,44.49786370426493,28.544423440453688,20.629370629370634,4.371818257134365,3,2.6666666666666665,226,290,298,1.4883230000000367
300,25,1,iterated_maximum_matching_unadjusted,1,,50.13283026038117,37.79527559055118,12.168141592920357,2.1723384926813285,3,2.6666666666666665,278,298,300,1.302980499999876
300,25,1,iterated_maximum_matching_unadjusted,2,,45.61546096480497,30.1498127340824,15.35181236673774,3.1958855341160946,3,2.6666666666666665,242,295,299,1.4830105999999432
300,25,1,iterated_maximum_matching_unadjusted,3,,44.055176021901055,31.053604436229204,15.341959334565619,3.7138422930823665,3,2.6666666666666665,273,300,300,1.2933792999999696
300,25,1,iterated_maximum_matching_unadjusted,4,,40.88236042266068,24.03361344537815,18.067978533094816,3.4884117962880645,3,2.6666666666666665,207,261,288,1.4232005000001209
300,25,1,iterated_maximum_matching_adjusted,0,,44.49786370426493,28.544423440453688,20.629370629370634,4.371818257134365,3,2.6666666666666665,226,290,298,1.5240718000000015
300,25,1,iterated_maximum_matching_adjusted,1,,50.13283026038117,37.79527559055118,12.168141592920357,2.1723384926813285,3,2.6666666666666665,278,298,300,1.4721618000000944
300,25,1,iterated_maximum_matching_adjusted,2,,45.61546096480497,30.1498127340824,15.35181236673774,3.1958855341160946,3,2.6666666666666665,242,295,299,1.4400342999999793
300,25,1,iterated_maximum_matching_adjusted,3,,44.055176021901055,31.053604436229204,15.341959334565619,3.7138422930823665,3,2.6666666666666665,273,300,300,1.345554699999866
300,25,1,iterated_maximum_matching_adjusted,4,,40.88236042266068,24.03361344537815,18.067978533094816,3.4884117962880645,3,2.6666666666666665,207,261,288,1.3205418000000009
300,25,1,TTC_function,0,,43.775769391276285,24.45759368836292,22.44488977955911,5.751456693068422,3,2.6666666666666665,246,269,289,0.3022676999999021
300,25,1,TTC_function,1,,49.469092220898794,33.51063829787234,16.17021276595745,3.6283826408177386,3,2.6666666666666665,280,294,300,0.24061950000009347
300,25,1,TTC_function,2,,44.97015108528965,25.708884688090738,17.580340264650285,4.594015294328764,3,2.6666666666666665,256,281,296,0.26681759999996757
300,25,1,TTC_function,3,,43.28743235174129,25.0,18.92857142857143,4.613527409671522,3,2.6666666666666665,275,294,298,0.24663919999989048
300,25,1,TTC_function,4,,40.245647316127254,19.039735099337747,21.32352941176471,5.301381977950713,3,2.6666666666666665,223,249,266,0.29152049999993324
300,25,1,SP_function,0,,41.804881361129425,28.544061302681996,15.139442231075698,4.431212860627656,3,2.6666666666666665,246,268,288,0.2907674999999017
300,25,1,SP_function,1,,48.11480948982318,31.71171171171171,13.618677042801558,2.3414563521075817,3,2.6666666666666665,280,294,300,0.3375946999999542
300,25,1,SP_function,2,,43.301728769077286,31.23844731977819,14.680851063829785,3.8549710315184287,3,2.6666666666666665,256,280,296,0.2843668999998954
300,25,1,SP_function,3,,41.61732675068919,28.860294117647058,15.864527629233507,4.289242539777322,3,2.6666666666666665,275,294,298,0.2976736999999048
300,25,1,SP_function,4,,38.52866512114389,20.22058823529412,17.27941176470588,3.924954929006311,3,2.6666666666666665,223,244,261,0.30678050000005896
100,25,0,TTC_O_function,0,,92.00696839445048,85.0574712643678,7.042253521126767,1.0217721802454118,0,0.0,100,100,100,17.422474400000056
100,25,0,TTC_O_function,0,CBC,92.00413709501022,85.0574712643678,7.042253521126767,0.920971962923445,0,0.0,100,100,100,17.122787300000027
100,25,0,TTC_O_function,0,MOSEK,92.00696839445048,85.0574712643678,7.042253521126767,1.0217721802454118,0,0.0,100,100,100,16.631627499999922
100,25,0,TTC_O_function,0,SCIP,92.0071490048006,85.0574712643678,7.042253521126767,1.0215915698953102,0,0.0,100,100,100,18.6639353999999
100,25,0,TTC_O_function,0,XPRESS,92.00708287707488,85.0574712643678,7.042253521126767,1.021657697621012,0,0.0,100,100,100,16.993413300000157
100,25,0,TTC_O_function,1,,96.08104745524568,89.39759036144578,4.6195652173912976,0.36747282938590814,0,0.0,100,100,100,16.89527850000013
100,25,0,TTC_O_function,1,CBC,96.08968820000823,89.39759036144578,4.6195652173912976,0.37020506982306656,0,0.0,100,100,100,16.66979830000014
100,25,0,TTC_O_function,1,MOSEK,96.08104745524568,89.39759036144578,4.6195652173912976,0.36747282938590814,0,0.0,100,100,100,16.795532399999956
100,25,0,TTC_O_function,1,SCIP,96.0713014046898,89.39759036144578,4.6195652173912976,0.3594514390115766,0,0.0,100,100,100,19.51259660000005
100,25,0,TTC_O_function,1,XPRESS,96.08104745524568,89.39759036144578,4.6195652173912976,0.36747282938590814,0,0.0,100,100,100,17.521815399999923
100,25,0,TTC_O_function,2,,87.67751736772239,77.82340862422998,8.101851851851848,0.9836908503876873,0,0.0,100,100,100,17.89104950000001
100,25,0,TTC_O_function,2,CBC,87.67751736772239,77.82340862422998,8.101851851851848,0.9836908503876873,0,0.0,100,100,100,16.346061799999916
100,25,0,TTC_O_function,2,MOSEK,87.67751736772239,77.82340862422998,8.101851851851848,0.9836908503876873,0,0.0,100,100,100,16.492468200000076
100,25,0,TTC_O_function,2,SCIP,87.6971289077569,77.82340862422998,8.101851851851848,0.9373253211817203,0,0.0,100,100,100,19.021669400000064
100,25,0,TTC_O_function,2,XPRESS,87.64655402417513,77.82340862422998,8.101851851851848,1.0239618917358129,0,0.0,100,100,100,16.716028199999982
100,25,0,TTC_O_function,3,,94.24211972864627,86.06194690265487,4.950495049504937,0.5034305489233732,0,0.0,100,100,100,16.771249800000078
100,25,0,TTC_O_function,3,CBC,94.24456405424047,86.06194690265487,5.387931034482762,0.575927271011442,0,0.0,100,100,100,16.79015249999975
100,25,0,TTC_O_function,3,MOSEK,94.24211972864627,86.06194690265487,4.950495049504937,0.5034305489233732,0,0.0,100,100,100,16.72316890000002
100,25,0,TTC_O_function,3,SCIP,94.24456405424047,86.06194690265487,5.387931034482762,0.575927271011442,0,0.0,100,100,100,19.47262950000004
100,25,0,TTC_O_function,3,XPRESS,94.21125574541948,86.06194690265487,5.387931034482762,0.5641227360544822,0,0.0,100,100,100,16.733152100000098
100,25,0,TTC_O_function,4,,83.95164006146028,71.71532846715328,10.970464135021103,1.386785527633034,0,0.0,100,100,100,15.386412100000143
100,25,0,TTC_O_function,4,CBC,83.9513653921342,71.71532846715328,10.970464135021103,1.3845703156368092,0,0.0,100,100,100,15.998849000000064
100,25,0,TTC_O_function,4,MOSEK,83.95164006146028,71.71532846715328,10.970464135021103,1.386785527633034,0,0.0,100,100,100,15.970194199999696
100,25,0,TTC_O_function,4,SCIP,83.95134845675962,71.71532846715328,10.970464135021103,1.3825211353089402,0,0.0,100,100,100,17.945150900000044
100,25,0,TTC_O_function,4,XPRESS,83.95165699683488,71.71532846715328,10.970464135021103,1.3888347079609025,0,0.0,100,100,100,15.90155649999997
100,25,0,SP_O_function,0,,92.00696839445048,85.0574712643678,7.042253521126767,1.0217721802454118,0,0.0,100,100,100,28.613487599999644
100,25,0,SP_O_function,0,CBC,92.00413709501022,85.0574712643678,7.042253521126767,0.920971962923445,0,0.0,100,100,100,29.988906800000223
100,25,0,SP_O_function,0,MOSEK,92.00696839445048,85.0574712643678,7.042253521126767,1.0217721802454118,0,0.0,100,100,100,28.56701780000003
100,25,0,SP_O_function,0,SCIP,92.0071490048006,85.0574712643678,7.042253521126767,1.0215915698953102,0,0.0,100,100,100,33.52383849999978
100,25,0,SP_O_function,0,XPRESS,92.00708287707488,85.0574712643678,7.042253521126767,1.021657697621012,0,0.0,100,100,100,29.0683611999998
100,25,0,SP_O_function,1,,96.08104745524568,89.39759036144578,4.6195652173912976,0.36747282938590814,0,0.0,100,100,100,30.632143200000428
100,25,0,SP_O_function,1,CBC,96.08968820000823,89.39759036144578,4.6195652173912976,0.37020506982306656,0,0.0,100,100,100,30.55658489999996
100,25,0,SP_O_function,1,MOSEK,96.08104745524568,89.39759036144578,4.6195652173912976,0.36747282938590814,0,0.0,100,100,100,30.640880200000083
100,25,0,SP_O_function,1,SCIP,96.0713014046898,89.39759036144578,4.6195652173912976,0.3594514390115766,0,0.0,100,100,100,34.91919229999985
100,25,0,SP_O_function,1,XPRESS,96.08104745524568,89.39759036144578,4.6195652173912976,0.36747282938590814,0,0.0,100,100,100,30.581078900000193
100,25,0,SP_O_function,2,,87.67751736772239,77.82340862422998,8.101851851851848,0.9836908503876873,0,0.0,100,100,100,29.38842449999993
100,25,0,SP_O_function,2,CBC,87.67751736772239,77.82340862422998,8.101851851851848,0.9836908503876873,0,0.0,100,100,100,29.12417120000009
100,25,0,SP_O_function,2,MOSEK,87.67751736772239,77.82340862422998,8.101851851851848,0.9836908503876873,0,0.0,100,100,100,29.659843399999772
100,25,0,SP_O_function,2,SCIP,87.6971289077569,77.82340862422998,8.101851851851848,0.9373253211817203,0,0.0,100,100,100,32.38350679999985
100,25,0,SP_O_function,2,XPRESS,87.64655402417513,77.82340862422998,8.101851851851848,1.0239618917358129,0,0.0,100,100,100,28.999573900000087
100,25,0,SP_O_function,3,,94.24211972864627,86.06194690265487,4.950495049504937,0.5034305489233732,0,0.0,100,100,100,29.84510420000015
100,25,0,SP_O_function,3,CBC,94.24456405424047,86.06194690265487,5.387931034482762,0.575927271011442,0,0.0,100,100,100,35.13018009999996
100,25,0,SP_O_function,3,MOSEK,94.24211972864627,86.06194690265487,4.950495049504937,0.5034305489233732,0,0.0,100,100,100,28.198819800000365
100,25,0,SP_O_function,3,SCIP,94.24456405424047,86.06194690265487,5.387931034482762,0.575927271011442,0,0.0,100,100,100,30.91254300000037
100,25,0,SP_O_function,3,XPRESS,94.21125574541948,86.06194690265487,5.387931034482762,0.5641227360544822,0,0.0,100,100,100,34.3506553000002
100,25,0,SP_O_function,4,,83.95164006146028,71.71532846715328,10.970464135021103,1.386785527633034,0,0.0,100,100,100,29.719357899999977
100,25,0,SP_O_function,4,CBC,83.9513653921342,71.71532846715328,10.970464135021103,1.3845703156368092,0,0.0,100,100,100,28.796607900000254
100,25,0,SP_O_function,4,MOSEK,83.95164006146028,71.71532846715328,10.970464135021103,1.386785527633034,0,0.0,100,100,100,29.067372400000295
100,25,0,SP_O_function,4,SCIP,83.95134845675962,71.71532846715328,10.970464135021103,1.3825211353089402,0,0.0,100,100,100,32.16353579999986
100,25,0,SP_O_function,4,XPRESS,83.95165699683488,71.71532846715328,10.970464135021103,1.3888347079609025,0,0.0,100,100,100,29.56727090000004
100,25,0,OC_function,0,,92.42102575527029,82.46013667425967,8.133971291866033,1.9035934440513973,0,0.0,96,100,100,3.8641892000000553
100,25,0,OC_function,0,CBC,92.42084148008603,82.46013667425967,8.133971291866033,1.876627516933902,0,0.0,96,100,100,3.8686987999999474
100,25,0,OC_function,0,MOSEK,92.42102575527029,82.46013667425967,8.133971291866033,1.9035934440513973,0,0.0,96,100,100,3.7237786999999116
100,25,0,OC_function,0,SCIP,92.4212673835607,82.46013667425967,8.133971291866033,1.907694756635874,0,0.0,96,100,100,3.9378489999999147
100,25,0,OC_function,0,XPRESS,92.42102575527029,82.46013667425967,8.133971291866033,1.9035934440513973,0,0.0,96,100,100,4.078948800000035
100,25,0,OC_function,1,,96.28489380951025,83.28981723237598,8.09399477806788,0.9544940207563812,0,0.0,99,100,100,3.7758098999997856
100,25,0,OC_function,1,CBC,96.28489380951025,83.28981723237598,8.09399477806788,0.9544940207563812,0,0.0,99,100,100,3.743937100000039
100,25,0,OC_function,1,MOSEK,96.28489380951025,83.28981723237598,8.09399477806788,0.9544940207563812,0,0.0,99,100,100,5.031445099999928
100,25,0,OC_function,1,SCIP,96.28489380951025,83.28981723237598,8.09399477806788,0.9544940207563812,0,0.0,99,100,100,4.453785100000005
100,25,0,OC_function,1,XPRESS,96.28489380951025,83.28981723237598,8.09399477806788,0.9544940207563812,0,0.0,99,100,100,3.9152327000001605
100,25,0,OC_function,2,,87.80459793168008,70.86247086247086,19.347319347319356,5.109346818390962,0,0.0,100,100,100,3.4144194999998945
100,25,0,OC_function,2,CBC,87.80459793168008,70.86247086247086,19.347319347319356,5.109346818390962,0,0.0,100,100,100,3.589329599999928
100,25,0,OC_function,2,MOSEK,87.80459793168008,70.86247086247086,19.347319347319356,5.109346818390962,0,0.0,100,100,100,3.895368899999994
100,25,0,OC_function,2,SCIP,87.80587564350513,70.86247086247086,20.27972027972028,5.755558286476687,0,0.0,100,100,100,4.217665499999839
100,25,0,OC_function,2,XPRESS,87.80459793168008,70.86247086247086,19.347319347319356,5.109346818390962,0,0.0,100,100,100,3.9336912000003394
100,25,0,OC_function,3,,94.51496274000459,85.21739130434783,7.826086956521735,1.247746228398453,0,0.0,100,100,100,4.15020689999983
100,25,0,OC_function,3,CBC,94.51505654588506,85.21739130434783,7.826086956521735,1.2357514248622155,0,0.0,100,100,100,3.906673099999807
100,25,0,OC_function,3,MOSEK,94.51496274000459,85.21739130434783,7.826086956521735,1.247746228398453,0,0.0,100,100,100,3.873469699999987
100,25,0,OC_function,3,SCIP,94.51617403757068,85.21739130434783,7.826086956521735,1.339744835260446,0,0.0,100,100,100,3.8947253000001183
100,25,0,OC_function,3,XPRESS,94.51442077768316,85.21739130434783,7.826086956521735,1.3705149491375845,0,0.0,100,100,100,3.787761600000067
100,25,0,OC_function,4,,84.18367847905412,69.56521739130434,19.077568134171912,3.7234057326440295,0,0.0,99,100,100,4.104789499999697
100,25,0,OC_function,4,CBC,84.18367847905412,69.56521739130434,19.077568134171912,3.7234057326440295,0,0.0,99,100,100,3.775733400000263
100,25,0,OC_function,4,MOSEK,84.18367847905412,69.56521739130434,19.077568134171912,3.7234057326440295,0,0.0,99,100,100,3.6745568000001185
100,25,0,OC_function,4,SCIP,84.18367847905412,69.56521739130434,19.077568134171912,3.7234057326440295,0,0.0,99,100,100,4.088418199999978
100,25,0,OC_function,4,XPRESS,84.18367847905412,69.56521739130434,19.077568134171912,3.7234057326440295,0,0.0,99,100,100,3.867985299999873
100,25,0.2,TTC_O_function,0,,94.00757674645467,81.3953488372093,7.095343680709533,0.8190245990367865,0,0.0,100,100,100,18.421319199999743
100,25,0.2,TTC_O_function,0,CBC,93.97170898760169,81.3953488372093,7.095343680709533,0.861264499346618,0,0.0,100,100,100,18.662905000000137
100,25,0.2,TTC_O_function,0,MOSEK,94.00757674645467,81.3953488372093,7.095343680709533,0.8190245990367865,0,0.0,100,100,100,18.26827890000004
100,25,0.2,TTC_O_function,0,SCIP,93.99185402088413,81.3953488372093,7.095343680709533,0.8514537685213963,0,0.0,100,100,100,21.376390099999753
100,25,0.2,TTC_O_function,0,XPRESS,94.00757674645467,81.3953488372093,7.095343680709533,0.8190245990367865,0,0.0,100,100,100,19.046967300000233
100,25,0.2,TTC_O_function,1,,97.29772991151007,92.6208651399491,2.1333333333333258,0.1243445917169825,0,0.0,100,100,100,20.054007400000046
100,25,0.2,TTC_O_function,1,CBC,97.28996808665426,91.55672823218998,2.374670184696569,0.1480912935639482,0,0.0,100,100,100,19.438674900000024
100,25,0.2,TTC_O_function,1,MOSEK,97.29772991151007,92.6208651399491,2.1333333333333258,0.1243445917169825,0,0.0,100,100,100,19.771719600000324
100,25,0.2,TTC_O_function,1,SCIP,97.2750026387828,92.6208651399491,2.1333333333333258,0.11172468992831497,0,0.0,100,100,100,23.230062199999793
100,25,0.2,TTC_O_function,1,XPRESS,97.30321705094468,92.6208651399491,2.1333333333333258,0.1243445917169825,0,0.0,100,100,100,20.049019699999917
100,25,0.2,TTC_O_function,2,,90.05572630667778,76.93798449612403,7.889125799573563,0.9288855963454086,0,0.0,100,100,100,17.744600100000298
100,25,0.2,TTC_O_function,2,CBC,90.06472908421371,76.93798449612403,7.889125799573563,0.9818587486889231,0,0.0,100,100,100,17.77206100000012
100,25,0.2,TTC_O_function,2,MOSEK,90.05572630667778,76.93798449612403,7.889125799573563,0.9288855963454086,0,0.0,100,100,100,18.893071499999678
100,25,0.2,TTC_O_function,2,SCIP,90.06154302361563,76.93798449612403,7.889125799573563,0.9451663345265097,0,0.0,100,100,100,20.878776000000016
100,25,0.2,TTC_O_function,2,XPRESS,90.06154302361563,76.93798449612403,7.889125799573563,0.9451663345265097,0,0.0,100,100,100,18.628930299999865
100,25,0.2,TTC_O_function,3,,95.35066411986219,88.5480572597137,5.443548387096783,0.40908313492118153,0,0.0,100,100,100,18.63585400000011
100,25,0.2,TTC_O_function,3,CBC,95.40199819908075,88.5480572597137,5.443548387096783,0.4937609256293325,0,0.0,100,100,100,18.551171299999623
100,25,0.2,TTC_O_function,3,MOSEK,95.35066411986219,88.5480572597137,5.443548387096783,0.40908313492118153,0,0.0,100,100,100,17.991820899999766
100,25,0.2,TTC_O_function,3,SCIP,95.35077438448494,88.5480572597137,5.443548387096783,0.3601539524153492,0,0.0,100,100,100,20.24047090000022
100,25,0.2,TTC_O_function,3,XPRESS,95.39876364931266,88.5480572597137,5.443548387096783,0.3908599002970358,0,0.0,100,100,100,19.32175449999977
100,25,0.2,TTC_O_function,4,,87.26772349606375,76.43979057591623,6.952965235173821,0.9439394310289393,0,0.0,100,100,100,16.76964199999975
100,25,0.2,TTC_O_function,4,CBC,87.2621013972904,76.43979057591623,9.943714821763606,1.0885836730628737,0,0.0,100,100,100,17.65096790000007
100,25,0.2,TTC_O_function,4,MOSEK,87.26772349606375,76.43979057591623,6.952965235173821,0.9439394310289393,0,0.0,100,100,100,17.998396599999978
100,25,0.2,TTC_O_function,4,SCIP,87.26772349606375,76.43979057591623,6.952965235173821,0.9439394310289393,0,0.0,100,100,100,21.243347200000244
100,25,0.2,TTC_O_function,4,XPRESS,87.26293872485907,77.03984819734345,6.952965235173821,0.9803165202220353,0,0.0,100,100,100,22.77237389999982
100,25,0.2,SP_O_function,0,,94.00757674645467,81.3953488372093,7.095343680709533,0.8190245990367865,0,0.0,100,100,100,33.445087100000364
100,25,0.2,SP_O_function,0,CBC,93.97170898760169,81.3953488372093,7.095343680709533,0.861264499346618,0,0.0,100,100,100,31.009736399999838
100,25,0.2,SP_O_function,0,MOSEK,94.00757674645467,81.3953488372093,7.095343680709533,0.8190245990367865,0,0.0,100,100,100,31.73384199999964
100,25,0.2,SP_O_function,0,SCIP,93.99185402088413,81.3953488372093,7.095343680709533,0.8514537685213963,0,0.0,100,100,100,35.27517500000022
100,25,0.2,SP_O_function,0,XPRESS,94.00757674645467,81.3953488372093,7.095343680709533,0.8190245990367865,0,0.0,100,100,100,32.63492970000016
100,25,0.2,SP_O_function,1,,97.29772991151007,92.6208651399491,2.1333333333333258,0.1243445917169825,0,0.0,100,100,100,35.55533609999975
100,25,0.2,SP_O_function,1,CBC,97.28996808665426,91.55672823218998,2.374670184696569,0.1480912935639482,0,0.0,100,100,100,35.410144800000126
100,25,0.2,SP_O_function,1,MOSEK,97.29772991151007,92.6208651399491,2.1333333333333258,0.1243445917169825,0,0.0,100,100,100,33.989167499999894
100,25,0.2,SP_O_function,1,SCIP,97.2750026387828,92.6208651399491,2.1333333333333258,0.11172468992831497,0,0.0,100,100,100,39.422163400000045
100,25,0.2,SP_O_function,1,XPRESS,97.30321705094468,92.6208651399491,2.1333333333333258,0.1243445917169825,0,0.0,100,100,100,33.92371850000018
100,25,0.2,SP_O_function,2,,90.05572630667778,76.93798449612403,7.889125799573563,0.9288855963454086,0,0.0,100,100,100,31.297107700000197
100,25,0.2,SP_O_function,2,CBC,90.06472908421371,76.93798449612403,7.889125799573563,0.9818587486889231,0,0.0,100,100,100,31.237684499999887
100,25,0.2,SP_O_function,2,MOSEK,90.05572630667778,76.93798449612403,7.889125799573563,0.9288855963454086,0,0.0,100,100,100,30.573674100000062
100,25,0.2,SP_O_function,2,SCIP,90.06154302361563,76.93798449612403,7.889125799573563,0.9451663345265097,0,0.0,100,100,100,35.753880899999785
100,25,0.2,SP_O_function,2,XPRESS,90.06154302361563,76.93798449612403,7.889125799573563,0.9451663345265097,0,0.0,100,100,100,31.07914140000048
100,25,0.2,SP_O_function,3,,95.35066411986219,88.5480572597137,5.443548387096783,0.40908313492118153,0,0.0,100,100,100,31.727756799999952
100,25,0.2,SP_O_function,3,CBC,95.40199819908075,88.5480572597137,5.443548387096783,0.4937609256293325,0,0.0,100,100,100,31.835838599999988
100,25,0.2,SP_O_function,3,MOSEK,95.35066411986219,88.5480572597137,5.443548387096783,0.40908313492118153,0,0.0,100,100,100,32.9361743999998
100,25,0.2,SP_O_function,3,SCIP,95.35077438448494,88.5480572597137,5.443548387096783,0.3601539524153492,0,0.0,100,100,100,35.0049941999996
100,25,0.2,SP_O_function,3,XPRESS,95.39876364931266,88.5480572597137,5.443548387096783,0.3908599002970358,0,0.0,100,100,100,31.556834600000002
100,25,0.2,SP_O_function,4,,87.26772349606375,76.43979057591623,6.952965235173821,0.9439394310289393,0,0.0,100,100,100,29.729051499999514
100,25,0.2,SP_O_function,4,CBC,87.2621013972904,76.43979057591623,9.943714821763606,1.0885836730628737,0,0.0,100,100,100,30.619402100000116
100,25,0.2,SP_O_function,4,MOSEK,87.26772349606375,76.43979057591623,6.952965235173821,0.9439394310289393,0,0.0,100,100,100,30.498495400000138
100,25,0.2,SP_O_function,4,SCIP,87.26772349606375,76.43979057591623,6.952965235173821,0.9439394310289393,0,0.0,100,100,100,34.77479399999993
100,25,0.2,SP_O_function,4,XPRESS,87.26293872485907,77.03984819734345,6.952965235173821,0.9803165202220353,0,0.0,100,100,100,29.577272200000152
100,25,0.2,OC_function,0,,94.06528227812073,81.3953488372093,8.55263157894737,1.3031817169335733,0,0.0,100,100,100,3.687351999999919
100,25,0.2,OC_function,0,CBC,94.06628253931221,81.3953488372093,8.55263157894737,1.2755994887901996,0,0.0,100,100,100,3.9405439000001934
100,25,0.2,OC_function,0,MOSEK,94.06528227812073,81.3953488372093,8.55263157894737,1.3031817169335733,0,0.0,100,100,100,4.0991634000001795
100,25,0.2,OC_function,0,SCIP,94.06628253931221,81.3953488372093,8.55263157894737,1.2755994887901996,0,0.0,100,100,100,4.1495374999994965
100,25,0.2,OC_function,0,XPRESS,94.06528227812073,81.3953488372093,8.55263157894737,1.3031817169335733,0,0.0,100,100,100,4.086497300000701
100,25,0.2,OC_function,1,,97.45465487884903,90.3448275862069,3.9267015706806205,0.2676191604686804,0,0.0,100,100,100,3.901128299999982
100,25,0.2,OC_function,1,CBC,97.45465487884903,90.3448275862069,3.9267015706806205,0.2676191604686804,0,0.0,100,100,100,3.942667999999685
100,25,0.2,OC_function,1,MOSEK,97.45465487884903,90.3448275862069,3.9267015706806205,0.2676191604686804,0,0.0,100,100,100,3.8286133999999947
100,25,0.2,OC_function,1,SCIP,97.45465487884903,90.3448275862069,3.9267015706806205,0.2676191604686804,0,0.0,100,100,100,4.185043100000257
100,25,0.2,OC_function,1,XPRESS,97.45465487884903,90.3448275862069,3.9267015706806205,0.2676191604686804,0,0.0,100,100,100,4.271738700000242
100,25,0.2,OC_function,2,,90.10441007186544,74.01247401247402,12.362030905077262,1.590584818728936,0,0.0,100,100,100,3.8667144000000917
100,25,0.2,OC_function,2,CBC,90.10441007186544,74.01247401247402,12.362030905077262,1.590584818728936,0,0.0,100,100,100,3.980637900000147
100,25,0.2,OC_function,2,MOSEK,90.10441007186544,74.01247401247402,12.362030905077262,1.590584818728936,0,0.0,100,100,100,3.841387499999655
100,25,0.2,OC_function,2,SCIP,90.10441007186544,74.01247401247402,12.362030905077262,1.590584818728936,0,0.0,100,100,100,4.266439099999843
100,25,0.2,OC_function,2,XPRESS,90.10441007186544,74.01247401247402,12.362030905077262,1.590584818728936,0,0.0,100,100,100,3.827041399999871
100,25,0.2,OC_function,3,,95.67062458987051,87.65432098765432,5.443548387096783,0.5633760120749389,0,0.0,100,100,100,4.078997100000379
100,25,0.2,OC_function,3,CBC,95.67371922377532,87.65432098765432,5.443548387096783,0.49462129658153314,0,0.0,100,100,100,3.975058799999715
100,25,0.2,OC_function,3,MOSEK,95.67062458987051,87.65432098765432,5.443548387096783,0.5633760120749389,0,0.0,100,100,100,3.991032200000518
100,25,0.2,OC_function,3,SCIP,95.67062458987051,87.65432098765432,5.443548387096783,0.5633760120749389,0,0.0,100,100,100,4.819894000000204
100,25,0.2,OC_function,3,XPRESS,95.67371922377532,87.65432098765432,5.443548387096783,0.49462129658153314,0,0.0,100,100,100,3.88102600000002
100,25,0.2,OC_function,4,,87.60119054008794,67.19022687609075,16.47727272727272,3.403265212920203,0,0.0,100,100,100,4.047958899999685
100,25,0.2,OC_function,4,CBC,87.5911601681503,67.19022687609075,23.295454545454547,3.7368265185284413,0,0.0,100,100,100,3.257935399999951
100,25,0.2,OC_function,4,MOSEK,87.60119054008794,67.19022687609075,16.47727272727272,3.403265212920203,0,0.0,100,100,100,3.922014699999636
100,25,0.2,OC_function,4,SCIP,87.5911601681503,67.19022687609075,23.295454545454547,3.7368265185284413,0,0.0,100,100,100,4.192017900000792
100,25,0.2,OC_function,4,XPRESS,87.59565898346226,67.19022687609075,16.47727272727272,3.5220118473503668,0,0.0,100,100,100,3.4952854000002844
100,25,0.5,TTC_O_function,0,,95.81301149504522,86.6,4.462474645030426,0.18670268684904073,0,0.0,100,100,100,20.638103500000398
100,25,0.5,TTC_O_function,0,CBC,95.82836626222925,86.6,4.462474645030426,0.19352086866722246,0,0.0,100,100,100,19.802646400000413
100,25,0.5,TTC_O_function,0,MOSEK,95.81301149504522,86.6,4.462474645030426,0.18670268684904073,0,0.0,100,100,100,18.927347300000292
100,25,0.5,TTC_O_function,0,SCIP,95.81645917750802,86.6,4.462474645030426,0.19308566557244503,0,0.0,100,100,100,22.052193999999872
100,25,0.5,TTC_O_function,0,XPRESS,95.81645917750802,86.6,4.462474645030426,0.19308566557244503,0,0.0,100,100,100,19.12123109999993
100,25,0.5,TTC_O_function,1,,98.14790057422026,92.5,2.0,0.02940074390411894,0,0.0,100,100,100,20.125917400000617
100,25,0.5,TTC_O_function,1,CBC,98.14147776993174,92.5,2.0,0.02940074390411894,0,0.0,100,100,100,20.658412599999792
100,25,0.5,TTC_O_function,1,MOSEK,98.14790057422026,92.5,2.0,0.02940074390411894,0,0.0,100,100,100,21.524317800000063
100,25,0.5,TTC_O_function,1,SCIP,98.14790057422026,92.5,2.0,0.02940074390411894,0,0.0,100,100,100,23.439078400000653
100,25,0.5,TTC_O_function,1,XPRESS,98.14147776993174,92.5,2.0,0.02940074390411894,0,0.0,100,100,100,20.256610999999793
100,25,0.5,TTC_O_function,2,,92.46517791866309,76.79856115107914,5.733944954128447,0.27308784657250784,0,0.0,100,100,100,19.087571600000047
100,25,0.5,TTC_O_function,2,CBC,92.46517791866309,76.79856115107914,5.733944954128447,0.27308784657250784,0,0.0,100,100,100,18.26224270000057
100,25,0.5,TTC_O_function,2,MOSEK,92.46517791866309,76.79856115107914,5.733944954128447,0.27308784657250784,0,0.0,100,100,100,18.945384499999818
100,25,0.5,TTC_O_function,2,SCIP,92.46517791866309,76.79856115107914,5.733944954128447,0.27308784657250784,0,0.0,100,100,100,22.040807599999425
100,25,0.5,TTC_O_function,2,XPRESS,92.46517791866309,76.79856115107914,5.733944954128447,0.27308784657250784,0,0.0,100,100,100,19.542838600000323
100,25,0.5,TTC_O_function,3,,96.71482741653662,90.52224371373308,4.651162790697683,0.1666009935836054,0,0.0,100,100,100,19.956266799999867
100,25,0.5,TTC_O_function,3,CBC,96.71482741653662,90.52224371373308,4.651162790697683,0.1666009935836054,0,0.0,100,100,100,20.547106500000154
100,25,0.5,TTC_O_function,3,MOSEK,96.71482741653662,90.52224371373308,4.651162790697683,0.1666009935836054,0,0.0,100,100,100,19.348543000000063
100,25,0.5,TTC_O_function,3,SCIP,96.71482741653662,90.52224371373308,4.651162790697683,0.1666009935836054,0,0.0,100,100,100,22.029827100000148
100,25,0.5,TTC_O_function,3,XPRESS,96.71482741653662,90.52224371373308,4.651162790697683,0.1666009935836054,0,0.0,100,100,100,20.449005800000123
100,25,0.5,TTC_O_function,4,,90.5553375839076,80.39538714991762,6.15384615384616,0.5893280515532663,0,0.0,100,100,100,18.453450099999827
100,25,0.5,TTC_O_function,4,CBC,90.5553375839076,80.39538714991762,6.15384615384616,0.5893280515532663,0,0.0,100,100,100,18.40375700000004
100,25,0.5,TTC_O_function,4,MOSEK,90.5553375839076,80.39538714991762,6.15384615384616,0.5893280515532663,0,0.0,100,100,100,18.677557199999683
100,25,0.5,TTC_O_function,4,SCIP,90.5553375839076,80.39538714991762,6.15384615384616,0.5893280515532663,0,0.0,100,100,100,21.45849580000049
100,25,0.5,TTC_O_function,4,XPRESS,90.57463126952655,80.39538714991762,6.15384615384616,0.6217167155208778,0,0.0,100,100,100,18.635926399999335
100,25,0.5,SP_O_function,0,,95.81301149504522,86.6,4.462474645030426,0.18670268684904073,0,0.0,100,100,100,32.360022099999696
100,25,0.5,SP_O_function,0,CBC,95.82836626222925,86.6,4.462474645030426,0.19352086866722246,0,0.0,100,100,100,32.77360559999943
100,25,0.5,SP_O_function,0,MOSEK,95.81301149504522,86.6,4.462474645030426,0.18670268684904073,0,0.0,100,100,100,33.36319380000077
100,25,0.5,SP_O_function,0,SCIP,95.81645917750802,86.6,4.462474645030426,0.19308566557244503,0,0.0,100,100,100,35.29762589999973
100,25,0.5,SP_O_function,0,XPRESS,95.81645917750802,86.6,4.462474645030426,0.19308566557244503,0,0.0,100,100,100,32.96289049999996
100,25,0.5,SP_O_function,1,,98.14790057422026,92.5,2.0,0.02940074390411894,0,0.0,100,100,100,34.627878399999645
100,25,0.5,SP_O_function,1,CBC,98.14147776993174,92.5,2.0,0.02940074390411894,0,0.0,100,100,100,33.54144409999935
100,25,0.5,SP_O_function,1,MOSEK,98.14790057422026,92.5,2.0,0.02940074390411894,0,0.0,100,100,100,34.3779813000001
100,25,0.5,SP_O_function,1,SCIP,98.14790057422026,92.5,2.0,0.02940074390411894,0,0.0,100,100,100,37.86713800000052
100,25,0.5,SP_O_function,1,XPRESS,98.14147776993174,92.5,2.0,0.02940074390411894,0,0.0,100,100,100,34.34453949999988
100,25,0.5,SP_O_function,2,,92.46517791866309,76.79856115107914,5.733944954128447,0.27308784657250784,0,0.0,100,100,100,31.57391120000011
100,25,0.5,SP_O_function,2,CBC,92.46517791866309,76.79856115107914,5.733944954128447,0.27308784657250784,0,0.0,100,100,100,31.062318199999936
100,25,0.5,SP_O_function,2,MOSEK,92.46517791866309,76.79856115107914,5.733944954128447,0.27308784657250784,0,0.0,100,100,100,35.24224030000005
100,25,0.5,SP_O_function,2,SCIP,92.46517791866309,76.79856115107914,5.733944954128447,0.27308784657250784,0,0.0,100,100,100,33.237069700000575
100,25,0.5,SP_O_function,2,XPRESS,92.46517791866309,76.79856115107914,5.733944954128447,0.27308784657250784,0,0.0,100,100,100,36.70823279999968
100,25,0.5,SP_O_function,3,,96.71482741653662,90.52224371373308,4.651162790697683,0.1666009935836054,0,0.0,100,100,100,84.90236390000064
100,25,0.5,SP_O_function,3,CBC,96.71482741653662,90.52224371373308,4.651162790697683,0.1666009935836054,0,0.0,100,100,100,84.03812259999995
100,25,0.5,SP_O_function,3,MOSEK,96.71482741653662,90.52224371373308,4.651162790697683,0.1666009935836054,0,0.0,100,100,100,83.51332719999937
100,25,0.5,SP_O_function,3,SCIP,96.71482741653662,90.52224371373308,4.651162790697683,0.1666009935836054,0,0.0,100,100,100,93.86696289999963
100,25,0.5,SP_O_function,3,XPRESS,96.71482741653662,90.52224371373308,4.651162790697683,0.1666009935836054,0,0.0,100,100,100,83.16265829999975
100,25,0.5,SP_O_function,4,,90.5553375839076,80.39538714991762,6.15384615384616,0.5893280515532663,0,0.0,100,100,100,78.27106800000001
100,25,0.5,SP_O_function,4,CBC,90.5553375839076,80.39538714991762,6.15384615384616,0.5893280515532663,0,0.0,100,100,100,78.12971050000033
100,25,0.5,SP_O_function,4,MOSEK,90.5553375839076,80.39538714991762,6.15384615384616,0.5893280515532663,0,0.0,100,100,100,81.68795379999938
100,25,0.5,SP_O_function,4,SCIP,90.5553375839076,80.39538714991762,6.15384615384616,0.5893280515532663,0,0.0,100,100,100,91.9579735999996
100,25,0.5,SP_O_function,4,XPRESS,90.57463126952655,80.39538714991762,6.15384615384616,0.6217167155208778,0,0.0,100,100,100,79.44413650000024
100,25,0.5,OC_function,0,,95.84849762312126,87.47433264887063,5.668016194331983,0.5643160387841281,0,0.0,100,100,100,9.541485699999612
100,25,0.5,OC_function,0,CBC,95.84860727224407,87.47433264887063,5.668016194331983,0.5643160387841281,0,0.0,100,100,100,8.839553399999204
100,25,0.5,OC_function,0,MOSEK,95.84849762312126,87.47433264887063,5.668016194331983,0.5643160387841281,0,0.0,100,100,100,9.587831599999845
100,25,0.5,OC_function,0,SCIP,95.84860727224407,87.47433264887063,5.668016194331983,0.5643160387841281,0,0.0,100,100,100,9.825307299999622
100,25,0.5,OC_function,0,XPRESS,95.84849762312126,87.47433264887063,5.668016194331983,0.5643160387841281,0,0.0,100,100,100,9.735188100000414
100,25,0.5,OC_function,1,,98.25566618219577,91.1504424778761,2.631578947368425,0.07006568729107102,0,0.0,100,100,100,9.287653899999896
100,25,0.5,OC_function,1,CBC,98.2523811955767,91.1504424778761,2.631578947368425,0.06487088209626592,0,0.0,100,100,100,9.559209600000031
100,25,0.5,OC_function,1,MOSEK,98.25566618219577,91.1504424778761,2.631578947368425,0.07006568729107102,0,0.0,100,100,100,8.861205500000324
100,25,0.5,OC_function,1,SCIP,98.2523811955767,91.1504424778761,2.631578947368425,0.06487088209626592,0,0.0,100,100,100,10.316621400000258
100,25,0.5,OC_function,1,XPRESS,98.25554366660839,91.1504424778761,2.631578947368425,0.07006568729107102,0,0.0,100,100,100,9.14232500000071
100,25,0.5,OC_function,2,,92.57874250217868,75.9765625,11.44578313253011,1.2697354594094903,0,0.0,100,100,100,8.647769300000618
100,25,0.5,OC_function,2,CBC,92.57874250217868,75.9765625,11.44578313253011,1.2697354594094903,0,0.0,100,100,100,9.914557500000228
100,25,0.5,OC_function,2,MOSEK,92.57874250217868,75.9765625,11.44578313253011,1.2697354594094903,0,0.0,100,100,100,8.945106000000123
100,25,0.5,OC_function,2,SCIP,92.57874250217868,75.9765625,11.44578313253011,1.2697354594094903,0,0.0,100,100,100,10.611921200000324
100,25,0.5,OC_function,2,XPRESS,92.57874250217868,75.9765625,11.44578313253011,1.2697354594094903,0,0.0,100,100,100,9.642547899999954
100,25,0.5,OC_function,3,,96.89952577193635,90.52224371373308,5.69852941176471,0.20135796033731437,0,0.0,100,100,100,9.356498699999975
100,25,0.5,OC_function,3,CBC,96.90202010300213,90.52224371373308,5.69852941176471,0.2156436746230287,0,0.0,100,100,100,9.975809499999741
100,25,0.5,OC_function,3,MOSEK,96.89952577193635,90.52224371373308,5.69852941176471,0.20135796033731437,0,0.0,100,100,100,9.220457700000225
100,25,0.5,OC_function,3,SCIP,96.89952577193635,90.52224371373308,5.69852941176471,0.20135796033731437,0,0.0,100,100,100,10.60062730000027
100,25,0.5,OC_function,3,XPRESS,96.89952577193635,90.52224371373308,5.69852941176471,0.20135796033731437,0,0.0,100,100,100,9.582093799999711
100,25,0.5,OC_function,4,,90.84331649665315,76.29382303839732,23.339317773788153,2.1167921649009633,0,0.0,100,100,100,9.356631099999504
100,25,0.5,OC_function,4,CBC,90.84331649665315,76.29382303839732,23.339317773788153,2.1167921649009633,0,0.0,100,100,100,9.50208019999991
100,25,0.5,OC_function,4,MOSEK,90.84331649665315,76.29382303839732,23.339317773788153,2.1167921649009633,0,0.0,100,100,100,8.962215999999898
100,25,0.5,OC_function,4,SCIP,90.84331649665315,76.29382303839732,23.339317773788153,2.1167921649009633,0,0.0,100,100,100,10.688956200000575
100,25,0.5,OC_function,4,XPRESS,90.84331649665315,76.29382303839732,23.339317773788153,2.1167921649009633,0,0.0,100,100,100,9.033394000000044
100,25,0.8,TTC_O_function,0,,96.84108280385607,88.2466281310212,2.457466918714559,0.1114470384190956,0,0.0,100,100,100,50.33035120000022
100,25,0.8,TTC_O_function,0,CBC,96.84108280385607,88.2466281310212,2.457466918714559,0.1114470384190956,0,0.0,100,100,100,49.61763769999925
100,25,0.8,TTC_O_function,0,MOSEK,96.84108280385607,88.2466281310212,2.457466918714559,0.1114470384190956,0,0.0,100,100,100,50.60755289999997
100,25,0.8,TTC_O_function,0,SCIP,96.84108280385607,88.2466281310212,2.457466918714559,0.1114470384190956,0,0.0,100,100,100,57.75184420000005
100,25,0.8,TTC_O_function,0,XPRESS,96.84108280385607,88.2466281310212,2.457466918714559,0.1114470384190956,0,0.0,100,100,100,49.41235620000043
100,25,0.8,TTC_O_function,1,,98.73895532311379,94.12878787878788,3.966597077244259,0.04318090926101917,0,0.0,100,100,100,50.947840499999984
100,25,0.8,TTC_O_function,1,CBC,98.80362341612403,94.37609841827768,0.35149384885765755,0.0035149384885765755,0,0.0,100,100,100,19.678221600000143
100,25,0.8,TTC_O_function,1,MOSEK,98.73895532311379,94.12878787878788,3.966597077244259,0.04318090926101917,0,0.0,100,100,100,20.094878799999606
100,25,0.8,TTC_O_function,1,SCIP,98.73895532311379,94.12878787878788,3.966597077244259,0.04318090926101917,0,0.0,100,100,100,32.231657300000734
100,25,0.8,TTC_O_function,1,XPRESS,98.73895532311379,94.12878787878788,3.966597077244259,0.04318090926101917,0,0.0,100,100,100,38.29610169999978
100,25,0.8,TTC_O_function,2,,94.03011791438918,80.23450586264657,9.310344827586206,0.5056589319669991,0,0.0,100,100,100,33.255321800000274
100,25,0.8,TTC_O_function,2,CBC,94.03011791438918,80.23450586264657,9.310344827586206,0.5056589319669991,0,0.0,100,100,100,16.01552840000022
100,25,0.8,TTC_O_function,2,MOSEK,94.03011791438918,80.23450586264657,9.310344827586206,0.5056589319669991,0,0.0,100,100,100,42.30221359999996
100,25,0.8,TTC_O_function,2,SCIP,94.03011791438918,80.23450586264657,9.310344827586206,0.5056589319669991,0,0.0,100,100,100,55.81442539999989
100,25,0.8,TTC_O_function,2,XPRESS,94.03011791438918,80.23450586264657,9.310344827586206,0.5056589319669991,0,0.0,100,100,100,56.04782259999956
100,25,0.8,TTC_O_function,3,,97.56190012755776,91.05839416058394,1.9120458891013499,0.02342153415983063,0,0.0,100,100,100,53.82575120000001
100,25,0.8,TTC_O_function,3,CBC,97.56190012755776,91.05839416058394,1.9120458891013499,0.02342153415983063,0,0.0,100,100,100,49.83760929999971
100,25,0.8,TTC_O_function,3,MOSEK,97.56190012755776,91.05839416058394,1.9120458891013499,0.02342153415983063,0,0.0,100,100,100,49.28692199999932
100,25,0.8,TTC_O_function,3,SCIP,97.56190012755776,91.05839416058394,1.9120458891013499,0.02342153415983063,0,0.0,100,100,100,54.24057690000063
100,25,0.8,TTC_O_function,3,XPRESS,97.56190012755776,91.05839416058394,1.9120458891013499,0.02342153415983063,0,0.0,100,100,100,30.93145430000004
100,25,0.8,TTC_O_function,4,,92.76503991978345,79.41176470588235,11.816578483245138,0.65993061505824,0,0.0,100,100,100,22.797717100000227
100,25,0.8,TTC_O_function,4,CBC,92.76503991978345,79.41176470588235,11.816578483245138,0.65993061505824,0,0.0,100,100,100,38.83086379999986
100,25,0.8,TTC_O_function,4,MOSEK,92.76503991978345,79.41176470588235,11.816578483245138,0.65993061505824,0,0.0,100,100,100,42.58943769999951
100,25,0.8,TTC_O_function,4,SCIP,92.76503991978345,79.41176470588235,11.816578483245138,0.65993061505824,0,0.0,100,100,100,51.63625740000043
100,25,0.8,TTC_O_function,4,XPRESS,92.76503991978345,79.41176470588235,11.816578483245138,0.65993061505824,0,0.0,100,100,100,49.006173200000376
100,25,0.8,SP_O_function,0,,96.84108280385607,88.2466281310212,2.457466918714559,0.1114470384190956,0,0.0,100,100,100,86.06711770000038
100,25,0.8,SP_O_function,0,CBC,96.84108280385607,88.2466281310212,2.457466918714559,0.1114470384190956,0,0.0,100,100,100,88.29801520000001
100,25,0.8,SP_O_function,0,MOSEK,96.84108280385607,88.2466281310212,2.457466918714559,0.1114470384190956,0,0.0,100,100,100,83.99455200000011
100,25,0.8,SP_O_function,0,SCIP,96.84108280385607,88.2466281310212,2.457466918714559,0.1114470384190956,0,0.0,100,100,100,90.47657220000019
100,25,0.8,SP_O_function,0,XPRESS,96.84108280385607,88.2466281310212,2.457466918714559,0.1114470384190956,0,0.0,100,100,100,77.40733
100,25,0.8,SP_O_function,1,,98.73895532311379,94.12878787878788,3.966597077244259,0.04318090926101917,0,0.0,100,100,100,81.4826864000006
100,25,0.8,SP_O_function,1,CBC,98.80362341612403,94.37609841827768,0.35149384885765755,0.0035149384885765755,0,0.0,100,100,100,63.845525500000804
100,25,0.8,SP_O_function,1,MOSEK,98.73895532311379,94.12878787878788,3.966597077244259,0.04318090926101917,0,0.0,100,100,100,51.8370560000003
100,25,0.8,SP_O_function,1,SCIP,98.73895532311379,94.12878787878788,3.966597077244259,0.04318090926101917,0,0.0,100,100,100,48.748127299999396
100,25,0.8,SP_O_function,1,XPRESS,98.73895532311379,94.12878787878788,3.966597077244259,0.04318090926101917,0,0.0,100,100,100,42.28788329999952
100,25,0.8,SP_O_function,2,,94.03011791438918,80.23450586264657,9.310344827586206,0.5056589319669991,0,0.0,100,100,100,39.32962529999895
100,25,0.8,SP_O_function,2,CBC,94.03011791438918,80.23450586264657,9.310344827586206,0.5056589319669991,0,0.0,100,100,100,40.12026110000079
100,25,0.8,SP_O_function,2,MOSEK,94.03011791438918,80.23450586264657,9.310344827586206,0.5056589319669991,0,0.0,100,100,100,39.13003489999937
100,25,0.8,SP_O_function,2,SCIP,94.03011791438918,80.23450586264657,9.310344827586206,0.5056589319669991,0,0.0,100,100,100,67.80900529999963
100,25,0.8,SP_O_function,2,XPRESS,94.03011791438918,80.23450586264657,9.310344827586206,0.5056589319669991,0,0.0,100,100,100,73.945802799999
100,25,0.8,SP_O_function,3,,97.56190012755776,91.05839416058394,1.9120458891013499,0.02342153415983063,0,0.0,100,100,100,82.54240469999968
100,25,0.8,SP_O_function,3,CBC,97.56190012755776,91.05839416058394,1.9120458891013499,0.02342153415983063,0,0.0,100,100,100,65.43513610000082
100,25,0.8,SP_O_function,3,MOSEK,97.56190012755776,91.05839416058394,1.9120458891013499,0.02342153415983063,0,0.0,100,100,100,61.01980100000037
100,25,0.8,SP_O_function,3,SCIP,97.56190012755776,91.05839416058394,1.9120458891013499,0.02342153415983063,0,0.0,100,100,100,108.96598999999878
100,25,0.8,SP_O_function,3,XPRESS,97.56190012755776,91.05839416058394,1.9120458891013499,0.02342153415983063,0,0.0,100,100,100,79.23162159999993
100,25,0.8,SP_O_function,4,,92.76503991978345,79.41176470588235,11.816578483245138,0.65993061505824,0,0.0,100,100,100,43.894398500000534
100,25,0.8,SP_O_function,4,CBC,92.76503991978345,79.41176470588235,11.816578483245138,0.65993061505824,0,0.0,100,100,100,51.36041610000029
100,25,0.8,SP_O_function,4,MOSEK,92.76503991978345,79.41176470588235,11.816578483245138,0.65993061505824,0,0.0,100,100,100,57.73884379999981
100,25,0.8,SP_O_function,4,SCIP,92.76503991978345,79.41176470588235,11.816578483245138,0.65993061505824,0,0.0,100,100,100,54.62827780000043
100,25,0.8,SP_O_function,4,XPRESS,92.76503991978345,79.41176470588235,11.816578483245138,0.65993061505824,0,0.0,100,100,100,60.400350299998536
100,25,0.8,OC_function,0,,97.00186608594984,88.2466281310212,4.780114722753339,0.16599166791379574,0,0.0,100,100,100,7.251088499999241
100,25,0.8,OC_function,0,CBC,97.00186608594984,88.2466281310212,4.780114722753339,0.16599166791379574,0,0.0,100,100,100,8.923274200000378
100,25,0.8,OC_function,0,MOSEK,97.00186608594984,88.2466281310212,4.780114722753339,0.16599166791379574,0,0.0,100,100,100,8.776480199998332
100,25,0.8,OC_function,0,SCIP,97.00186608594984,88.2466281310212,4.780114722753339,0.16599166791379574,0,0.0,100,100,100,11.754865400000199
100,25,0.8,OC_function,0,XPRESS,97.00191627058749,88.2466281310212,4.780114722753339,0.16599166791379574,0,0.0,100,100,100,7.51047810000091
100,25,0.8,OC_function,1,,98.83682286311536,92.35181644359464,0.2439024390243958,0.002439024390243958,0,0.0,100,100,100,8.757176199998867
100,25,0.8,OC_function,1,CBC,98.83775537691254,92.35181644359464,0.2439024390243958,0.002439024390243958,0,0.0,100,100,100,14.086553499999354
100,25,0.8,OC_function,1,MOSEK,98.83682286311536,92.35181644359464,0.2439024390243958,0.002439024390243958,0,0.0,100,100,100,8.595350199999302
100,25,0.8,OC_function,1,SCIP,98.83775537691254,92.35181644359464,0.2439024390243958,0.002439024390243958,0,0.0,100,100,100,14.264260899999499
100,25,0.8,OC_function,1,XPRESS,98.83917510111556,92.35181644359464,0.2439024390243958,0.002439024390243958,0,0.0,100,100,100,10.214041400000497
100,25,0.8,OC_function,2,,94.3347124000929,82.74706867671692,5.579399141630915,0.422001368969115,0,0.0,100,100,100,9.5410310999996
100,25,0.8,OC_function,2,CBC,94.3347124000929,82.74706867671692,5.579399141630915,0.422001368969115,0,0.0,100,100,100,10.38016609999977
100,25,0.8,OC_function,2,MOSEK,94.3347124000929,82.74706867671692,5.579399141630915,0.422001368969115,0,0.0,100,100,100,9.126552700001412
100,25,0.8,OC_function,2,SCIP,94.3347124000929,82.74706867671692,5.579399141630915,0.422001368969115,0,0.0,100,100,100,12.90613569999914
100,25,0.8,OC_function,2,XPRESS,94.3347124000929,82.74706867671692,5.579399141630915,0.422001368969115,0,0.0,100,100,100,12.562170299999707
100,25,0.8,OC_function,3,,97.594600933897,89.8876404494382,2.1505376344086073,0.05196515061851287,0,0.0,100,100,100,7.8021346000005
100,25,0.8,OC_function,3,CBC,97.594600933897,89.8876404494382,2.1505376344086073,0.05196515061851287,0,0.0,100,100,100,7.88883370000076
100,25,0.8,OC_function,3,MOSEK,97.594600933897,89.8876404494382,2.1505376344086073,0.05196515061851287,0,0.0,100,100,100,6.623958799998945
100,25,0.8,OC_function,3,SCIP,97.59349286164623,89.8876404494382,2.1505376344086073,0.05196515061851287,0,0.0,100,100,100,5.269243599999754
100,25,0.8,OC_function,3,XPRESS,97.594600933897,89.8876404494382,2.1505376344086073,0.05196515061851287,0,0.0,100,100,100,5.019461199999569
100,25,0.8,OC_function,4,,92.73208997395854,77.77777777777779,17.905405405405403,1.527166438649204,0,0.0,100,100,100,4.795602500000314
100,25,0.8,OC_function,4,CBC,92.73208997395854,77.77777777777779,17.905405405405403,1.527166438649204,0,0.0,100,100,100,4.738901000000624
100,25,0.8,OC_function,4,MOSEK,92.73208997395854,77.77777777777779,17.905405405405403,1.527166438649204,0,0.0,100,100,100,4.851289499998529
100,25,0.8,OC_function,4,SCIP,92.73208997395854,77.77777777777779,17.905405405405403,1.527166438649204,0,0.0,100,100,100,5.349278899999263
100,25,0.8,OC_function,4,XPRESS,92.73208997395854,77.77777777777779,17.905405405405403,1.527166438649204,0,0.0,100,100,100,5.016571800000747
100,25,1,TTC_O_function,0,,97.46131900413997,88.88888888888889,3.6053130929791166,0.07794269779726491,0,0.0,100,100,100,25.817363199999818
100,25,1,TTC_O_function,0,CBC,97.46131900413997,88.88888888888889,3.6053130929791166,0.07794269779726491,0,0.0,100,100,100,26.022441299999628
100,25,1,TTC_O_function,0,MOSEK,97.46131900413997,88.88888888888889,3.6053130929791166,0.07794269779726491,0,0.0,100,100,100,25.455144999999902
100,25,1,TTC_O_function,0,SCIP,97.47904128517298,88.88888888888889,3.6053130929791166,0.08186426642471574,0,0.0,100,100,100,30.625125799999296
100,25,1,TTC_O_function,0,XPRESS,97.47904128517298,88.88888888888889,3.6053130929791166,0.08186426642471574,0,0.0,100,100,100,25.864831299999423
100,25,1,TTC_O_function,1,,99.04102034082025,94.88752556237219,0.0,0.0,0,0.0,100,100,100,27.5624669000008
100,25,1,TTC_O_function,1,CBC,99.00415753084326,94.88752556237219,0.0,0.0,0,0.0,100,100,100,27.555677399999695
100,25,1,TTC_O_function,1,MOSEK,99.04102034082025,94.88752556237219,0.0,0.0,0,0.0,100,100,100,27.89488059999894
100,25,1,TTC_O_function,1,SCIP,99.02062710381804,94.88752556237219,0.0,0.0,0,0.0,100,100,100,31.88561469999877
100,25,1,TTC_O_function,1,XPRESS,99.04102034082025,94.88752556237219,0.0,0.0,0,0.0,100,100,100,27.59234219999962
100,25,1,TTC_O_function,2,,94.9059678620287,82.86713286713287,3.036876355748376,0.1751275162013863,0,0.0,100,100,100,23.88399709999976
100,25,1,TTC_O_function,2,CBC,94.9198785392378,82.86713286713287,3.036876355748376,0.1686817473336835,0,0.0,100,100,100,23.915761699998257
100,25,1,TTC_O_function,2,MOSEK,94.9059678620287,82.86713286713287,3.036876355748376,0.1751275162013863,0,0.0,100,100,100,25.665283499998623
100,25,1,TTC_O_function,2,SCIP,94.94136554732788,82.86713286713287,3.036876355748376,0.15986034062886717,0,0.0,100,100,100,28.34044569999969
100,25,1,TTC_O_function,2,XPRESS,94.93055981411472,82.86713286713287,3.036876355748376,0.15794829473976577,0,0.0,100,100,100,24.46724560000075
100,25,1,TTC_O_function,3,,98.04433172341955,91.3884007029877,4.788213627992633,0.08899559037055994,0,0.0,100,100,100,26.312600799999927
100,25,1,TTC_O_function,3,CBC,98.04433172341955,91.3884007029877,4.788213627992633,0.08899559037055994,0,0.0,100,100,100,26.48229319999882
100,25,1,TTC_O_function,3,MOSEK,98.04433172341955,91.3884007029877,4.788213627992633,0.08899559037055994,0,0.0,100,100,100,26.10887019999973
100,25,1,TTC_O_function,3,SCIP,98.04433172341955,91.3884007029877,4.788213627992633,0.08899559037055994,0,0.0,100,100,100,30.49659679999968
100,25,1,TTC_O_function,3,XPRESS,98.04433172341955,91.3884007029877,4.788213627992633,0.08899559037055994,0,0.0,100,100,100,26.916183200000887
100,25,1,TTC_O_function,4,,93.7439689433415,79.89690721649485,14.43298969072164,0.48961409414286805,0,0.0,100,100,100,28.575583499999993
100,25,1,TTC_O_function,4,CBC,93.74400374338047,79.89690721649485,14.43298969072164,0.5034645096553335,0,0.0,100,100,100,25.080568499999572
100,25,1,TTC_O_function,4,MOSEK,93.7439689433415,79.89690721649485,14.43298969072164,0.48961409414286805,0,0.0,100,100,100,24.650065699999686
100,25,1,TTC_O_function,4,SCIP,93.74400374338047,79.89690721649485,14.43298969072164,0.5034645096553335,0,0.0,100,100,100,29.4723369000003
100,25,1,TTC_O_function,4,XPRESS,93.7439689433415,79.89690721649485,14.43298969072164,0.48961409414286805,0,0.0,100,100,100,25.607642600001782
100,25,1,SP_O_function,0,,97.46131900413997,88.88888888888889,3.6053130929791166,0.07794269779726491,0,0.0,100,100,100,43.79543960000046
100,25,1,SP_O_function,0,CBC,97.46131900413997,88.88888888888889,3.6053130929791166,0.07794269779726491,0,0.0,100,100,100,44.38335279999956
100,25,1,SP_O_function,0,MOSEK,97.46131900413997,88.88888888888889,3.6053130929791166,0.07794269779726491,0,0.0,100,100,100,44.407997700000124
100,25,1,SP_O_function,0,SCIP,97.47904128517298,88.88888888888889,3.6053130929791166,0.08186426642471574,0,0.0,100,100,100,50.28409459999966
100,25,1,SP_O_function,0,XPRESS,97.47904128517298,88.88888888888889,3.6053130929791166,0.08186426642471574,0,0.0,100,100,100,42.81639810000161
100,25,1,SP_O_function,1,,99.04102034082025,94.88752556237219,0.0,0.0,0,0.0,100,100,100,46.440025399999286
100,25,1,SP_O_function,1,CBC,99.00415753084326,94.88752556237219,0.0,0.0,0,0.0,100,100,100,46.641828000001624
100,25,1,SP_O_function,1,MOSEK,99.04102034082025,94.88752556237219,0.0,0.0,0,0.0,100,100,100,46.418308199999956
100,25,1,SP_O_function,1,SCIP,99.02062710381804,94.88752556237219,0.0,0.0,0,0.0,100,100,100,52.992142299999614
100,25,1,SP_O_function,1,XPRESS,99.04102034082025,94.88752556237219,0.0,0.0,0,0.0,100,100,100,47.66958419999901
100,25,1,SP_O_function,2,,94.9059678620287,82.86713286713287,3.036876355748376,0.1751275162013863,0,0.0,100,100,100,70.00382889999855
100,25,1,SP_O_function,2,CBC,94.9198785392378,82.86713286713287,3.036876355748376,0.1686817473336835,0,0.0,100,100,100,92.44577500000014
100,25,1,SP_O_function,2,MOSEK,94.9059678620287,82.86713286713287,3.036876355748376,0.1751275162013863,0,0.0,100,100,100,51.31492669999898
100,25,1,SP_O_function,2,SCIP,94.94136554732788,82.86713286713287,3.036876355748376,0.15986034062886717,0,0.0,100,100,100,46.22316099999989
100,25,1,SP_O_function,2,XPRESS,94.93055981411472,82.86713286713287,3.036876355748376,0.15794829473976577,0,0.0,100,100,100,42.28898459999982
100,25,1,SP_O_function,3,,98.04433172341955,91.3884007029877,4.788213627992633,0.08899559037055994,0,0.0,100,100,100,44.950723500000095
100,25,1,SP_O_function,3,CBC,98.04433172341955,91.3884007029877,4.788213627992633,0.08899559037055994,0,0.0,100,100,100,44.996415000001434
100,25,1,SP_O_function,3,MOSEK,98.04433172341955,91.3884007029877,4.788213627992633,0.08899559037055994,0,0.0,100,100,100,53.028499800000645
100,25,1,SP_O_function,3,SCIP,98.04433172341955,91.3884007029877,4.788213627992633,0.08899559037055994,0,0.0,100,100,100,51.51737959999991
100,25,1,SP_O_function,3,XPRESS,98.04433172341955,91.3884007029877,4.788213627992633,0.08899559037055994,0,0.0,100,100,100,53.71908240000084
100,25,1,SP_O_function,4,,93.7439689433415,79.89690721649485,14.43298969072164,0.48961409414286805,0,0.0,100,100,100,68.56484249999994
100,25,1,SP_O_function,4,CBC,93.74400374338047,79.89690721649485,14.43298969072164,0.5034645096553335,0,0.0,100,100,100,54.61058740000044
100,25,1,SP_O_function,4,MOSEK,93.7439689433415,79.89690721649485,14.43298969072164,0.48961409414286805,0,0.0,100,100,100,55.20074790000035
100,25,1,SP_O_function,4,SCIP,93.74400374338047,79.89690721649485,14.43298969072164,0.5034645096553335,0,0.0,100,100,100,61.89093469999898
100,25,1,SP_O_function,4,XPRESS,93.7439689433415,79.89690721649485,14.43298969072164,0.48961409414286805,0,0.0,100,100,100,54.30277820000083
100,25,1,OC_function,0,,97.60271732855642,90.44862518089725,3.047619047619037,0.11836443668209455,0,0.0,100,100,100,6.053036699999211
100,25,1,OC_function,0,CBC,97.60271732855642,90.44862518089725,3.047619047619037,0.11836443668209455,0,0.0,100,100,100,6.304653499999404
100,25,1,OC_function,0,MOSEK,97.60271732855642,90.44862518089725,3.047619047619037,0.11836443668209455,0,0.0,100,100,100,6.176369100001466
100,25,1,OC_function,0,SCIP,97.59763981527281,90.44862518089725,3.047619047619037,0.11836443668209455,0,0.0,100,100,100,6.679948900000454
100,25,1,OC_function,0,XPRESS,97.59768763070525,90.44862518089725,3.047619047619037,0.11444286805464372,0,0.0,100,100,100,6.308139599999777
100,25,1,OC_function,1,,99.04200624694852,95.29220779220779,0.0,0.0,0,0.0,100,100,100,6.122619699999632
100,25,1,OC_function,1,CBC,99.04200624694852,95.29220779220779,0.0,0.0,0,0.0,100,100,100,6.087137300000904
100,25,1,OC_function,1,MOSEK,99.04200624694852,95.29220779220779,0.0,0.0,0,0.0,100,100,100,5.906783099999302
100,25,1,OC_function,1,SCIP,99.04200624694852,95.29220779220779,0.0,0.0,0,0.0,100,100,100,6.699144199999864
100,25,1,OC_function,1,XPRESS,99.04200624694852,95.29220779220779,0.0,0.0,0,0.0,100,100,100,6.279376599999523
100,25,1,OC_function,2,,95.10679097461654,83.98692810457517,3.9215686274509665,0.22791783111829303,0,0.0,100,100,100,6.240847700000813
100,25,1,OC_function,2,CBC,95.10679097461654,83.98692810457517,3.9215686274509665,0.22791783111829303,0,0.0,100,100,100,6.08421879999878
100,25,1,OC_function,2,MOSEK,95.10679097461654,83.98692810457517,3.9215686274509665,0.22791783111829303,0,0.0,100,100,100,6.162463200000275
100,25,1,OC_function,2,SCIP,95.10664963241528,83.98692810457517,3.9215686274509665,0.19934640254686442,0,0.0,100,100,100,6.977402000000438
100,25,1,OC_function,2,XPRESS,95.10664963241528,83.98692810457517,3.9215686274509665,0.19934640254686442,0,0.0,100,100,100,6.452987100001337
100,25,1,OC_function,3,,98.10869200104784,91.3884007029877,1.6701461377870572,0.04711692397930704,0,0.0,100,100,100,5.973507000000609
100,25,1,OC_function,3,CBC,98.10869200104784,91.3884007029877,1.6701461377870572,0.04711692397930704,0,0.0,100,100,100,6.442906199999925
100,25,1,OC_function,3,MOSEK,98.10869200104784,91.3884007029877,1.6701461377870572,0.04711692397930704,0,0.0,100,100,100,6.068249800000558
100,25,1,OC_function,3,SCIP,98.10869200104784,91.3884007029877,1.6701461377870572,0.04711692397930704,0,0.0,100,100,100,7.142708400000629
100,25,1,OC_function,3,XPRESS,98.10869200104784,91.3884007029877,1.6701461377870572,0.04711692397930704,0,0.0,100,100,100,7.311527099998784
100,25,1,OC_function,4,,93.62939950302753,80.55105348460292,11.345218800648297,1.0840850055761566,0,0.0,100,100,100,5.257430400000885
100,25,1,OC_function,4,CBC,93.62939950302753,80.55105348460292,11.345218800648297,1.0840850055761566,0,0.0,100,100,100,5.050086100000044
100,25,1,OC_function,4,MOSEK,93.62939950302753,80.55105348460292,11.345218800648297,1.0840850055761566,0,0.0,100,100,100,4.9434541999999055
100,25,1,OC_function,4,SCIP,93.62939950302753,80.55105348460292,11.345218800648297,1.0840850055761566,0,0.0,100,100,100,5.680323999999018
100,25,1,OC_function,4,XPRESS,93.62939950302753,80.55105348460292,11.345218800648297,1.0840850055761566,0,0.0,100,100,100,4.8965478999998595
200,25,0,TTC_O_function,0,,56.76942165149489,47.40406320541761,13.300492610837438,2.994703606638954,1,1.0,150,200,200,39.422462200000155
200,25,0,TTC_O_function,0,CBC,56.76954721477363,47.40406320541761,13.300492610837438,2.989392176999645,1,1.0,150,200,200,45.758122499999445
200,25,0,TTC_O_function,0,MOSEK,56.76942165149489,47.40406320541761,13.300492610837438,2.994703606638954,1,1.0,150,200,200,46.79268339999908
200,25,0,TTC_O_function,0,SCIP,56.769068197659635,47.40406320541761,13.54679802955664,3.009359633648655,1,1.0,150,200,200,84.78421140000137
