max_total_agent_capacity,algorithm,random_seed,solver,utilitarian_value,egalitarian_value,max_envy,mean_envy,max_deficit,mean_deficit,num_with_top_1,num_with_top_2,num_with_top_3,runtime
1000,iterated_maximum_matching_unadjusted,0,no_solver,93.6971322,66.6,64.83253589,3.932272725,4,0.625641026,195,195,195,0.3323339
1000,iterated_maximum_matching_unadjusted,1,no_solver,93.7637264,50,64.83253589,4.580196432,4,0.601010101,198,198,198,0.4009445
1000,iterated_maximum_matching_unadjusted,2,no_solver,92.86367067,50,64.83253589,4.198116427,4,0.742268041,194,194,194,0.3521567
1000,iterated_maximum_matching_unadjusted,3,no_solver,94.57339355,66.6,64.83253589,1.274675504,4,0.476439791,191,191,191,0.4738206
1000,iterated_maximum_matching_unadjusted,4,no_solver,92.84580286,50,64.83253589,4.890182829,4,0.527918782,197,197,197,0.418153
1000,iterated_maximum_matching_unadjusted,5,no_solver,93.21411322,66.6,64.83253589,4.451385465,4,0.369230769,195,195,195,0.4997823
1000,iterated_maximum_matching_unadjusted,6,no_solver,94.27600559,66.6,66.26794258,4.069569862,4,0.507614213,197,197,197,0.4546048
1000,iterated_maximum_matching_unadjusted,7,no_solver,93.9151424,50,64.83253589,3.412495876,4,0.425641026,195,195,195,0.5042842
1000,iterated_maximum_matching_unadjusted,8,no_solver,93.87721422,66.6,64.83253589,2.677392224,4,0.487046632,193,193,193,0.4162104
1000,iterated_maximum_matching_unadjusted,9,no_solver,93.60698941,66.6,64.83253589,2.339916139,4,0.577319588,194,194,194,0.3553999
1000,iterated_maximum_matching_adjusted,0,no_solver,93.6971322,66.6,64.83253589,3.932272725,4,0.625641026,195,195,195,0.4218252
1000,iterated_maximum_matching_adjusted,1,no_solver,93.7637264,50,64.83253589,4.580196432,4,0.601010101,198,198,198,0.4005008
1000,iterated_maximum_matching_adjusted,2,no_solver,92.86367067,50,64.83253589,4.198116427,4,0.742268041,194,194,194,0.3618981
1000,iterated_maximum_matching_adjusted,3,no_solver,94.57339355,66.6,64.83253589,1.274675504,4,0.476439791,191,191,191,0.4126518
1000,iterated_maximum_matching_adjusted,4,no_solver,92.84580286,50,64.83253589,4.890182829,4,0.527918782,197,197,197,0.4619471
1000,iterated_maximum_matching_adjusted,5,no_solver,93.21411322,66.6,64.83253589,4.451385465,4,0.369230769,195,195,195,0.4307638
1000,iterated_maximum_matching_adjusted,6,no_solver,94.27600559,66.6,66.26794258,4.069569862,4,0.507614213,197,197,197,0.4630558
1000,iterated_maximum_matching_adjusted,7,no_solver,93.9151424,50,64.83253589,3.412495876,4,0.425641026,195,195,195,0.3627194
1000,iterated_maximum_matching_adjusted,8,no_solver,93.87721422,66.6,64.83253589,2.677392224,4,0.487046632,193,193,193,0.4603404
1000,iterated_maximum_matching_adjusted,9,no_solver,93.60698941,66.6,64.83253589,2.339916139,4,0.577319588,194,194,194,0.3919809
1000,TTC_function,0,no_solver,93.72812595,66.6,64.83253589,3.359861883,4,0.625641026,195,195,195,0.1051509
1000,TTC_function,1,no_solver,93.84571187,50,64.83253589,3.753016959,4,0.601010101,198,198,198,0.1370092
1000,TTC_function,2,no_solver,92.8662813,50,64.83253589,4.454302556,4,0.742268041,194,194,194,0.1416432
1000,TTC_function,3,no_solver,94.30112638,66.6,64.83253589,1.44594255,4,0.476439791,191,191,191,0.1436148
1000,TTC_function,4,no_solver,92.8031723,50,64.83253589,4.772927854,4,0.527918782,197,197,197,0.122964
1000,TTC_function,5,no_solver,92.73492346,66.6,64.83253589,2.459211202,4,0.369230769,195,195,195,0.1242545
1000,TTC_function,6,no_solver,94.02050123,66.6,64.83253589,4.141343694,4,0.507614213,197,197,197,0.12616
1000,TTC_function,7,no_solver,93.68809237,50,64.83253589,4.178007445,4,0.425641026,195,195,195,0.1387182
1000,TTC_function,8,no_solver,93.54827309,66.6,64.83253589,2.989278804,4,0.487046632,193,193,193,0.1274864
1000,TTC_function,9,no_solver,92.96697489,66.6,64.83253589,3.37997278,4,0.577319588,194,194,194,0.1204941
1000,SP_function,0,no_solver,93.66764049,66.6,66.26794258,4.179857572,4,0.625641026,195,195,195,0.1256791
1000,SP_function,1,no_solver,93.53641591,50,64.83253589,4.688096661,4,0.601010101,198,198,198,0.143602
1000,SP_function,2,no_solver,92.97071466,50,66.26794258,4.428812513,4,0.742268041,194,194,194,0.1243183
1000,SP_function,3,no_solver,94.10242964,66.6,64.83253589,1.16998127,4,0.476439791,191,191,191,0.1320446
1000,SP_function,4,no_solver,92.95180798,50,66.26794258,5.27623568,4,0.527918782,197,197,197,0.1283697
1000,SP_function,5,no_solver,92.66564582,66.6,66.26794258,3.236420944,4,0.369230769,195,195,195,0.1497066
1000,SP_function,6,no_solver,94.24587083,66.6,66.26794258,3.956846353,4,0.507614213,197,197,197,0.1491682
1000,SP_function,7,no_solver,93.46275501,50,64.83253589,5.034561456,4,0.425641026,195,195,195,0.20025
1000,SP_function,8,no_solver,93.24239798,66.6,64.83253589,4.041074485,4,0.487046632,193,193,193,0.1221868
1000,SP_function,9,no_solver,92.8170411,66.6,64.83253589,3.489176616,4,0.577319588,194,194,194,0.1397036
1115,iterated_maximum_matching_unadjusted,0,no_solver,91.35433971,50,66.26794258,3.992780876,4,0.678899083,218,218,218,0.6530228
1115,iterated_maximum_matching_unadjusted,1,no_solver,91.00305817,50,64.83253589,5.598415428,4,0.659090909,220,220,220,0.5111962
1115,iterated_maximum_matching_unadjusted,2,no_solver,91.2760424,50,64.83253589,3.872330613,4,0.869158879,214,214,214,0.487746
1115,iterated_maximum_matching_unadjusted,3,no_solver,92.4069664,50,64.83253589,3.089976783,4,0.506976744,215,215,215,0.6192267
1115,iterated_maximum_matching_unadjusted,4,no_solver,90.71056221,50,66.26794258,6.095184696,4,0.572072072,222,222,222,0.774892
1115,iterated_maximum_matching_unadjusted,5,no_solver,90.8265301,50,64.83253589,6.109135358,4,0.442396313,217,217,217,0.7369352
1115,iterated_maximum_matching_unadjusted,6,no_solver,92.38899834,50,66.26794258,3.939681136,4,0.607305936,219,219,219,0.8768213
1115,iterated_maximum_matching_unadjusted,7,no_solver,91.24543833,50,64.83253589,5.107311815,4,0.444954128,218,218,218,0.7635792
1115,iterated_maximum_matching_unadjusted,8,no_solver,91.40357617,50,64.83253589,5.012052702,4,0.502347418,213,213,213,0.6815433
1115,iterated_maximum_matching_unadjusted,9,no_solver,91.0098968,50,64.83253589,3.94630451,4,0.646511628,215,215,215,0.7612588
1115,iterated_maximum_matching_adjusted,0,no_solver,91.35433971,50,66.26794258,3.992780876,4,0.678899083,218,218,218,0.6450151
1115,iterated_maximum_matching_adjusted,1,no_solver,91.00305817,50,64.83253589,5.598415428,4,0.659090909,220,220,220,0.6317573
1115,iterated_maximum_matching_adjusted,2,no_solver,91.2760424,50,64.83253589,3.872330613,4,0.869158879,214,214,214,0.6270288
1115,iterated_maximum_matching_adjusted,3,no_solver,92.4069664,50,64.83253589,3.089976783,4,0.506976744,215,215,215,0.7031544
1115,iterated_maximum_matching_adjusted,4,no_solver,90.71056221,50,66.26794258,6.095184696,4,0.572072072,222,222,222,0.7908555
1115,iterated_maximum_matching_adjusted,5,no_solver,90.8265301,50,64.83253589,6.109135358,4,0.442396313,217,217,217,0.8752447
1115,iterated_maximum_matching_adjusted,6,no_solver,92.38899834,50,66.26794258,3.939681136,4,0.607305936,219,219,219,0.8598262
1115,iterated_maximum_matching_adjusted,7,no_solver,91.24543833,50,64.83253589,5.107311815,4,0.444954128,218,218,218,0.8779882
1115,iterated_maximum_matching_adjusted,8,no_solver,91.40357617,50,64.83253589,5.012052702,4,0.502347418,213,213,213,0.9831288
1115,iterated_maximum_matching_adjusted,9,no_solver,91.0098968,50,64.83253589,3.94630451,4,0.646511628,215,215,215,0.7571275
1115,TTC_function,0,no_solver,92.11091357,66.6,64.83253589,3.733940038,4,0.637614679,218,218,218,0.1363021
1115,TTC_function,1,no_solver,91.56165383,50,64.83253589,4.383123182,4,0.627272727,220,220,220,0.1807913
1115,TTC_function,2,no_solver,91.47421623,50,64.83253589,5.169557399,4,0.831775701,214,214,214,0.2209554
1115,TTC_function,3,no_solver,92.89598131,66.6,64.83253589,2.306992447,4,0.497674419,215,215,215,0.1556843
1115,TTC_function,4,no_solver,91.25115926,50,64.83253589,5.362868545,4,0.513513514,222,222,222,0.187272
1115,TTC_function,5,no_solver,91.4982201,50,64.83253589,3.162335704,4,0.396313364,217,217,217,0.2310679
1115,TTC_function,6,no_solver,92.80057142,66.6,64.83253589,3.600519311,4,0.557077626,219,219,219,0.2317005
1115,TTC_function,7,no_solver,91.79402734,50,64.83253589,4.014917704,4,0.458715596,218,218,218,0.2170578
1115,TTC_function,8,no_solver,91.90863281,50,64.83253589,4.229303558,4,0.478873239,213,213,213,0.2395593
1115,TTC_function,9,no_solver,91.28949907,50,64.83253589,4.020438877,4,0.586046512,215,215,215,0.2597344
1115,SP_function,0,no_solver,92.14337796,66.6,66.26794258,3.246429773,4,0.665137615,218,218,218,0.3177446
1115,SP_function,1,no_solver,91.49352735,50,66.26794258,4.824270198,4,0.659090909,220,220,220,0.2766537
1115,SP_function,2,no_solver,91.54833129,50,66.26794258,4.948231544,4,0.855140187,214,214,214,0.2364935
1115,SP_function,3,no_solver,92.39437163,66.6,64.83253589,2.604539354,4,0.502325581,215,215,215,0.2824285
1115,SP_function,4,no_solver,91.21072272,50,66.26794258,5.651737842,4,0.558558559,222,222,222,0.3804533
1115,SP_function,5,no_solver,91.16762076,50,66.26794258,3.300158278,4,0.433179724,217,217,217,0.6222763
1115,SP_function,6,no_solver,92.72127125,66.6,66.26794258,3.483678662,4,0.598173516,219,219,219,0.602253
1115,SP_function,7,no_solver,91.70470262,50,66.26794258,4.104242427,4,0.47706422,218,218,218,0.4586449
1115,SP_function,8,no_solver,91.43344059,50,64.83253589,3.588316285,4,0.502347418,213,213,213,0.5717442
1115,SP_function,9,no_solver,91.06856996,50,66.26794258,3.426481617,4,0.604651163,215,215,215,0.6286155
1500,iterated_maximum_matching_unadjusted,0,no_solver,83.25106055,50,40,3.530702188,5,0.795221843,293,293,293,1.8794125
1500,iterated_maximum_matching_unadjusted,1,no_solver,83.23183573,50,29.39597315,2.126374738,4,0.794612795,295,297,297,1.8419487
1500,iterated_maximum_matching_unadjusted,2,no_solver,83.21254751,33.4,29.39597315,3.253875152,4,0.897260274,292,292,292,1.5532022
1500,iterated_maximum_matching_unadjusted,3,no_solver,83.33695429,50,40,3.207387772,5,0.648083624,287,287,287,1.3696738
1500,iterated_maximum_matching_unadjusted,4,no_solver,82.99485712,33.4,18.42105263,3.769061765,4,0.725423729,295,295,295,1.0824453
1500,iterated_maximum_matching_unadjusted,5,no_solver,82.6334736,50,29.39597315,3.321879391,4,0.675767918,293,293,293,1.0250653
1500,iterated_maximum_matching_unadjusted,6,no_solver,84.25620624,50,31.41962422,2.224023966,4,0.757679181,293,293,293,0.9180613
1500,iterated_maximum_matching_unadjusted,7,no_solver,81.39385918,50,28.28810021,3.597542933,4,0.722033898,295,295,295,1.1844999
1500,iterated_maximum_matching_unadjusted,8,no_solver,80.899394,50,49.8,5.467354645,5,0.795138889,288,288,288,1.0262825
1500,iterated_maximum_matching_unadjusted,9,no_solver,82.42211333,50,40,3.094967725,5,0.925531915,282,282,282,1.0441884
1500,iterated_maximum_matching_adjusted,0,no_solver,83.25106055,50,40,3.530702188,5,0.795221843,293,293,293,1.117968
1500,iterated_maximum_matching_adjusted,1,no_solver,83.23183573,50,29.39597315,2.126374738,4,0.794612795,295,297,297,1.14837
1500,iterated_maximum_matching_adjusted,2,no_solver,83.21254751,33.4,29.39597315,3.253875152,4,0.897260274,292,292,292,1.234388
1500,iterated_maximum_matching_adjusted,3,no_solver,83.33695429,50,40,3.207387772,5,0.648083624,287,287,287,1.1390328
1500,iterated_maximum_matching_adjusted,4,no_solver,82.99485712,33.4,18.42105263,3.769061765,4,0.725423729,295,295,295,1.1977223
1500,iterated_maximum_matching_adjusted,5,no_solver,82.6334736,50,29.39597315,3.321879391,4,0.675767918,293,293,293,1.0613852
1500,iterated_maximum_matching_adjusted,6,no_solver,84.25620624,50,31.41962422,2.224023966,4,0.757679181,293,293,293,1.184028
1500,iterated_maximum_matching_adjusted,7,no_solver,81.39385918,50,28.28810021,3.597542933,4,0.722033898,295,295,295,1.3402679
1500,iterated_maximum_matching_adjusted,8,no_solver,80.899394,50,49.8,5.467354645,5,0.795138889,288,288,288,1.3691732
1500,iterated_maximum_matching_adjusted,9,no_solver,82.42211333,50,40,3.094967725,5,0.925531915,282,282,282,1.1535497
1500,TTC_function,0,no_solver,83.52702264,50,40,4.786198153,5,0.873720137,293,293,293,0.2492728
1500,TTC_function,1,no_solver,83.47683667,33.4,32.67223382,3.094774182,4,0.895622896,295,297,297,0.3390737
1500,TTC_function,2,no_solver,83.79036167,33.4,29.39597315,4.245161819,4,0.941780822,292,292,292,0.3912691
1500,TTC_function,3,no_solver,83.56868033,50,40,4.437674849,5,0.68641115,287,287,287,0.3065316
1500,TTC_function,4,no_solver,83.82870408,33.4,20,4.030060371,4,0.827118644,295,295,295,0.3753001
1500,TTC_function,5,no_solver,82.97219843,33.4,29.39597315,3.208932607,4,0.706484642,293,293,293,0.3412211
1500,TTC_function,6,no_solver,84.55579966,33.4,28.28810021,2.617325823,4,0.815699659,293,293,293,0.3454867
1500,TTC_function,7,no_solver,82.32032128,33.4,28.28810021,3.704398817,4,0.813559322,295,295,295,0.399334
1500,TTC_function,8,no_solver,81.33306225,50,49.8,5.813904966,5,0.857638889,288,288,288,0.3429206
1500,TTC_function,9,no_solver,82.17199165,50,40,2.539438395,5,1.014184397,282,282,282,0.3816967
1500,SP_function,0,no_solver,81.89319009,50,49.8,6.283365624,5,0.901023891,293,293,293,0.3456472
1500,SP_function,1,no_solver,81.48129092,50,29.39597315,4.649332953,4,0.888888889,295,297,297,0.3426014
1500,SP_function,2,no_solver,83.28289258,50,29.39597315,3.884116745,4,0.931506849,292,292,292,0.3377874
1500,SP_function,3,no_solver,83.31024856,50,49.8,3.876195066,5,0.68989547,287,287,287,0.4188577
1500,SP_function,4,no_solver,82.62100749,50,27.1,4.64561196,4,0.823728814,295,295,295,0.3263267
1500,SP_function,5,no_solver,81.85839793,50,29.39597315,3.829973922,4,0.744027304,293,293,293,0.2848251
1500,SP_function,6,no_solver,83.47929261,50,28.28810021,5.098375596,4,0.849829352,293,293,293,0.3702626
1500,SP_function,7,no_solver,81.10061489,50,28.28810021,5.038129862,4,0.796610169,295,295,295,0.39138
1500,SP_function,8,no_solver,80.7638817,50,49.8,6.011186096,5,0.836805556,288,288,288,0.2575403
1500,SP_function,9,no_solver,81.61282967,50,49.8,4.388206916,5,1,282,282,282,0.3436584
2000,iterated_maximum_matching_unadjusted,0,no_solver,70.07625724,33.4,40,6.270832506,5,1.60880829,371,386,386,1.5455909
2000,iterated_maximum_matching_unadjusted,1,no_solver,69.93059026,32.5,49.8,5.757964573,5,1.573232323,379,396,396,1.6599079
2000,iterated_maximum_matching_unadjusted,2,no_solver,71.39659402,33.4,49.8,10.46444292,5,1.621761658,386,386,386,1.5700064
2000,iterated_maximum_matching_unadjusted,3,no_solver,71.28350533,33.4,40,8.037396769,5,1.626943005,368,386,386,2.6188488
2000,iterated_maximum_matching_unadjusted,4,no_solver,70.81477051,33.4,49.8,8.450612051,5,1.565989848,394,394,394,1.8039394
2000,iterated_maximum_matching_unadjusted,5,no_solver,70.05227928,33.4,40,4.985396323,5,1.606683805,380,389,389,1.6996483
2000,iterated_maximum_matching_unadjusted,6,no_solver,71.43631711,33.4,49.8,10.80806908,5,1.607792208,385,385,385,1.708366
2000,iterated_maximum_matching_unadjusted,7,no_solver,69.94017693,40.28776978,49.8,8.117801848,5,1.582474227,388,388,388,1.8126481
2000,iterated_maximum_matching_unadjusted,8,no_solver,70.2144573,33.4,40,7.235013049,5,1.622395833,367,384,384,1.8036316
2000,iterated_maximum_matching_unadjusted,9,no_solver,69.81367228,33.4,49.8,9.030821406,5,1.639473684,380,380,380,1.4032687
2000,iterated_maximum_matching_adjusted,0,no_solver,70.07625724,33.4,40,6.270832506,5,1.60880829,371,386,386,1.7221102
2000,iterated_maximum_matching_adjusted,1,no_solver,69.93059026,32.5,49.8,5.757964573,5,1.573232323,379,396,396,1.673643
2000,iterated_maximum_matching_adjusted,2,no_solver,71.39659402,33.4,49.8,10.46444292,5,1.621761658,386,386,386,1.6534158
2000,iterated_maximum_matching_adjusted,3,no_solver,71.28350533,33.4,40,8.037396769,5,1.626943005,368,386,386,1.9216925
2000,iterated_maximum_matching_adjusted,4,no_solver,70.81477051,33.4,49.8,8.450612051,5,1.565989848,394,394,394,2.7033296
2000,iterated_maximum_matching_adjusted,5,no_solver,70.05227928,33.4,40,4.985396323,5,1.606683805,380,389,389,4.6720486
2000,iterated_maximum_matching_adjusted,6,no_solver,71.43631711,33.4,49.8,10.80806908,5,1.607792208,385,385,385,3.3490652
2000,iterated_maximum_matching_adjusted,7,no_solver,69.94017693,40.28776978,49.8,8.117801848,5,1.582474227,388,388,388,1.455797
2000,iterated_maximum_matching_adjusted,8,no_solver,70.2144573,33.4,40,7.235013049,5,1.622395833,367,384,384,1.3243416
2000,iterated_maximum_matching_adjusted,9,no_solver,69.81367228,33.4,49.8,9.030821406,5,1.639473684,380,380,380,1.1659497
2000,TTC_function,0,no_solver,70.11924569,33.4,40,6.355196782,5,1.639896373,369,386,386,0.3941084
2000,TTC_function,1,no_solver,70.30177984,28.8,49.8,6.916825129,5,1.606060606,371,396,396,0.4541776
2000,TTC_function,2,no_solver,71.37800019,28.8,49.8,9.524654448,5,1.652849741,376,386,386,0.509893
2000,TTC_function,3,no_solver,71.64852475,33.4,40,4.371158945,5,1.642487047,363,386,386,0.4989812
2000,TTC_function,4,no_solver,70.30026753,28.8,49.8,10.62720379,5,1.611675127,392,394,394,0.4829258
2000,TTC_function,5,no_solver,70.10294039,28.8,40,7.031954194,5,1.627249357,372,389,389,0.43864
2000,TTC_function,6,no_solver,71.58421832,28.8,49.8,10.32309401,5,1.644155844,383,385,385,0.4533174
2000,TTC_function,7,no_solver,69.83373595,28.8,49.8,7.376507303,5,1.577319588,372,388,388,0.4537442
2000,TTC_function,8,no_solver,70.1679363,33.4,40,6.328883994,5,1.604166667,353,384,384,0.3739225
2000,TTC_function,9,no_solver,70.33443458,28.8,49.8,9.537347215,5,1.665789474,375,380,380,0.4492618
2000,SP_function,0,no_solver,69.10066852,33.4,40,6.842332578,5,1.639896373,369,386,386,0.4466451
2000,SP_function,1,no_solver,68.86628782,28.8,40,5.803396347,5,1.606060606,371,396,396,0.4636597
2000,SP_function,2,no_solver,69.12051792,28.8,40,7.260897285,5,1.652849741,376,386,386,0.5044674
2000,SP_function,3,no_solver,69.84603491,33.4,40,4.273128857,5,1.652849741,363,386,386,0.3956956
2000,SP_function,4,no_solver,68.85466789,28.8,40,8.700611948,5,1.611675127,392,394,394,0.4846565
2000,SP_function,5,no_solver,67.85309583,28.8,40,4.901248501,5,1.63496144,372,389,389,0.4373845
2000,SP_function,6,no_solver,70.06503752,28.8,40,8.301469774,5,1.644155844,383,385,385,0.4066711
2000,SP_function,7,no_solver,68.65268056,28.8,40,6.102749569,5,1.634020619,372,388,388,0.4118899
2000,SP_function,8,no_solver,69.36683884,33.4,40,7.310445444,5,1.65625,353,384,384,0.4103239
2000,SP_function,9,no_solver,68.43432859,28.8,40,5.116617616,5,1.665789474,375,380,380,0.432121
1000,TTC_O_function,0,CBC,85.43170416,35.3,64.83253589,12.14695726,4,0.682051282,195,195,195,29.6153701
1000,TTC_O_function,0,MOSEK,85.43170416,35.3,64.83253589,12.14695726,4,0.692307692,195,195,195,35.036008
1000,TTC_O_function,0,SCIP,85.43170416,35.3,64.83253589,12.14695726,4,0.692307692,195,195,195,40.281491
1000,TTC_O_function,1,CBC,86.41520524,50,64.83253589,12.96221919,4,0.656565657,198,198,198,35.6741456
1000,TTC_O_function,1,MOSEK,86.23330568,35.3,64.83253589,13.4313642,4,0.666666667,198,198,198,45.6371049
1000,TTC_O_function,1,SCIP,86.23330568,35.3,64.83253589,13.4313642,4,0.666666667,198,198,198,51.901569
1000,TTC_O_function,2,CBC,86.29436395,35.3,64.83253589,10.5827974,4,0.809278351,194,194,194,45.5435298
1000,TTC_O_function,2,MOSEK,86.29436395,35.3,64.83253589,10.5827974,4,0.824742268,194,194,194,43.7828863
1000,TTC_O_function,2,SCIP,86.3436027,35.3,64.83253589,10.53355865,4,0.824742268,194,194,194,50.0740629
1000,TTC_O_function,3,CBC,85.80170937,50,64.83253589,11.2823852,4,0.502617801,191,191,191,41.4921538
1000,TTC_O_function,3,MOSEK,85.71597503,50,64.83253589,11.64367755,4,0.528795812,191,191,191,35.0661472
1000,TTC_O_function,3,SCIP,85.80170937,50,64.83253589,11.2823852,4,0.528795812,191,191,191,36.8364269
1000,TTC_O_function,4,CBC,84.39484064,35.3,64.83253589,13.20912551,4,0.578680203,197,197,197,32.0888408
1000,TTC_O_function,4,MOSEK,84.4791046,35.3,64.83253589,13.12486155,4,0.588832487,197,197,197,31.6466122
1000,TTC_O_function,4,SCIP,84.39484064,35.3,64.83253589,13.20912551,4,0.588832487,197,197,197,35.0956411
1000,TTC_O_function,5,CBC,83.2733285,40.28776978,64.83253589,14.84616624,4,0.441025641,195,195,195,31.3372194
1000,TTC_O_function,5,MOSEK,83.2733285,40.28776978,64.83253589,14.84616624,4,0.471794872,195,195,195,33.326257
1000,TTC_O_function,5,SCIP,83.24947638,40.28776978,64.83253589,14.87001835,4,0.471794872,195,195,195,40.8012096
1000,TTC_O_function,6,CBC,85.90801499,50,66.26794258,12.03209858,4,0.558375635,197,197,197,47.7015318
1000,TTC_O_function,6,MOSEK,85.90801499,50,66.26794258,12.03209858,4,0.573604061,197,197,197,46.002425
1000,TTC_O_function,6,SCIP,85.90801499,50,66.26794258,12.03209858,4,0.573604061,197,197,197,55.0703458
1000,TTC_O_function,7,CBC,84.95337499,35.3,64.83253589,13.65439276,4,0.471794872,195,195,195,46.6533736
1000,TTC_O_function,7,MOSEK,84.87645191,35.3,64.83253589,13.73131583,4,0.492307692,195,195,195,44.9844738
1000,TTC_O_function,7,SCIP,84.8732961,35.3,64.83253589,13.73447165,4,0.492307692,195,195,195,52.1986499
1000,TTC_O_function,8,CBC,85.79863232,40.28776978,64.83253589,11.62476912,4,0.528497409,193,193,193,45.8114716
1000,TTC_O_function,8,MOSEK,85.59280316,40.28776978,64.83253589,11.66452548,4,0.533678756,193,193,193,46.2088639
1000,TTC_O_function,8,SCIP,85.68788708,40.28776978,64.83253589,11.56944157,4,0.533678756,193,193,193,52.6931771
1000,TTC_O_function,9,CBC,86.08218979,35.3,47.84688995,10.15145375,4,0.634020619,194,194,194,45.8459297
1000,TTC_O_function,9,MOSEK,85.92701413,35.3,47.84688995,10.09941291,4,0.654639175,194,194,194,46.2152819
1000,TTC_O_function,9,SCIP,85.97959145,35.3,47.84688995,10.25405208,4,0.654639175,194,194,194,53.6350715
1000,SP_O_function,0,CBC,85.43170416,35.3,64.83253589,12.14695726,4,0.682051282,195,195,195,79.6848817
1000,SP_O_function,0,MOSEK,85.43170416,35.3,64.83253589,12.14695726,4,0.692307692,195,195,195,79.8352639
1000,SP_O_function,0,SCIP,85.43170416,35.3,64.83253589,12.14695726,4,0.692307692,195,195,195,82.0346456
1000,SP_O_function,1,CBC,86.41520524,50,64.83253589,12.96221919,4,0.656565657,198,198,198,74.6518323
1000,SP_O_function,1,MOSEK,86.23330568,35.3,64.83253589,13.4313642,4,0.666666667,198,198,198,76.8213574
1000,SP_O_function,1,SCIP,86.23330568,35.3,64.83253589,13.4313642,4,0.666666667,198,198,198,84.0178227
1000,SP_O_function,2,CBC,86.29436395,35.3,64.83253589,10.5827974,4,0.809278351,194,194,194,77.0363936
1000,SP_O_function,2,MOSEK,86.29436395,35.3,64.83253589,10.5827974,4,0.824742268,194,194,194,79.1799196
1000,SP_O_function,2,SCIP,86.3436027,35.3,64.83253589,10.53355865,4,0.824742268,194,194,194,88.2843563
1000,SP_O_function,3,CBC,85.80170937,50,64.83253589,11.2823852,4,0.502617801,191,191,191,85.6740391
1000,SP_O_function,3,MOSEK,85.71597503,50,64.83253589,11.64367755,4,0.528795812,191,191,191,81.8316634
1000,SP_O_function,3,SCIP,85.80170937,50,64.83253589,11.2823852,4,0.528795812,191,191,191,88.1443868
1000,SP_O_function,4,CBC,84.39484064,35.3,64.83253589,13.20912551,4,0.578680203,197,197,197,76.1489333
1000,SP_O_function,4,MOSEK,84.4791046,35.3,64.83253589,13.12486155,4,0.588832487,197,197,197,76.0794063
1000,SP_O_function,4,SCIP,84.39484064,35.3,64.83253589,13.20912551,4,0.588832487,197,197,197,83.059669
1000,SP_O_function,5,CBC,83.2733285,40.28776978,64.83253589,14.84616624,4,0.441025641,195,195,195,75.2488225
1000,SP_O_function,5,MOSEK,83.2733285,40.28776978,64.83253589,14.84616624,4,0.471794872,195,195,195,74.8649933
1000,SP_O_function,5,SCIP,83.24947638,40.28776978,64.83253589,14.87001835,4,0.471794872,195,195,195,83.7211746
1000,SP_O_function,6,CBC,85.90801499,50,66.26794258,12.03209858,4,0.558375635,197,197,197,78.0268036
1000,SP_O_function,6,MOSEK,85.90801499,50,66.26794258,12.03209858,4,0.573604061,197,197,197,78.9992953
1000,SP_O_function,6,SCIP,85.90801499,50,66.26794258,12.03209858,4,0.573604061,197,197,197,86.0294939
1000,SP_O_function,7,CBC,84.95337499,35.3,64.83253589,13.65439276,4,0.471794872,195,195,195,76.4360306
1000,SP_O_function,7,MOSEK,84.87645191,35.3,64.83253589,13.73131583,4,0.492307692,195,195,195,76.7539478
1000,SP_O_function,7,SCIP,84.8732961,35.3,64.83253589,13.73447165,4,0.492307692,195,195,195,82.341153
1000,SP_O_function,8,CBC,85.79863232,40.28776978,64.83253589,11.62476912,4,0.528497409,193,193,193,98.6658718
1000,SP_O_function,8,MOSEK,85.59280316,40.28776978,64.83253589,11.66452548,4,0.533678756,193,193,193,135.3750039
1000,SP_O_function,8,SCIP,85.68788708,40.28776978,64.83253589,11.56944157,4,0.533678756,193,193,193,150.3018614
1000,SP_O_function,9,CBC,86.08218979,35.3,47.84688995,10.15145375,4,0.634020619,194,194,194,138.2381645
1000,SP_O_function,9,MOSEK,85.92701413,35.3,47.84688995,10.09941291,4,0.654639175,194,194,194,139.1453244
1000,SP_O_function,9,SCIP,85.97959145,35.3,47.84688995,10.25405208,4,0.654639175,194,194,194,150.9287165
1000,OC_function,0,CBC,92.78535814,60,66.26794258,4.969934524,5,0.676923077,195,195,195,12.4694924
1000,OC_function,0,MOSEK,92.78535814,60,66.26794258,4.969934524,5,0.676923077,195,195,195,12.2367565
1000,OC_function,0,SCIP,92.78535814,60,66.26794258,4.969934524,5,0.676923077,195,195,195,16.570337
1000,OC_function,1,CBC,92.31807454,60,67.70334928,5.937983763,5,0.646464646,194,198,198,15.6394802
1000,OC_function,1,MOSEK,92.31807454,60,67.70334928,5.937983763,5,0.646464646,194,198,198,15.4198501
1000,OC_function,1,SCIP,92.31807454,60,67.70334928,5.937983763,5,0.646464646,194,198,198,16.316635
1000,OC_function,2,CBC,92.51718837,60,84.21052632,5.618310068,5,0.742268041,186,186,194,14.9706976
1000,OC_function,2,MOSEK,92.51718837,60,84.21052632,5.618310068,5,0.742268041,186,186,194,15.5658771
1000,OC_function,2,SCIP,92.51718837,60,84.21052632,5.618310068,5,0.742268041,186,186,194,15.6683976
1000,OC_function,3,CBC,93.89771283,60,67.70334928,2.818814735,5,0.513089005,189,191,191,14.6838568
1000,OC_function,3,MOSEK,93.89771283,60,67.70334928,2.818814735,5,0.513089005,189,191,191,13.9251568
1000,OC_function,3,SCIP,93.89771283,60,67.70334928,2.818814735,5,0.513089005,189,191,191,15.4877661
1000,OC_function,4,CBC,92.81896308,60,84.21052632,5.746146093,5,0.543147208,193,196,197,14.8195161
1000,OC_function,4,MOSEK,92.81896308,60,84.21052632,5.746146093,5,0.543147208,193,196,197,14.7916089
1000,OC_function,4,SCIP,92.81896308,60,84.21052632,5.746146093,5,0.543147208,193,196,197,16.3897466
1000,OC_function,5,CBC,91.72729012,60,66.26794258,5.139016983,5,0.420512821,187,195,195,15.4897265
1000,OC_function,5,MOSEK,91.72729012,60,66.26794258,5.139016983,5,0.420512821,187,195,195,15.357704
1000,OC_function,5,SCIP,91.72729012,60,66.26794258,5.139016983,5,0.420512821,187,195,195,16.3983613
1000,OC_function,6,CBC,93.22655913,60,66.26794258,5.514512531,5,0.558375635,197,197,197,14.8891998
1000,OC_function,6,MOSEK,93.22655913,60,66.26794258,5.514512531,5,0.558375635,197,197,197,14.3462184
1000,OC_function,6,SCIP,93.22655913,60,66.26794258,5.514512531,5,0.558375635,197,197,197,15.9936261
1000,OC_function,7,CBC,93.74770706,60,84.21052632,5.268197781,5,0.451282051,194,194,195,14.7025853
1000,OC_function,7,MOSEK,93.74770706,60,84.21052632,5.268197781,5,0.451282051,194,194,195,15.3179805
1000,OC_function,7,SCIP,93.74770706,60,84.21052632,5.268197781,5,0.451282051,194,194,195,16.0895088
1000,OC_function,8,CBC,92.88117213,60,64.83253589,4.076361666,5,0.523316062,193,193,193,15.035443
1000,OC_function,8,MOSEK,92.88117213,60,64.83253589,4.076361666,5,0.523316062,193,193,193,14.383582
1000,OC_function,8,SCIP,92.88117213,60,64.83253589,4.076361666,5,0.523316062,193,193,193,15.1771143
1000,TTC_O_function,0,GLPK_MI,85.43863416,35.3,64.83253589,12.14002725,4,0.692307692,195,195,195,42.6668955
1000,TTC_O_function,1,GLPK_MI,86.25807375,35.3,64.83253589,12.48191306,4,0.661616162,198,198,198,42.478965
1000,TTC_O_function,2,GLPK_MI,86.22734576,35.3,64.83253589,10.64981559,4,0.824742268,194,194,194,34.035521
1000,TTC_O_function,3,GLPK_MI,85.88862037,51.1627907,64.83253589,11.1954742,4,0.528795812,191,191,191,52.1965056
1000,TTC_O_function,4,GLPK_MI,84.58014052,35.3,64.83253589,13.02382563,4,0.588832487,197,197,197,35.0085282
1000,TTC_O_function,5,GLPK_MI,83.2733285,40.28776978,64.83253589,14.84616624,4,0.471794872,195,195,195,34.7563252
1000,TTC_O_function,6,GLPK_MI,86.00905091,50,66.26794258,11.93106266,4,0.573604061,197,197,197,36.3023245
1000,TTC_O_function,7,GLPK_MI,84.87645191,35.3,64.83253589,13.73131583,4,0.492307692,195,195,195,41.5264817
1000,TTC_O_function,8,GLPK_MI,85.70486486,40.28776978,64.83253589,11.55246378,4,0.533678756,193,193,193,36.2186038
1000,TTC_O_function,9,GLPK_MI,86.02051227,35.3,47.84688995,9.870323007,4,0.654639175,194,194,194,36.2079414
1000,SP_O_function,0,GLPK_MI,85.43863416,35.3,64.83253589,12.14002725,4,0.692307692,195,195,195,60.9263417
1000,SP_O_function,1,GLPK_MI,86.25807375,35.3,64.83253589,12.48191306,4,0.661616162,198,198,198,60.7279646
1000,SP_O_function,2,GLPK_MI,86.22734576,35.3,64.83253589,10.64981559,4,0.824742268,194,194,194,58.8124523
1000,SP_O_function,3,GLPK_MI,85.88862037,51.1627907,64.83253589,11.1954742,4,0.528795812,191,191,191,68.6070678
1000,SP_O_function,4,GLPK_MI,84.58014052,35.3,64.83253589,13.02382563,4,0.588832487,197,197,197,90.0474896
1000,SP_O_function,5,GLPK_MI,83.2733285,40.28776978,64.83253589,14.84616624,4,0.471794872,195,195,195,108.3018394
1000,SP_O_function,6,GLPK_MI,86.00905091,50,66.26794258,11.93106266,4,0.573604061,197,197,197,79.4182776
1000,SP_O_function,7,GLPK_MI,84.87645191,35.3,64.83253589,13.73131583,4,0.492307692,195,195,195,79.4417324
1000,SP_O_function,8,GLPK_MI,85.70486486,40.28776978,64.83253589,11.55246378,4,0.533678756,193,193,193,103.4197099
1000,SP_O_function,9,GLPK_MI,86.02051227,35.3,47.84688995,9.870323007,4,0.654639175,194,194,194,112.9351163
1000,OC_function,0,GLPK_MI,92.78535814,60,66.26794258,4.969934524,5,0.676923077,195,195,195,27.4026859
1000,OC_function,1,GLPK_MI,92.31807454,60,67.70334928,5.937983763,5,0.646464646,194,198,198,25.753188
1000,OC_function,2,GLPK_MI,92.51718837,60,84.21052632,5.618310068,5,0.742268041,186,186,194,26.554972
1000,OC_function,3,GLPK_MI,93.89771283,60,67.70334928,2.818814735,5,0.513089005,189,191,191,26.5952438
1000,OC_function,4,GLPK_MI,92.81896308,60,84.21052632,5.746146093,5,0.543147208,193,196,197,26.9477297
1000,OC_function,5,GLPK_MI,91.72729012,60,66.26794258,5.139016983,5,0.420512821,187,195,195,26.443869
1000,OC_function,6,GLPK_MI,93.22655913,60,66.26794258,5.514512531,5,0.558375635,197,197,197,27.1715048
1000,OC_function,7,GLPK_MI,93.74770706,60,84.21052632,5.268197781,5,0.451282051,194,194,195,26.4236415
1000,OC_function,8,GLPK_MI,92.88117213,60,64.83253589,4.076361666,5,0.523316062,193,193,193,25.1254897
1000,OC_function,9,CBC,92.72473202,60,66.26794258,3.95864082,5,0.62371134,194,194,194,24.7242488
1000,OC_function,9,MOSEK,92.72473202,60,66.26794258,3.95864082,5,0.62371134,194,194,194,18.1151013
1000,OC_function,9,SCIP,92.72473202,60,66.26794258,3.95864082,5,0.62371134,194,194,194,28.269684
1000,OC_function,9,GLPK_MI,92.72473202,60,66.26794258,3.95864082,5,0.62371134,194,194,194,25.2134804
1115,TTC_O_function,0,CBC,85.24416157,40.28776978,66.26794258,11.37305889,4,0.683486239,218,218,218,76.8309489
1115,TTC_O_function,0,MOSEK,85.24416157,40.28776978,66.26794258,11.37305889,4,0.701834862,218,218,218,72.4041609
1115,TTC_O_function,0,SCIP,85.24416157,40.28776978,66.26794258,11.37305889,4,0.701834862,218,218,218,86.4590378
1115,TTC_O_function,0,GLPK_MI,85.20838175,40.28776978,66.26794258,11.40883871,4,0.701834862,218,218,218,74.8781856
1115,TTC_O_function,1,CBC,85.37742368,50,64.83253589,11.73316157,4,0.672727273,220,220,220,86.9565635
1115,TTC_O_function,1,MOSEK,85.19915553,35.3,64.83253589,12.78430072,4,0.668181818,220,220,220,85.2507599
1115,TTC_O_function,1,SCIP,85.21105366,35.3,64.83253589,12.77240259,4,0.663636364,220,220,220,98.8476947
1115,TTC_O_function,1,GLPK_MI,85.22743582,35.3,64.83253589,11.97420224,4,0.663636364,220,220,220,90.4052856
1115,TTC_O_function,2,CBC,85.98082898,35.3,64.83253589,10.68868837,4,0.901869159,214,214,214,75.4523414
1115,TTC_O_function,2,MOSEK,86.10004514,35.3,64.83253589,10.18816381,4,0.920560748,214,214,214,60.040001
1115,TTC_O_function,2,SCIP,86.0627646,35.3,64.83253589,10.2955378,4,0.925233645,214,214,214,63.5746561
1115,TTC_O_function,2,GLPK_MI,86.04344581,35.3,64.83253589,10.69616501,4,0.925233645,214,214,214,47.8581388
1115,TTC_O_function,3,CBC,84.88865542,35.3,59.71223022,12.23488085,4,0.534883721,215,215,215,70.5137195
1115,TTC_O_function,3,MOSEK,84.79660701,35.3,59.71223022,12.31437112,4,0.562790698,215,215,215,90.0399319
1115,TTC_O_function,3,SCIP,84.79660701,35.3,59.71223022,12.31437112,4,0.562790698,215,215,215,99.0890202
1115,TTC_O_function,3,GLPK_MI,84.96527739,35.3,59.71223022,12.15825888,4,0.562790698,215,215,215,100.7798162
1115,TTC_O_function,4,CBC,83.26169743,35.3,39.80815348,10.15876851,4,0.594594595,222,222,222,106.1087643
1115,TTC_O_function,4,MOSEK,83.292299,35.3,39.80815348,10.31997164,4,0.594594595,222,222,222,77.1361644
1115,TTC_O_function,4,SCIP,83.29987484,35.3,39.80815348,10.31239581,4,0.59009009,222,222,222,72.2118606
1115,TTC_O_function,4,GLPK_MI,83.38126576,35.3,39.80815348,10.17154543,4,0.59009009,222,222,222,64.6385661
1115,TTC_O_function,5,CBC,82.63677921,40.28776978,64.83253589,13.28146763,4,0.488479263,217,217,217,64.8264249
1115,TTC_O_function,5,MOSEK,82.62894511,40.28776978,64.83253589,13.28930173,4,0.493087558,217,217,217,66.2190343
1115,TTC_O_function,5,SCIP,82.58286216,40.28776978,64.83253589,13.33538468,4,0.506912442,217,217,217,79.7594773
1115,TTC_O_function,5,GLPK_MI,82.58286216,40.28776978,64.83253589,13.33538468,4,0.506912442,217,217,217,77.1357471
1115,TTC_O_function,6,CBC,84.98655172,35.3,66.26794258,12.32535041,4,0.639269406,219,219,219,69.5330955
1115,TTC_O_function,6,MOSEK,85.10019897,35.3,66.26794258,12.21170316,4,0.639269406,219,219,219,71.007846
1115,TTC_O_function,6,SCIP,84.98655172,35.3,66.26794258,12.32535041,4,0.648401826,219,219,219,83.0704645
1115,TTC_O_function,6,GLPK_MI,84.9978864,35.3,66.26794258,12.31401573,4,0.643835616,219,219,219,83.7007858
1115,TTC_O_function,7,CBC,83.47702727,35.3,64.83253589,14.95671856,4,0.490825688,218,218,218,87.5526946
1115,TTC_O_function,7,MOSEK,83.4443848,35.3,64.83253589,15.32229977,4,0.5,218,218,218,88.8470707
1115,TTC_O_function,7,SCIP,83.4443848,35.3,64.83253589,15.32229977,4,0.5,218,218,218,95.555067
1115,TTC_O_function,7,GLPK_MI,83.5247207,35.3,64.83253589,15.24196388,4,0.5,218,218,218,87.8534822
1115,TTC_O_function,8,CBC,84.62693265,40.28776978,64.83253589,11.70290812,4,0.530516432,213,213,213,87.2609803
1115,TTC_O_function,8,MOSEK,84.56181834,40.28776978,64.83253589,11.67365387,4,0.530516432,213,213,213,85.8473724
1115,TTC_O_function,8,SCIP,84.58069206,40.28776978,64.83253589,11.51794575,4,0.535211268,213,213,213,95.6357746
1115,TTC_O_function,8,GLPK_MI,84.61041815,40.28776978,64.83253589,11.62505406,4,0.535211268,213,213,213,90.1947727
1115,TTC_O_function,9,CBC,84.38581142,50,47.84688995,11.09986913,4,0.651162791,215,215,215,65.6417001
1115,TTC_O_function,9,MOSEK,84.38581142,50,47.84688995,11.19886101,4,0.669767442,215,215,215,72.6364292
1115,TTC_O_function,9,SCIP,84.38581142,50,47.84688995,11.09986913,4,0.669767442,215,215,215,90.6105568
1115,TTC_O_function,9,GLPK_MI,84.35980168,50,47.84688995,10.16067129,4,0.674418605,215,215,215,84.3869492
1115,SP_O_function,0,CBC,85.24416157,40.28776978,66.26794258,11.37305889,4,0.683486239,218,218,218,152.9726728
1115,SP_O_function,0,MOSEK,85.24416157,40.28776978,66.26794258,11.37305889,4,0.701834862,218,218,218,134.88508
1115,SP_O_function,0,SCIP,85.24416157,40.28776978,66.26794258,11.37305889,4,0.701834862,218,218,218,101.3480265
1115,SP_O_function,0,GLPK_MI,85.20838175,40.28776978,66.26794258,11.40883871,4,0.701834862,218,218,218,139.7823935
1115,SP_O_function,1,CBC,85.37742368,50,64.83253589,11.73316157,4,0.672727273,220,220,220,152.2097516
1115,SP_O_function,1,MOSEK,85.19915553,35.3,64.83253589,12.78430072,4,0.668181818,220,220,220,157.0967275
1115,SP_O_function,1,SCIP,85.21105366,35.3,64.83253589,12.77240259,4,0.663636364,220,220,220,169.5065389
1115,SP_O_function,1,GLPK_MI,85.22743582,35.3,64.83253589,11.97420224,4,0.663636364,220,220,220,155.8042771
1115,SP_O_function,2,CBC,85.98082898,35.3,64.83253589,10.68868837,4,0.901869159,214,214,214,129.492945
1115,SP_O_function,2,MOSEK,86.10004514,35.3,64.83253589,10.18816381,4,0.920560748,214,214,214,101.9133392
1115,SP_O_function,2,SCIP,86.0627646,35.3,64.83253589,10.2955378,4,0.925233645,214,214,214,88.5239042
1115,SP_O_function,2,GLPK_MI,86.04344581,35.3,64.83253589,10.69616501,4,0.925233645,214,214,214,76.4136901
1115,SP_O_function,3,CBC,84.88865542,35.3,59.71223022,12.23488085,4,0.534883721,215,215,215,74.7856578
1115,SP_O_function,3,MOSEK,84.79660701,35.3,59.71223022,12.31437112,4,0.562790698,215,215,215,83.4410647
1115,SP_O_function,3,SCIP,84.79660701,35.3,59.71223022,12.31437112,4,0.562790698,215,215,215,84.9290649
1115,SP_O_function,3,GLPK_MI,84.96527739,35.3,59.71223022,12.15825888,4,0.562790698,215,215,215,75.7241141
1115,SP_O_function,4,CBC,83.26169743,35.3,39.80815348,10.15876851,4,0.594594595,222,222,222,76.9905285
1115,SP_O_function,4,MOSEK,83.292299,35.3,39.80815348,10.31997164,4,0.594594595,222,222,222,75.4476386
1115,SP_O_function,4,SCIP,83.29987484,35.3,39.80815348,10.31239581,4,0.59009009,222,222,222,84.6951221
1115,SP_O_function,4,GLPK_MI,83.38126576,35.3,39.80815348,10.17154543,4,0.59009009,222,222,222,75.0684506
1115,SP_O_function,5,CBC,82.63677921,40.28776978,64.83253589,13.28146763,4,0.488479263,217,217,217,77.1785193
1115,SP_O_function,5,MOSEK,82.62894511,40.28776978,64.83253589,13.28930173,4,0.493087558,217,217,217,76.5059925
1115,SP_O_function,5,SCIP,82.58286216,40.28776978,64.83253589,13.33538468,4,0.506912442,217,217,217,89.8370041
1115,SP_O_function,5,GLPK_MI,82.58286216,40.28776978,64.83253589,13.33538468,4,0.506912442,217,217,217,80.6086987
1115,SP_O_function,6,CBC,84.98655172,35.3,66.26794258,12.32535041,4,0.639269406,219,219,219,107.5782684
1115,SP_O_function,6,MOSEK,85.10019897,35.3,66.26794258,12.21170316,4,0.639269406,219,219,219,112.3843687
1115,SP_O_function,6,SCIP,84.98655172,35.3,66.26794258,12.32535041,4,0.648401826,219,219,219,117.4297746
1115,SP_O_function,6,GLPK_MI,84.9978864,35.3,66.26794258,12.31401573,4,0.643835616,219,219,219,104.9647711
1115,SP_O_function,7,CBC,83.47702727,35.3,64.83253589,14.95671856,4,0.490825688,218,218,218,105.5886631
1115,SP_O_function,7,MOSEK,83.4443848,35.3,64.83253589,15.32229977,4,0.5,218,218,218,104.7198104
1115,SP_O_function,7,SCIP,83.4443848,35.3,64.83253589,15.32229977,4,0.5,218,218,218,115.1352514
1115,SP_O_function,7,GLPK_MI,83.5247207,35.3,64.83253589,15.24196388,4,0.5,218,218,218,101.6820428
1115,SP_O_function,8,CBC,84.62693265,40.28776978,64.83253589,11.70290812,4,0.530516432,213,213,213,104.5711877
1115,SP_O_function,8,MOSEK,84.56181834,40.28776978,64.83253589,11.67365387,4,0.530516432,213,213,213,102.9330489
1115,SP_O_function,8,SCIP,84.58069206,40.28776978,64.83253589,11.51794575,4,0.535211268,213,213,213,113.4999612
1115,SP_O_function,8,GLPK_MI,84.61041815,40.28776978,64.83253589,11.62505406,4,0.535211268,213,213,213,100.5562048
1115,SP_O_function,9,CBC,84.38581142,50,47.84688995,11.09986913,4,0.651162791,215,215,215,86.0281606
1115,SP_O_function,9,MOSEK,84.38581142,50,47.84688995,11.19886101,4,0.669767442,215,215,215,73.3983756
1115,SP_O_function,9,SCIP,84.38581142,50,47.84688995,11.09986913,4,0.669767442,215,215,215,102.5792054
1115,SP_O_function,9,GLPK_MI,84.35980168,50,47.84688995,10.16067129,4,0.674418605,215,215,215,90.3503817
1115,OC_function,0,CBC,90.74986909,60,81.33971292,6.310006795,5,0.674311927,218,218,218,19.1498459
1115,OC_function,0,MOSEK,90.74986909,60,81.33971292,6.310006795,5,0.674311927,218,218,218,19.100351
1115,OC_function,0,SCIP,90.74986909,60,81.33971292,6.310006795,5,0.674311927,218,218,218,20.8328611
1115,OC_function,0,GLPK_MI,90.74986909,60,81.33971292,6.310006795,5,0.674311927,218,218,218,18.6508473
1115,OC_function,1,CBC,90.2289565,60,84.21052632,7.987080896,5,0.645454545,206,214,220,20.0958531
1115,OC_function,1,MOSEK,90.2289565,60,84.21052632,7.987080896,5,0.645454545,206,214,220,18.513027
1115,OC_function,1,SCIP,90.2289565,60,84.21052632,7.987080896,5,0.645454545,206,214,220,20.9305479
1115,OC_function,1,GLPK_MI,90.2289565,60,84.21052632,7.987080896,5,0.645454545,206,214,220,19.0511899
1115,OC_function,2,CBC,91.00996677,50,84.21052632,6.71294433,5,0.85046729,205,205,214,18.32744
1115,OC_function,2,MOSEK,91.00996677,50,84.21052632,6.71294433,5,0.85046729,205,205,214,18.5600879
1115,OC_function,2,SCIP,91.00996677,50,84.21052632,6.71294433,5,0.85046729,205,205,214,20.1809008
1115,OC_function,2,GLPK_MI,91.00996677,50,84.21052632,6.71294433,5,0.85046729,205,205,214,18.2705832
1115,OC_function,3,CBC,91.67789431,60,64.35406699,4.415430507,5,0.51627907,214,215,215,18.6299427
1115,OC_function,3,MOSEK,91.67789431,60,64.35406699,4.415430507,5,0.51627907,214,215,215,18.6738794
1115,OC_function,3,SCIP,91.67789431,60,64.35406699,4.415430507,5,0.51627907,214,215,215,21.7714589
1115,OC_function,3,GLPK_MI,91.67789431,60,64.35406699,4.415430507,5,0.51627907,214,215,215,19.231475
1115,OC_function,4,CBC,90.39802502,60,84.21052632,7.850894167,5,0.527027027,214,214,222,19.8921664
1115,OC_function,4,MOSEK,90.39802502,60,84.21052632,7.850894167,5,0.527027027,214,214,222,19.9985928
1115,OC_function,4,SCIP,90.39802502,60,84.21052632,7.850894167,5,0.527027027,214,214,222,21.1776592
1115,OC_function,4,GLPK_MI,90.39802502,60,84.21052632,7.850894167,5,0.527027027,214,214,222,19.3061786
1115,OC_function,5,CBC,89.25097364,50.2,67.22488038,6.238823021,5,0.483870968,202,213,217,18.7346216
1115,OC_function,5,MOSEK,89.25097364,50.2,67.22488038,6.238823021,5,0.483870968,202,213,217,18.6871392
1115,OC_function,5,SCIP,89.25097364,50.2,67.22488038,6.238823021,5,0.483870968,202,213,217,20.6133088
1115,OC_function,5,GLPK_MI,89.25097364,50.2,67.22488038,6.238823021,5,0.483870968,202,213,217,18.7644311
1115,OC_function,6,CBC,91.32652335,60,81.33971292,6.964479589,5,0.621004566,219,219,219,18.625872
1115,OC_function,6,MOSEK,91.32652335,60,81.33971292,6.964479589,5,0.621004566,219,219,219,19.1448317
1115,OC_function,6,SCIP,91.32652335,60,81.33971292,6.964479589,5,0.621004566,219,219,219,20.5093764
1115,OC_function,6,GLPK_MI,91.32652335,60,81.33971292,6.964479589,5,0.621004566,219,219,219,19.0643268
1115,OC_function,7,CBC,90.95458644,60,84.21052632,7.048511472,5,0.472477064,213,213,218,18.7563415
1115,OC_function,7,MOSEK,90.95458644,60,84.21052632,7.048511472,5,0.472477064,213,213,218,18.4941435
1115,OC_function,7,SCIP,90.95458644,60,84.21052632,7.048511472,5,0.472477064,213,213,218,20.6978195
1115,OC_function,7,GLPK_MI,90.95458644,60,84.21052632,7.048511472,5,0.472477064,213,213,218,18.9002998
1115,OC_function,8,CBC,90.67713746,50.2,84.21052632,5.845657913,5,0.502347418,207,210,213,17.7912419
1115,OC_function,8,MOSEK,90.67713746,50.2,84.21052632,5.845657913,5,0.502347418,207,210,213,18.1360397
1115,OC_function,8,SCIP,90.67713746,50.2,84.21052632,5.845657913,5,0.502347418,207,210,213,19.9484195
1115,OC_function,8,GLPK_MI,90.67713746,50.2,84.21052632,5.845657913,5,0.502347418,207,210,213,17.7204783
1115,OC_function,9,CBC,90.63224573,60,84.21052632,5.930640317,5,0.613953488,212,212,215,18.7990504
1115,OC_function,9,MOSEK,90.63224573,60,84.21052632,5.930640317,5,0.613953488,212,212,215,18.4335095
1115,OC_function,9,SCIP,90.63224573,60,84.21052632,5.930640317,5,0.613953488,212,212,215,20.176216
1115,OC_function,9,GLPK_MI,90.63224573,60,84.21052632,5.930640317,5,0.613953488,212,212,215,18.9369897
1500,TTC_O_function,0,CBC,76.49250472,35.3,40,13.38119838,5,0.938566553,293,293,293,61.6680214
1500,TTC_O_function,0,MOSEK,76.77768882,35.3,40,12.71835598,5,0.976109215,293,293,293,60.975374
1500,TTC_O_function,0,SCIP,76.77768882,35.3,40,12.62587553,5,0.976109215,293,293,293,74.505485
1500,TTC_O_function,0,GLPK_MI,76.61617219,35.3,40,12.60528453,5,0.989761092,293,293,293,59.64593
1500,TTC_O_function,1,CBC,77.67489043,35,39.80815348,11.40308728,4,0.939393939,295,297,297,58.6697908
1500,TTC_O_function,1,MOSEK,77.61682146,35,39.80815348,10.85685315,4,0.956228956,295,297,297,65.3463384
1500,TTC_O_function,1,SCIP,77.73201332,35,39.80815348,10.76586647,4,0.95959596,295,297,297,194.8098851
1500,TTC_O_function,1,GLPK_MI,77.65419004,35,39.80815348,10.77417968,4,0.95959596,295,297,297,79.234872
1500,TTC_O_function,2,CBC,78.52231615,33.4,39.80815348,9.856491075,4,1.078767123,292,292,292,80.74525
1500,TTC_O_function,2,MOSEK,78.53127449,33.4,39.80815348,9.911684923,4,1.102739726,292,292,292,82.7110104
1500,TTC_O_function,2,SCIP,78.53127449,33.4,39.80815348,9.911684923,4,1.116438356,292,292,292,178.8611385
1500,TTC_O_function,2,GLPK_MI,78.59343173,33.4,39.80815348,9.976792379,4,1.116438356,292,292,292,79.2851384
1500,TTC_O_function,3,CBC,77.32273114,40.28776978,47.84688995,12.53217807,5,0.860627178,287,287,287,124.0329049
1500,TTC_O_function,3,MOSEK,76.95863548,35.3,47.84688995,12.89845712,5,0.864111498,287,287,287,125.6942196
1500,TTC_O_function,3,SCIP,76.95863548,35.3,47.84688995,12.7789405,5,0.864111498,287,287,287,286.3122291
1500,TTC_O_function,3,GLPK_MI,77.07090133,35.3,47.84688995,12.55935757,5,0.87456446,287,287,287,121.8732349
1500,TTC_O_function,4,CBC,75.92206372,33.4,39.80815348,13.26783489,4,0.918644068,295,295,295,125.5042762
1500,TTC_O_function,4,MOSEK,76.00883099,33.4,39.80815348,12.52539705,4,0.901694915,295,295,295,125.4281116
1500,TTC_O_function,4,SCIP,75.9947272,33.4,39.80815348,13.1951714,4,0.901694915,295,295,295,251.2199356
1500,TTC_O_function,4,GLPK_MI,75.99879609,33.4,39.80815348,13.07748279,4,0.901694915,295,295,295,132.2018973
1500,TTC_O_function,5,CBC,76.4871597,35.3,39.80815348,12.6331777,4,0.849829352,293,293,293,134.7168534
1500,TTC_O_function,5,MOSEK,76.51350402,35.3,39.80815348,12.33819968,4,0.866894198,293,293,293,123.3362194
1500,TTC_O_function,5,SCIP,76.56087173,35.3,39.80815348,12.4934082,4,0.85665529,293,293,293,256.4317811
1500,TTC_O_function,5,GLPK_MI,76.36604152,35.3,39.80815348,12.33130197,4,0.863481229,293,293,293,121.4278126
1500,TTC_O_function,6,CBC,78.23131641,35.3,39.80815348,12.67570699,4,0.941979522,293,293,293,128.4797808
1500,TTC_O_function,6,MOSEK,78.32915704,35.3,39.80815348,12.52667182,4,0.969283276,293,293,293,122.0270026
1500,TTC_O_function,6,SCIP,78.36850701,35.3,39.80815348,12.48732185,4,0.972696246,293,293,293,235.791526
1500,TTC_O_function,6,GLPK_MI,78.43462656,35.3,39.80815348,12.4212023,4,0.965870307,293,293,293,120.856598
1500,TTC_O_function,7,CBC,76.419419,35.3,39.80815348,12.90306034,4,0.881355932,295,295,295,119.6624353
1500,TTC_O_function,7,MOSEK,76.37729551,35.3,39.80815348,12.32220704,4,0.908474576,295,295,295,118.8795957
1500,TTC_O_function,7,SCIP,76.32419545,35.3,39.80815348,12.98547659,4,0.898305085,295,295,295,265.7598078
1500,TTC_O_function,7,GLPK_MI,76.413348,35.3,39.80815348,12.89632405,4,0.901694915,295,295,295,118.403333
1500,TTC_O_function,8,CBC,75.49963782,35.3,49.8,15.58817738,5,0.857638889,288,288,288,127.3021268
1500,TTC_O_function,8,MOSEK,75.524311,35.3,49.8,15.33832761,5,0.871527778,288,288,288,126.8369711
1500,TTC_O_function,8,SCIP,75.524311,35.3,49.8,15.61726764,5,0.868055556,288,288,288,244.6988018
1500,TTC_O_function,8,GLPK_MI,75.36547319,35.3,49.8,15.47235716,5,0.881944444,288,288,288,123.1536916
1500,TTC_O_function,9,CBC,76.95480715,35.3,40,11.47938435,5,1.010638298,282,282,282,118.4297589
1500,TTC_O_function,9,MOSEK,76.94419173,35.3,40,10.91954678,5,1.042553191,282,282,282,62.9941379
1500,TTC_O_function,9,SCIP,76.89629651,35.3,40,10.967442,5,1.053191489,282,282,282,93.2931943
1500,TTC_O_function,9,GLPK_MI,76.85141984,35.3,40,10.92309424,5,1.04964539,282,282,282,52.4508171
1500,SP_O_function,0,CBC,76.49250472,35.3,40,13.38119838,5,0.938566553,293,293,293,130.8220486
1500,SP_O_function,0,MOSEK,76.77768882,35.3,40,12.71835598,5,0.976109215,293,293,293,161.2913044
1500,SP_O_function,0,SCIP,76.77768882,35.3,40,12.62587553,5,0.976109215,293,293,293,167.3211991
1500,SP_O_function,0,GLPK_MI,76.61617219,35.3,40,12.60528453,5,0.989761092,293,293,293,116.8213451
1500,SP_O_function,1,CBC,77.67489043,35,39.80815348,11.40308728,4,0.939393939,295,297,297,112.0955477
1500,SP_O_function,1,MOSEK,77.61682146,35,39.80815348,10.85685315,4,0.956228956,295,297,297,114.0293162
1500,SP_O_function,1,SCIP,77.73201332,35,39.80815348,10.76586647,4,0.95959596,295,297,297,195.7746555
1500,SP_O_function,1,GLPK_MI,77.65419004,35,39.80815348,10.77417968,4,0.95959596,295,297,297,113.3681777
1500,SP_O_function,2,CBC,78.52231615,33.4,39.80815348,9.856491075,4,1.078767123,292,292,292,115.6220722
1500,SP_O_function,2,MOSEK,78.53127449,33.4,39.80815348,9.911684923,4,1.102739726,292,292,292,118.8958847
1500,SP_O_function,2,SCIP,78.53127449,33.4,39.80815348,9.911684923,4,1.116438356,292,292,292,193.1987923
1500,SP_O_function,2,GLPK_MI,78.59343173,33.4,39.80815348,9.976792379,4,1.116438356,292,292,292,137.9321353
1500,SP_O_function,3,CBC,77.32273114,40.28776978,47.84688995,12.53217807,5,0.860627178,287,287,287,167.6067396
1500,SP_O_function,3,MOSEK,76.95863548,35.3,47.84688995,12.89845712,5,0.864111498,287,287,287,162.7824222
1500,SP_O_function,3,SCIP,76.95863548,35.3,47.84688995,12.7789405,5,0.864111498,287,287,287,346.7616004
1500,SP_O_function,3,GLPK_MI,77.07090133,35.3,47.84688995,12.55935757,5,0.87456446,287,287,287,149.9588127
1500,SP_O_function,4,CBC,75.92206372,33.4,39.80815348,13.26783489,4,0.918644068,295,295,295,150.6340785
1500,SP_O_function,4,MOSEK,76.00883099,33.4,39.80815348,12.52539705,4,0.901694915,295,295,295,160.4067163
1500,SP_O_function,4,GLPK_MI,75.99879609,33.4,39.80815348,13.07748279,4,0.901694915,295,295,295,190.5588297
1500,SP_O_function,5,CBC,76.4871597,35.3,39.80815348,12.6331777,4,0.849829352,293,293,293,206.0649485
1500,SP_O_function,5,MOSEK,76.51350402,35.3,39.80815348,12.33819968,4,0.866894198,293,293,293,194.1706059
1500,SP_O_function,5,GLPK_MI,76.36604152,35.3,39.80815348,12.33130197,4,0.863481229,293,293,293,196.7770616
1500,SP_O_function,6,CBC,78.23131641,35.3,39.80815348,12.67570699,4,0.941979522,293,293,293,184.8024475
1500,SP_O_function,6,MOSEK,78.32915704,35.3,39.80815348,12.52667182,4,0.969283276,293,293,293,197.6880729
1500,SP_O_function,6,GLPK_MI,78.43462656,35.3,39.80815348,12.4212023,4,0.965870307,293,293,293,196.7351214
1500,SP_O_function,7,CBC,76.419419,35.3,39.80815348,12.90306034,4,0.881355932,295,295,295,197.8878248
1500,SP_O_function,7,MOSEK,76.37729551,35.3,39.80815348,12.32220704,4,0.908474576,295,295,295,169.4193131
1500,SP_O_function,7,GLPK_MI,76.413348,35.3,39.80815348,12.89632405,4,0.901694915,295,295,295,180.5304039
1500,SP_O_function,8,CBC,75.49963782,35.3,49.8,15.58817738,5,0.857638889,288,288,288,189.5152428
1500,SP_O_function,8,MOSEK,75.524311,35.3,49.8,15.33832761,5,0.871527778,288,288,288,188.2196342
1500,SP_O_function,8,GLPK_MI,75.36547319,35.3,49.8,15.47235716,5,0.881944444,288,288,288,186.151507
1500,SP_O_function,9,CBC,76.95480715,35.3,40,11.47938435,5,1.010638298,282,282,282,181.7134968
1500,SP_O_function,9,MOSEK,76.94419173,35.3,40,10.91954678,5,1.042553191,282,282,282,179.8258553
1500,SP_O_function,9,GLPK_MI,76.85141984,35.3,40,10.92309424,5,1.04964539,282,282,282,181.6769271
1500,OC_function,0,CBC,74.02418587,0,100,16.8216494,6,1.037542662,243,263,263,55.7758856
1500,OC_function,0,MOSEK,74.02418587,0,100,16.8216494,6,1.037542662,243,263,263,54.8200347
1500,OC_function,0,SCIP,74.02418587,0,100,16.72256319,6,1.037542662,243,263,263,60.1924051
1500,OC_function,0,GLPK_MI,74.02418587,0,100,16.62347699,6,1.037542662,243,263,263,54.8618162
1500,OC_function,1,CBC,75.55376543,0,100,12.5988834,6,0.96969697,258,287,287,56.377089
1500,OC_function,1,MOSEK,75.55376543,0,100,12.5988834,6,0.96969697,258,287,287,57.9105397
1500,OC_function,1,SCIP,75.55376543,0,100,12.5988834,6,0.96969697,258,287,287,63.9753328
1500,OC_function,1,GLPK_MI,75.55376543,0,100,12.5988834,6,0.96969697,258,287,287,57.0929294
1500,OC_function,2,CBC,75.08811964,0,100,16.67535905,6,1.102739726,254,274,274,55.6652205
1500,OC_function,2,MOSEK,75.08811964,0,100,16.67535905,6,1.095890411,254,274,274,54.9930349
1500,OC_function,2,SCIP,75.08811964,0,100,16.67535905,6,1.102739726,254,274,274,59.6132445
1500,OC_function,2,GLPK_MI,75.08811964,0,100,16.67535905,6,1.092465753,254,274,274,54.8474566
1500,OC_function,3,CBC,74.28929214,0,100,16.15271211,6,0.860627178,237,268,268,53.7560416
1500,OC_function,3,MOSEK,74.28929214,0,100,16.12652515,6,0.860627178,237,268,268,54.5498282
1500,OC_function,3,SCIP,74.28929214,0,100,16.15271211,6,0.860627178,237,268,268,60.0340624
1500,OC_function,3,GLPK_MI,74.28929214,0,100,16.15271211,6,0.860627178,237,268,268,54.7312202
1500,OC_function,4,CBC,76.48332848,0,100,12.37955672,6,0.894915254,256,277,277,57.0556603
1500,OC_function,4,MOSEK,76.48332848,0,100,12.37955672,6,0.894915254,256,277,277,56.3281841
1500,OC_function,4,SCIP,76.48332848,0,100,12.37955672,6,0.894915254,256,277,277,61.1442627
1500,OC_function,4,GLPK_MI,76.48332848,0,100,12.37955672,6,0.894915254,256,277,277,55.8202559
1500,OC_function,5,CBC,75.57750754,0,100,13.53598124,6,0.85665529,252,277,277,56.0622837
1500,OC_function,5,MOSEK,75.57750754,0,100,13.53598124,6,0.85665529,252,277,277,55.6435199
1500,OC_function,5,SCIP,75.57750754,0,100,13.53598124,6,0.85665529,252,277,277,61.6408926
1500,OC_function,5,GLPK_MI,75.57750754,0,100,13.53598124,6,0.85665529,252,277,277,55.2611638
1500,OC_function,6,CBC,75.88553996,0,100,14.39414058,6,0.982935154,251,268,268,55.113893
1500,OC_function,6,MOSEK,75.88553996,0,100,14.39414058,6,0.976109215,251,268,268,55.6073622
1500,OC_function,6,SCIP,75.88553996,0,100,14.39414058,6,0.972696246,251,268,268,60.6600481
1500,OC_function,6,GLPK_MI,75.88553996,0,100,14.39414058,6,0.982935154,251,268,268,55.4269225
1500,OC_function,7,CBC,74.31015455,0,100,12.86150219,6,0.881355932,253,276,276,56.513155
1500,OC_function,7,MOSEK,74.31015455,0,100,12.86150219,6,0.881355932,253,276,276,56.7630336
1500,OC_function,7,SCIP,74.31015455,0,100,12.86150219,6,0.881355932,253,276,276,62.1955094
1500,OC_function,7,GLPK_MI,74.31015455,0,100,12.86150219,6,0.881355932,253,276,276,55.1386423
1500,OC_function,8,CBC,74.73006513,0,100,14.28344644,6,0.878472222,250,268,268,52.2995086
1500,OC_function,8,MOSEK,74.73006513,0,100,14.28344644,6,0.878472222,250,268,268,54.4343679
1500,OC_function,8,SCIP,74.73006513,0,100,14.28344644,6,0.878472222,250,268,268,58.5427218
1500,OC_function,8,GLPK_MI,74.73006513,0,100,13.9344881,6,0.878472222,250,268,268,54.2420643
1500,OC_function,9,CBC,76.26557097,0,100,12.8021285,6,1.042553191,252,271,271,52.1784647
1500,OC_function,9,MOSEK,76.26557097,0,100,13.6914902,6,1.042553191,252,271,271,51.8054189
1500,OC_function,9,SCIP,76.26557097,0,100,13.6914902,6,1.035460993,252,271,271,57.8421966
1500,OC_function,9,GLPK_MI,76.26557097,0,100,12.55780395,6,1.039007092,252,271,271,51.9853625
2000,TTC_O_function,0,CBC,66.644144,33.4,40,11.75619814,5,1.619170984,371,386,386,140.1056979
2000,TTC_O_function,0,MOSEK,66.68376669,33.4,40,11.70414022,5,1.626943005,371,386,386,140.5744384
2000,TTC_O_function,0,SCIP,66.68409537,33.4,40,11.23921741,5,1.626943005,371,386,386,351.461897
2000,TTC_O_function,0,GLPK_MI,66.71956569,33.4,40,11.41238267,5,1.629533679,371,386,386,137.6804943
2000,TTC_O_function,1,CBC,68.1709098,33.4,49.8,11.62556108,5,1.573232323,379,396,396,143.0272127
2000,TTC_O_function,1,MOSEK,68.12098211,33.4,49.8,11.43862008,5,1.573232323,379,396,396,144.0616965
2000,TTC_O_function,1,GLPK_MI,68.02305162,33.4,49.8,12.24870008,5,1.583333333,379,396,396,143.3911907
2000,TTC_O_function,2,CBC,69.22869402,33.4,49.8,11.4248614,5,1.626943005,386,386,386,149.1288776
2000,TTC_O_function,2,MOSEK,69.0788179,33.4,49.8,11.28255833,5,1.655440415,386,386,386,149.5992275
2000,TTC_O_function,2,GLPK_MI,69.06688409,33.4,49.8,11.0543297,5,1.647668394,386,386,386,148.0758562
2000,TTC_O_function,3,CBC,68.22105323,33.4,40,9.761606917,5,1.621761658,368,386,386,137.9499785
2000,TTC_O_function,3,MOSEK,68.15916373,33.4,40,10.19538343,5,1.626943005,368,386,386,139.3824059
2000,TTC_O_function,3,GLPK_MI,68.16509521,33.4,40,9.606476211,5,1.626943005,368,386,386,139.2949817
2000,TTC_O_function,4,CBC,67.76756456,33.4,49.8,12.0751941,5,1.598984772,394,394,394,144.7756245
2000,TTC_O_function,4,MOSEK,67.6240545,33.4,49.8,11.53671065,5,1.624365482,394,394,394,105.7034892
2000,TTC_O_function,4,GLPK_MI,67.79389786,33.4,49.8,12.80087898,5,1.616751269,394,394,394,56.5064098
2000,TTC_O_function,5,CBC,66.99588369,33.4,49.8,10.00260965,5,1.606683805,380,389,389,56.830893
2000,TTC_O_function,5,MOSEK,66.91168412,33.4,49.8,9.77678352,5,1.604113111,380,389,389,55.8565308
2000,TTC_O_function,5,GLPK_MI,66.92290828,33.4,49.8,10.25709966,5,1.619537275,380,389,389,56.278754
2000,TTC_O_function,6,CBC,68.26586688,33.4,49.8,12.85956351,5,1.672727273,385,385,385,60.1782765
2000,TTC_O_function,6,MOSEK,68.25366932,33.4,49.8,13.36816517,5,1.667532468,385,385,385,62.4262524
2000,TTC_O_function,6,GLPK_MI,68.26000913,33.4,49.8,13.38779938,5,1.667532468,385,385,385,59.2636117
2000,TTC_O_function,7,CBC,67.26607737,35.3,49.8,10.23203018,5,1.615979381,388,388,388,56.214277
2000,TTC_O_function,7,MOSEK,67.20237887,35.3,49.8,9.815165908,5,1.62628866,388,388,388,60.9545045
2000,TTC_O_function,7,GLPK_MI,67.24289061,35.3,49.8,9.794225623,5,1.631443299,388,388,388,67.6123656
2000,TTC_O_function,8,CBC,67.2166689,35.3,40,10.92937517,5,1.661458333,367,384,384,53.6493917
2000,TTC_O_function,8,MOSEK,67.2079296,35.3,40,9.037640285,5,1.6875,367,384,384,55.169875
2000,TTC_O_function,8,GLPK_MI,67.45759646,35.3,40,10.51045053,5,1.682291667,367,384,384,51.3281663
2000,TTC_O_function,9,CBC,67.07464186,33.4,49.8,12.50781461,5,1.705263158,380,380,380,51.6963035
2000,TTC_O_function,9,MOSEK,66.91877312,33.4,49.8,12.82786564,5,1.731578947,380,380,380,68.9328995
2000,TTC_O_function,9,GLPK_MI,66.93211231,33.4,49.8,13.25978961,5,1.731578947,380,380,380,78.8302198
2000,SP_O_function,0,CBC,66.644144,33.4,40,11.75619814,5,1.619170984,371,386,386,107.0482293
2000,SP_O_function,0,MOSEK,66.68376669,33.4,40,11.70414022,5,1.626943005,371,386,386,81.3027659
2000,SP_O_function,0,SCIP,66.68409537,33.4,40,11.23921741,5,1.626943005,371,386,386,178.9511379
2000,SP_O_function,0,GLPK_MI,66.71956569,33.4,40,11.41238267,5,1.629533679,371,386,386,84.494021
2000,SP_O_function,1,CBC,68.1709098,33.4,49.8,11.62556108,5,1.573232323,379,396,396,85.4347776
2000,SP_O_function,1,MOSEK,68.12098211,33.4,49.8,11.43862008,5,1.573232323,379,396,396,86.4344896
2000,SP_O_function,1,SCIP,68.06611885,33.4,49.8,11.47641121,5,1.580808081,379,396,396,283.3389761
2000,SP_O_function,1,GLPK_MI,68.02305162,33.4,49.8,12.24870008,5,1.583333333,379,396,396,123.9180997
2000,SP_O_function,2,CBC,69.22869402,33.4,49.8,11.4248614,5,1.626943005,386,386,386,130.9963248
2000,SP_O_function,2,MOSEK,69.0788179,33.4,49.8,11.28255833,5,1.655440415,386,386,386,118.782238
2000,SP_O_function,2,SCIP,69.07662371,33.4,49.8,10.44391726,5,1.647668394,386,386,386,175.6184473
2000,SP_O_function,2,GLPK_MI,69.06688409,33.4,49.8,11.0543297,5,1.647668394,386,386,386,110.1349417
2000,SP_O_function,3,CBC,68.22105323,33.4,40,9.761606917,5,1.621761658,368,386,386,89.5437527
2000,SP_O_function,3,MOSEK,68.15916373,33.4,40,10.19538343,5,1.626943005,368,386,386,92.8880507
2000,SP_O_function,3,GLPK_MI,68.16509521,33.4,40,9.606476211,5,1.626943005,368,386,386,100.7639619
2000,SP_O_function,4,CBC,67.76756456,33.4,49.8,12.0751941,5,1.598984772,394,394,394,92.1269511
2000,SP_O_function,4,MOSEK,67.6240545,33.4,49.8,11.53671065,5,1.624365482,394,394,394,101.6938174
2000,SP_O_function,4,GLPK_MI,67.79389786,33.4,49.8,12.80087898,5,1.616751269,394,394,394,97.4509539
2000,SP_O_function,5,CBC,66.99588369,33.4,49.8,10.00260965,5,1.606683805,380,389,389,90.9275322
2000,SP_O_function,5,MOSEK,66.91168412,33.4,49.8,9.77678352,5,1.604113111,380,389,389,89.4231001
2000,SP_O_function,5,GLPK_MI,66.92290828,33.4,49.8,10.25709966,5,1.619537275,380,389,389,96.5684793
2000,SP_O_function,6,CBC,68.26586688,33.4,49.8,12.85956351,5,1.672727273,385,385,385,90.4807729
2000,SP_O_function,6,MOSEK,68.25366932,33.4,49.8,13.36816517,5,1.667532468,385,385,385,95.2596834
2000,SP_O_function,6,GLPK_MI,68.26000913,33.4,49.8,13.38779938,5,1.667532468,385,385,385,118.6741996
2000,SP_O_function,7,CBC,67.26607737,35.3,49.8,10.23203018,5,1.615979381,388,388,388,88.236705
2000,SP_O_function,7,MOSEK,67.20237887,35.3,49.8,9.815165908,5,1.62628866,388,388,388,90.1215743
2000,SP_O_function,7,GLPK_MI,67.24289061,35.3,49.8,9.794225623,5,1.631443299,388,388,388,87.3954104
2000,SP_O_function,8,CBC,67.2166689,35.3,40,10.92937517,5,1.661458333,367,384,384,86.9360435
2000,SP_O_function,8,MOSEK,67.2079296,35.3,40,9.037640285,5,1.6875,367,384,384,87.5139623
2000,SP_O_function,8,GLPK_MI,67.45759646,35.3,40,10.51045053,5,1.682291667,367,384,384,90.4623387
2000,SP_O_function,9,CBC,67.07464186,33.4,49.8,12.50781461,5,1.705263158,380,380,380,90.7987518
2000,SP_O_function,9,MOSEK,66.91877312,33.4,49.8,12.82786564,5,1.731578947,380,380,380,91.4894171
2000,SP_O_function,9,GLPK_MI,66.93211231,33.4,49.8,13.25978961,5,1.731578947,380,380,380,89.536036
2000,OC_function,0,CBC,58.35699336,0,100,27.25002339,6,1.665803109,261,297,315,34.2109881
2000,OC_function,0,MOSEK,58.35699336,0,100,27.11185414,6,1.665803109,261,297,314,32.7503527
2000,OC_function,0,SCIP,58.35699336,0,100,27.25002339,6,1.665803109,261,297,315,35.4231448
2000,OC_function,0,GLPK_MI,58.35699336,0,100,27.25002339,6,1.665803109,261,297,315,33.4506609
2000,OC_function,1,CBC,58.59973256,0,100,24.94183866,6,1.623737374,261,307,316,33.2292169
2000,OC_function,1,MOSEK,58.59973256,0,100,24.94183866,6,1.623737374,261,307,316,34.8495652
2000,OC_function,1,SCIP,58.59973256,0,100,24.94183866,6,1.623737374,261,307,316,37.440466
2000,OC_function,1,GLPK_MI,58.59973256,0,100,24.94183866,6,1.623737374,261,307,316,34.2824315
2000,OC_function,2,CBC,60.37626529,0,100,23.61136799,6,1.678756477,260,316,349,31.2410163
2000,OC_function,2,MOSEK,60.37626529,0,100,23.61136799,6,1.678756477,260,316,349,32.1637633
2000,OC_function,2,SCIP,60.37626529,0,100,23.61136799,6,1.678756477,260,316,349,35.0312084
2000,OC_function,2,GLPK_MI,60.37626529,0,100,23.61136799,6,1.678756477,260,316,349,32.1712426
2000,OC_function,3,CBC,58.03220698,0,100,26.65491591,6,1.712435233,244,306,321,31.4359723
2000,OC_function,3,MOSEK,58.03220698,0,100,26.65491591,6,1.712435233,244,306,320,32.1621169
2000,OC_function,3,SCIP,58.03220698,0,100,26.65491591,6,1.712435233,244,306,323,36.4987049
2000,OC_function,3,GLPK_MI,58.03220698,0,100,26.65491591,6,1.712435233,244,306,321,32.6752433
2000,OC_function,4,CBC,61.10140061,0,100,18.13978804,6,1.61928934,285,332,354,32.7277495
2000,OC_function,4,MOSEK,61.10140061,0,100,19.43192002,6,1.61928934,285,332,352,44.5310261
2000,OC_function,4,SCIP,61.10140061,0,100,18.13978804,6,1.61928934,285,332,354,37.9430149
2000,OC_function,4,GLPK_MI,61.10140061,0,100,18.79765606,6,1.61928934,285,332,353,34.5087423
2000,OC_function,5,CBC,58.40884784,0,100,27.80673451,6,1.663239075,251,293,311,35.1276428
2000,OC_function,5,MOSEK,58.40884784,0,100,28.39579808,6,1.663239075,251,293,311,34.6538549
2000,OC_function,5,SCIP,58.40884784,0,100,27.80673451,6,1.663239075,251,293,311,38.8595051
2000,OC_function,5,GLPK_MI,58.40884784,0,100,28.39579808,6,1.663239075,251,293,311,33.35308
2000,OC_function,6,CBC,60.17280908,0,100,24.80310318,6,1.693506494,269,327,342,31.7466869
2000,OC_function,6,MOSEK,60.17280908,0,100,24.80310318,6,1.693506494,269,327,340,32.3475041
2000,OC_function,6,SCIP,60.17280908,0,100,24.80310318,6,1.693506494,269,327,342,36.5482162
2000,OC_function,6,GLPK_MI,60.17280908,0,100,24.80310318,6,1.693506494,269,327,340,33.3553543
2000,OC_function,7,CBC,59.22062948,0,100,26.2873043,6,1.636597938,272,309,320,32.0776395
2000,OC_function,7,MOSEK,59.22062948,0,100,26.2873043,6,1.636597938,272,309,320,33.8996071
2000,OC_function,7,SCIP,59.22062948,0,100,26.2873043,6,1.636597938,272,309,320,38.2868193
2000,OC_function,7,GLPK_MI,59.22062948,0,100,26.2873043,6,1.636597938,272,309,320,33.7974341
2000,OC_function,8,CBC,59.72341542,0,100,24.78546561,6,1.703125,266,308,329,31.3034609
2000,OC_function,8,MOSEK,59.72341542,0,100,24.78546561,6,1.703125,266,308,326,32.6691885
2000,OC_function,8,SCIP,59.72341542,0,100,24.78546561,6,1.703125,266,308,330,38.2381099
2000,OC_function,8,GLPK_MI,59.72341542,0,100,25.57843436,6,1.703125,266,308,326,33.3032185
2000,OC_function,9,CBC,59.702735,0,100,24.8506477,6,1.713157895,262,324,331,31.9388445
2000,OC_function,9,MOSEK,59.702735,0,100,24.8506477,6,1.713157895,262,324,331,31.4381298
2000,OC_function,9,SCIP,59.702735,0,100,24.8506477,6,1.713157895,262,324,331,34.2648508
2000,OC_function,9,GLPK_MI,59.702735,0,100,24.8506477,6,1.713157895,262,324,331,31.4588473
1000,TTC_O_function,0,SCIPY,85.43170416,35.3,64.83253589,12.14695726,4,0.692307692,195,195,195,24.16129661
1000,TTC_O_function,1,SCIPY,86.23330568,35.3,64.83253589,13.4313642,4,0.666666667,198,198,198,23.48718256
1000,TTC_O_function,2,SCIPY,86.24100436,35.3,64.83253589,10.63615698,4,0.824742268,194,194,194,23.20744877
1000,TTC_O_function,3,SCIPY,85.80170937,50,64.83253589,11.2823852,4,0.528795812,191,191,191,24.09575569
1000,TTC_O_function,4,SCIPY,84.39484064,35.3,64.83253589,13.20912551,4,0.588832487,197,197,197,22.95462114
1000,TTC_O_function,5,SCIPY,83.24947638,40.28776978,64.83253589,14.87001835,4,0.471794872,195,195,195,23.21736672
1000,TTC_O_function,6,SCIPY,85.90801499,50,66.26794258,12.03209858,4,0.573604061,197,197,197,23.88325315
1000,TTC_O_function,7,SCIPY,85.03115974,35.3,64.83253589,13.57660801,4,0.492307692,195,195,195,23.52230407
1000,TTC_O_function,8,SCIPY,85.70486486,40.28776978,64.83253589,11.55246378,4,0.533678756,193,193,193,23.20868357
1000,TTC_O_function,9,SCIPY,86.02051227,35.3,47.84688995,9.870323007,4,0.654639175,194,194,194,23.32398041
1000,SP_O_function,0,SCIPY,85.43170416,35.3,64.83253589,12.14695726,4,0.692307692,195,195,195,38.21741861
1000,SP_O_function,1,SCIPY,86.23330568,35.3,64.83253589,13.4313642,4,0.666666667,198,198,198,38.190918
1000,SP_O_function,2,SCIPY,86.24100436,35.3,64.83253589,10.63615698,4,0.824742268,194,194,194,37.84357141
1000,SP_O_function,3,SCIPY,85.80170937,50,64.83253589,11.2823852,4,0.528795812,191,191,191,38.63990271
1000,SP_O_function,4,SCIPY,84.39484064,35.3,64.83253589,13.20912551,4,0.588832487,197,197,197,37.75216897
1000,SP_O_function,5,SCIPY,83.24947638,40.28776978,64.83253589,14.87001835,4,0.471794872,195,195,195,39.51142498
1000,SP_O_function,6,SCIPY,85.90801499,50,66.26794258,12.03209858,4,0.573604061,197,197,197,42.69376946
1000,SP_O_function,7,SCIPY,85.03115974,35.3,64.83253589,13.57660801,4,0.492307692,195,195,195,42.55244721
1000,SP_O_function,8,SCIPY,85.70486486,40.28776978,64.83253589,11.55246378,4,0.533678756,193,193,193,41.25244802
1000,SP_O_function,9,SCIPY,86.02051227,35.3,47.84688995,9.870323007,4,0.654639175,194,194,194,38.62686608
1000,OC_function,0,SCIPY,92.78535814,60,66.26794258,4.969934524,5,0.676923077,195,195,195,9.394995437
1000,OC_function,1,SCIPY,92.31807454,60,67.70334928,5.937983763,5,0.646464646,194,198,198,9.537649282
1000,OC_function,2,SCIPY,92.51718837,60,84.21052632,5.618310068,5,0.742268041,186,186,194,8.950598075
1000,OC_function,3,SCIPY,93.89771283,60,67.70334928,2.818814735,5,0.513089005,189,191,191,8.998180927
1000,OC_function,4,SCIPY,92.81896308,60,84.21052632,5.746146093,5,0.543147208,193,196,197,9.468598723
1000,OC_function,5,SCIPY,91.72729012,60,66.26794258,5.139016983,5,0.420512821,187,195,195,9.338043128
1000,OC_function,6,SCIPY,93.22655913,60,66.26794258,5.514512531,5,0.558375635,197,197,197,9.35575615
1000,OC_function,7,SCIPY,93.74770706,60,84.21052632,5.268197781,5,0.451282051,194,194,195,9.293989879
1000,OC_function,8,SCIPY,92.88117213,60,64.83253589,4.076361666,5,0.523316062,193,193,193,9.325539959
1000,OC_function,9,SCIPY,92.72473202,60,66.26794258,3.95864082,5,0.62371134,194,194,194,9.143995413
1115,TTC_O_function,0,SCIPY,85.24416157,40.28776978,66.26794258,11.37305889,4,0.701834862,218,218,218,26.57101324
1115,TTC_O_function,1,SCIPY,85.17051917,35.3,64.83253589,12.1311189,4,0.668181818,220,220,220,26.46698889
1115,TTC_O_function,2,SCIPY,86.02270047,35.3,64.83253589,10.64681688,4,0.925233645,214,214,214,26.56615222
1115,TTC_O_function,3,SCIPY,84.85133795,35.3,59.71223022,12.25964018,4,0.56744186,215,215,215,26.62666726
1115,TTC_O_function,4,SCIPY,83.24290929,35.3,39.80815348,10.08165429,4,0.599099099,222,222,222,26.36106485
1115,TTC_O_function,5,SCIPY,82.63677921,40.28776978,64.83253589,13.28146763,4,0.511520737,217,217,217,26.78987212
1115,TTC_O_function,6,SCIPY,85.02439988,35.3,66.26794258,12.28750225,4,0.643835616,219,219,219,26.9626979
1115,TTC_O_function,7,SCIPY,83.4443848,35.3,64.83253589,15.32229977,4,0.5,218,218,218,26.98971475
1115,TTC_O_function,8,SCIPY,84.58069206,40.28776978,64.83253589,11.51794575,4,0.535211268,213,213,213,26.57131211
1115,TTC_O_function,9,SCIPY,84.38581142,50,47.84688995,11.19886101,4,0.669767442,215,215,215,26.33368177
1115,SP_O_function,0,SCIPY,85.24416157,40.28776978,66.26794258,11.37305889,4,0.701834862,218,218,218,42.38918539
1115,SP_O_function,1,SCIPY,85.17051917,35.3,64.83253589,12.1311189,4,0.668181818,220,220,220,42.86393724
1115,SP_O_function,2,SCIPY,86.02270047,35.3,64.83253589,10.64681688,4,0.925233645,214,214,214,42.46561595
1115,SP_O_function,3,SCIPY,84.85133795,35.3,59.71223022,12.25964018,4,0.56744186,215,215,215,42.33239712
1115,SP_O_function,4,SCIPY,83.24290929,35.3,39.80815348,10.08165429,4,0.599099099,222,222,222,42.26731652
1115,SP_O_function,5,SCIPY,82.63677921,40.28776978,64.83253589,13.28146763,4,0.511520737,217,217,217,42.88161449
1115,SP_O_function,6,SCIPY,85.02439988,35.3,66.26794258,12.28750225,4,0.643835616,219,219,219,43.08322081
1115,SP_O_function,7,SCIPY,83.4443848,35.3,64.83253589,15.32229977,4,0.5,218,218,218,43.04346965
1115,SP_O_function,8,SCIPY,84.58069206,40.28776978,64.83253589,11.51794575,4,0.535211268,213,213,213,42.20852807
1115,SP_O_function,9,SCIPY,84.38581142,50,47.84688995,11.19886101,4,0.669767442,215,215,215,41.99302771
1115,OC_function,0,SCIPY,90.74986909,60,81.33971292,6.310006795,5,0.674311927,218,218,218,10.58730611
1115,OC_function,1,SCIPY,90.2289565,60,84.21052632,7.987080896,5,0.645454545,206,214,220,11.0132117
1115,OC_function,2,SCIPY,91.00996677,50,84.21052632,6.71294433,5,0.85046729,205,205,214,10.48244546
1115,OC_function,3,SCIPY,91.67789431,60,64.35406699,4.415430507,5,0.51627907,214,215,215,10.59809941
1115,OC_function,4,SCIPY,90.39802502,60,84.21052632,7.850894167,5,0.527027027,214,214,222,10.96508793
1115,OC_function,5,SCIPY,89.25097364,50.2,67.22488038,6.238823021,5,0.483870968,202,213,217,10.77749023
1115,OC_function,6,SCIPY,91.32652335,60,81.33971292,6.964479589,5,0.621004566,219,219,219,10.80627865
1115,OC_function,7,SCIPY,90.95458644,60,84.21052632,7.048511472,5,0.472477064,213,213,218,10.64756361
1115,OC_function,8,SCIPY,90.67713746,50.2,84.21052632,5.845657913,5,0.502347418,207,210,213,10.55375564
1115,OC_function,9,SCIPY,90.63224573,60,84.21052632,5.930640317,5,0.613953488,212,212,215,10.63768192
1500,TTC_O_function,0,SCIPY,76.70517446,35.3,40,12.69838988,5,0.986348123,293,293,293,34.37860936
1500,TTC_O_function,1,SCIPY,77.63133992,35,39.80815348,11.83122024,4,0.95959596,295,297,297,33.36399189
1500,TTC_O_function,2,SCIPY,78.56723339,33.4,39.80815348,10.04010958,4,1.119863014,292,292,292,33.96700324
1500,TTC_O_function,3,SCIPY,76.95413396,35.3,47.84688995,12.78344202,5,0.860627178,287,287,287,34.56132947
1500,TTC_O_function,4,SCIPY,75.96531259,33.4,39.80815348,13.32300045,4,0.922033898,295,295,295,34.91025626
1500,TTC_O_function,5,SCIPY,76.5760891,35.3,39.80815348,12.18911077,4,0.85665529,293,293,293,33.83641644
1500,TTC_O_function,6,SCIPY,78.27715739,35.3,39.80815348,12.62986601,4,0.976109215,293,293,293,33.86247122
1500,TTC_O_function,7,SCIPY,76.32419545,35.3,39.80815348,12.3753071,4,0.911864407,295,295,295,33.71842671
1500,TTC_O_function,8,SCIPY,75.70061737,35.3,49.8,15.23240413,5,0.878472222,288,288,288,35.48702716
1500,TTC_O_function,9,SCIPY,76.98747527,35.3,40,11.41160984,5,1.056737589,282,282,282,34.21474729
1500,SP_O_function,0,SCIPY,76.70517446,35.3,40,12.69838988,5,0.986348123,293,293,293,53.74491112
1500,SP_O_function,1,SCIPY,77.63133992,35,39.80815348,11.83122024,4,0.95959596,295,297,297,52.04289873
1500,SP_O_function,2,SCIPY,78.56723339,33.4,39.80815348,10.04010958,4,1.119863014,292,292,292,53.44479546
1500,SP_O_function,3,SCIPY,76.95413396,35.3,47.84688995,12.78344202,5,0.860627178,287,287,287,53.81259151
1500,SP_O_function,4,SCIPY,75.96531259,33.4,39.80815348,13.32300045,4,0.922033898,295,295,295,54.27972412
1500,SP_O_function,5,SCIPY,76.5760891,35.3,39.80815348,12.18911077,4,0.85665529,293,293,293,53.1746235
1500,SP_O_function,6,SCIPY,78.27715739,35.3,39.80815348,12.62986601,4,0.976109215,293,293,293,53.27645072
1500,SP_O_function,7,SCIPY,76.32419545,35.3,39.80815348,12.3753071,4,0.911864407,295,295,295,52.6406046
1500,SP_O_function,8,SCIPY,75.70061737,35.3,49.8,15.23240413,5,0.878472222,288,288,288,55.30287785
1500,SP_O_function,9,SCIPY,76.98747527,35.3,40,11.41160984,5,1.056737589,282,282,282,53.54487641
1500,OC_function,0,SCIPY,74.02418587,0,100,16.8216494,6,1.037542662,243,263,263,16.31817334
1500,OC_function,1,SCIPY,75.55376543,0,100,12.5988834,6,0.96969697,258,287,287,16.10745931
1500,OC_function,2,SCIPY,75.08811964,0,100,16.67535905,6,1.095890411,254,274,274,16.15896559
1500,OC_function,3,SCIPY,74.28929214,0,100,16.15271211,6,0.860627178,237,268,268,15.70244185
1500,OC_function,4,SCIPY,76.48332848,0,100,12.37955672,6,0.894915254,256,277,277,16.3562826
1500,OC_function,5,SCIPY,75.57750754,0,100,13.53598124,6,0.85665529,252,277,277,16.09812621
1500,OC_function,6,SCIPY,75.88553996,0,100,14.39414058,6,0.982935154,251,268,268,16.07467906
1500,OC_function,7,SCIPY,74.31015455,0,100,12.86150219,6,0.881355932,253,276,276,16.17126042
1500,OC_function,8,SCIPY,74.73006513,0,100,14.28344644,6,0.878472222,250,268,268,15.83084267
1500,OC_function,9,SCIPY,76.26557097,0,100,12.8021285,6,1.046099291,252,271,271,15.25530801
2000,TTC_O_function,0,SCIPY,66.64876921,33.4,40,11.49561439,5,1.629533679,371,386,386,40.63963255
2000,TTC_O_function,1,SCIPY,68.20113291,33.4,49.8,11.35846928,5,1.578282828,379,396,396,42.04544505
2000,TTC_O_function,2,SCIPY,69.11739572,33.4,49.8,10.93548688,5,1.650259067,386,386,386,44.08116915
2000,TTC_O_function,3,SCIPY,68.18887706,33.4,40,9.753607724,5,1.626943005,368,386,386,40.42785031
2000,TTC_O_function,4,SCIPY,67.68452464,33.4,49.8,12.87310456,5,1.639593909,394,394,394,42.47941818
2000,TTC_O_function,5,SCIPY,66.91835597,33.4,49.8,10.20194552,5,1.606683805,380,389,389,41.32005241
2000,TTC_O_function,6,SCIPY,68.23891216,33.4,49.8,12.82216967,5,1.672727273,385,385,385,43.36306649
2000,TTC_O_function,7,SCIPY,67.22379819,35.3,49.8,9.858595275,5,1.634020619,388,388,388,42.12484272
2000,TTC_O_function,8,SCIPY,67.13636017,35.3,40,10.32404771,5,1.690104167,367,384,384,41.96450985
2000,TTC_O_function,9,SCIPY,66.9484622,33.4,49.8,13.24343972,5,1.734210526,380,380,380,42.86669758
2000,SP_O_function,0,SCIPY,66.64876921,33.4,40,11.49561439,5,1.629533679,371,386,386,62.33488247
2000,SP_O_function,1,SCIPY,68.20113291,33.4,49.8,11.35846928,5,1.578282828,379,396,396,64.05714901
2000,SP_O_function,2,SCIPY,69.11739572,33.4,49.8,10.93548688,5,1.650259067,386,386,386,66.61069093
2000,SP_O_function,3,SCIPY,68.18887706,33.4,40,9.753607724,5,1.626943005,368,386,386,61.65167309
2000,SP_O_function,4,SCIPY,67.68452464,33.4,49.8,12.87310456,5,1.639593909,394,394,394,64.59518327
2000,SP_O_function,5,SCIPY,66.91835597,33.4,49.8,10.20194552,5,1.606683805,380,389,389,63.16016394
2000,SP_O_function,6,SCIPY,68.23891216,33.4,49.8,12.82216967,5,1.672727273,385,385,385,66.38575268
2000,SP_O_function,7,SCIPY,67.22379819,35.3,49.8,9.858595275,5,1.634020619,388,388,388,64.10494184
2000,SP_O_function,8,SCIPY,67.13636017,35.3,40,10.32404771,5,1.690104167,367,384,384,63.98589875
2000,SP_O_function,9,SCIPY,66.9484622,33.4,49.8,13.24343972,5,1.734210526,380,380,380,65.36072906
2000,OC_function,0,SCIPY,58.35699336,0,100,27.25002339,6,1.665803109,261,297,315,24.41910071
2000,OC_function,1,SCIPY,58.59973256,0,100,24.94183866,6,1.623737374,261,307,316,25.15182124
2000,OC_function,2,SCIPY,60.37626529,0,100,23.61136799,6,1.678756477,260,316,349,24.05226156
2000,OC_function,3,SCIPY,58.03220698,0,100,26.65491591,6,1.712435233,244,306,322,24.02626241
2000,OC_function,4,SCIPY,61.10140061,0,100,18.79765606,6,1.61928934,285,332,352,24.84262489
2000,OC_function,5,SCIPY,58.40884784,0,100,28.39579808,6,1.663239075,251,293,311,23.97904006
2000,OC_function,6,SCIPY,60.17280908,0,100,24.80310318,6,1.693506494,269,327,340,23.88631344
2000,OC_function,7,SCIPY,59.22062948,0,100,26.2873043,6,1.636597938,272,309,320,24.28479
2000,OC_function,8,SCIPY,59.72341542,0,100,24.78546561,6,1.703125,266,308,331,24.06401007
2000,OC_function,9,SCIPY,59.702735,0,100,24.8506477,6,1.713157895,262,324,331,23.3223314
