algorithm,num_agents,num_items,distribution,min_value,sum_value,execution_time
Markakis&Psomas,5,100,uniform,849.0,7263.0,0.022767066955566406
RoundRobin,5,100,uniform,842.0,4917.0,0.0
Sequential,5,100,uniform,97.0,492.0,0.0
Markakis&Psomas,5,100,uniform,924.0,7043.0,0.01719498634338379
RoundRobin,5,100,uniform,699.0,4773.0,0.0
Sequential,5,100,uniform,97.0,491.0,0.0
Markakis&Psomas,5,100,uniform,928.0,7001.0,0.009681940078735352
RoundRobin,5,100,uniform,884.0,5406.0,0.0
Sequential,5,100,uniform,99.0,495.0,0.0
Markakis&Psomas,5,100,uniform,970.0,7378.0,0.007426023483276367
RoundRobin,5,100,uniform,864.0,5335.0,0.0
Sequential,5,100,uniform,98.0,493.0,0.0
Markakis&Psomas,5,100,uniform,918.0,7134.0,0.009985923767089844
RoundRobin,5,100,uniform,851.0,4602.0,0.0
Sequential,5,100,uniform,97.0,492.0,0.0
Markakis&Psomas,5,100,normal,937.0,6792.0,0.011041879653930664
RoundRobin,5,100,normal,830.0,4933.0,0.0
Sequential,5,100,normal,93.0,513.0,0.0
Markakis&Psomas,5,100,normal,961.0,6630.0,0.009407281875610352
RoundRobin,5,100,normal,959.0,5087.0,0.0
Sequential,5,100,normal,86.0,496.0,0.0
Markakis&Psomas,5,100,normal,901.0,6689.0,0.008884668350219727
RoundRobin,5,100,normal,931.0,5165.0,0.0
Sequential,5,100,normal,93.0,505.0,0.0
Markakis&Psomas,5,100,normal,968.0,6541.0,0.008332967758178711
RoundRobin,5,100,normal,912.0,4870.0,0.0
Sequential,5,100,normal,89.0,484.0,0.0
Markakis&Psomas,5,100,normal,901.0,6250.0,0.010544300079345703
RoundRobin,5,100,normal,935.0,5101.0,0.0
Sequential,5,100,normal,90.0,467.0,0.0
Markakis&Psomas,5,100,exponential,498.0,4932.0,0.0065419673919677734
RoundRobin,5,100,exponential,472.0,2800.0,0.0
Sequential,5,100,exponential,110.0,788.0,0.0
Markakis&Psomas,5,100,exponential,446.0,5276.0,0.011764049530029297
RoundRobin,5,100,exponential,440.0,2783.0,0.0
Sequential,5,100,exponential,128.0,834.0,0.0
Markakis&Psomas,5,100,exponential,486.0,4974.0,0.007211208343505859
RoundRobin,5,100,exponential,430.0,2532.0,0.0
Sequential,5,100,exponential,118.0,757.0,0.0
Markakis&Psomas,5,100,exponential,565.0,5242.0,0.007070064544677734
RoundRobin,5,100,exponential,542.0,3204.0,0.0
Sequential,5,100,exponential,112.0,730.0,0.0
Markakis&Psomas,5,100,exponential,551.0,5279.0,0.004639148712158203
RoundRobin,5,100,exponential,492.0,3710.0,0.0
Sequential,5,100,exponential,120.0,757.0,0.0
Markakis&Psomas,5,200,uniform,1918.0,14558.0,0.007211208343505859
RoundRobin,5,200,uniform,1745.0,10120.0,0.0
Sequential,5,200,uniform,99.0,495.0,0.0
Markakis&Psomas,5,200,uniform,1735.0,14715.0,0.00547337532043457
RoundRobin,5,200,uniform,1577.0,9878.0,0.006010293960571289
Sequential,5,200,uniform,98.0,493.0,0.0
Markakis&Psomas,5,200,uniform,1895.0,14870.0,0.010977983474731445
RoundRobin,5,200,uniform,1861.0,10052.0,0.0
Sequential,5,200,uniform,99.0,495.0,0.0
Markakis&Psomas,5,200,uniform,1960.0,14335.0,0.016628026962280273
RoundRobin,5,200,uniform,1988.0,10887.0,0.0
Sequential,5,200,uniform,99.0,495.0,0.0
Markakis&Psomas,5,200,uniform,1959.0,14088.0,0.01431417465209961
RoundRobin,5,200,uniform,1833.0,9745.0,0.0032625198364257812
Sequential,5,200,uniform,98.0,494.0,0.0
Markakis&Psomas,5,200,normal,1948.0,13162.0,0.015779972076416016
RoundRobin,5,200,normal,1954.0,10212.0,0.0
Sequential,5,200,normal,99.0,543.0,0.0
Markakis&Psomas,5,200,normal,1919.0,12876.0,0.01585078239440918
RoundRobin,5,200,normal,1728.0,9753.0,0.0
Sequential,5,200,normal,89.0,520.0,0.0
Markakis&Psomas,5,200,normal,1990.0,13297.0,0.016617536544799805
RoundRobin,5,200,normal,1890.0,9935.0,0.0
Sequential,5,200,normal,104.0,554.0,0.0
Markakis&Psomas,5,200,normal,1899.0,13588.0,0.011373281478881836
RoundRobin,5,200,normal,1979.0,10385.0,0.0
Sequential,5,200,normal,95.0,520.0,0.0
Markakis&Psomas,5,200,normal,1964.0,13626.0,0.014831066131591797
RoundRobin,5,200,normal,1924.0,9922.0,0.0015017986297607422
Sequential,5,200,normal,97.0,534.0,0.0
Markakis&Psomas,5,200,exponential,1110.0,10698.0,0.00970602035522461
RoundRobin,5,200,exponential,921.0,5931.0,0.0
Sequential,5,200,exponential,111.0,896.0,0.0
Markakis&Psomas,5,200,exponential,943.0,10763.0,0.011548757553100586
RoundRobin,5,200,exponential,832.0,5603.0,0.004381418228149414
Sequential,5,200,exponential,160.0,905.0,0.0009663105010986328
Markakis&Psomas,5,200,exponential,1243.0,10724.0,0.00937342643737793
RoundRobin,5,200,exponential,1043.0,6465.0,0.0017130374908447266
Sequential,5,200,exponential,122.0,878.0,0.0
Markakis&Psomas,5,200,exponential,1147.0,10071.0,0.010027647018432617
RoundRobin,5,200,exponential,1001.0,5553.0,0.0
Sequential,5,200,exponential,119.0,855.0,0.0
Markakis&Psomas,5,200,exponential,1025.0,10635.0,0.0098876953125
RoundRobin,5,200,exponential,1003.0,5855.0,0.0
Sequential,5,200,exponential,130.0,781.0,0.0
Markakis&Psomas,5,500,uniform,5010.0,37305.0,0.013088226318359375
RoundRobin,5,500,uniform,4462.0,25924.0,0.0
Sequential,5,500,uniform,99.0,495.0,0.0
Markakis&Psomas,5,500,uniform,4842.0,37218.0,0.014330863952636719
RoundRobin,5,500,uniform,4611.0,24952.0,0.0
Sequential,5,500,uniform,99.0,495.0,0.0
Markakis&Psomas,5,500,uniform,4896.0,36702.0,0.015600919723510742
RoundRobin,5,500,uniform,4751.0,24213.0,0.0
Sequential,5,500,uniform,99.0,495.0,0.0
Markakis&Psomas,5,500,uniform,4794.0,36548.0,0.01354527473449707
RoundRobin,5,500,uniform,4500.0,24165.0,0.0
Sequential,5,500,uniform,99.0,495.0,0.0042896270751953125
Markakis&Psomas,5,500,uniform,4847.0,37161.0,0.01111912727355957
RoundRobin,5,500,uniform,4891.0,25612.0,0.0006194114685058594
Sequential,5,500,uniform,99.0,495.0,0.0
Markakis&Psomas,5,500,normal,4813.0,32796.0,0.01730513572692871
RoundRobin,5,500,normal,4678.0,24448.0,0.0
Sequential,5,500,normal,99.0,537.0,0.0
Markakis&Psomas,5,500,normal,4948.0,33316.0,0.015865564346313477
RoundRobin,5,500,normal,4809.0,25249.0,0.0
Sequential,5,500,normal,108.0,585.0,0.0
Markakis&Psomas,5,500,normal,4894.0,33314.0,0.012147903442382812
RoundRobin,5,500,normal,4801.0,24595.0,0.004509925842285156
Sequential,5,500,normal,104.0,547.0,0.0
Markakis&Psomas,5,500,normal,4853.0,33081.0,0.01252889633178711
RoundRobin,5,500,normal,4745.0,24446.0,0.004003763198852539
Sequential,5,500,normal,98.0,538.0,0.0020945072174072266
Markakis&Psomas,5,500,normal,4825.0,33565.0,0.01710653305053711
RoundRobin,5,500,normal,4847.0,24767.0,0.0010066032409667969
Sequential,5,500,normal,111.0,603.0,0.0
Markakis&Psomas,5,500,exponential,2662.0,25760.0,0.11134505271911621
RoundRobin,5,500,exponential,2651.0,14823.0,0.00487065315246582
Sequential,5,500,exponential,170.0,1121.0,0.0
Markakis&Psomas,5,500,exponential,3008.0,25246.0,0.016701221466064453
RoundRobin,5,500,exponential,2814.0,14574.0,0.0
Sequential,5,500,exponential,137.0,887.0,0.0
Markakis&Psomas,5,500,exponential,2502.0,25383.0,0.01654815673828125
RoundRobin,5,500,exponential,2533.0,14695.0,0.0017442703247070312
Sequential,5,500,exponential,151.0,1023.0,0.0012364387512207031
Markakis&Psomas,5,500,exponential,2919.0,25349.0,0.016363143920898438
RoundRobin,5,500,exponential,2390.0,13713.0,0.0
Sequential,5,500,exponential,169.0,958.0,0.0
Markakis&Psomas,5,500,exponential,2797.0,25845.0,0.015651702880859375
RoundRobin,5,500,exponential,2865.0,15205.0,0.0034942626953125
Sequential,5,500,exponential,181.0,1162.0,0.0
Markakis&Psomas,5,1000,uniform,9663.0,72562.0,0.02785468101501465
RoundRobin,5,1000,uniform,9904.0,51759.0,0.0029697418212890625
Sequential,5,1000,uniform,99.0,495.0,0.0
Markakis&Psomas,5,1000,uniform,9698.0,72419.0,0.023741722106933594
RoundRobin,5,1000,uniform,9690.0,49565.0,0.004571437835693359
Sequential,5,1000,uniform,99.0,495.0,0.0
Markakis&Psomas,5,1000,uniform,9914.0,72533.0,0.024924755096435547
RoundRobin,5,1000,uniform,9666.0,49851.0,0.006053924560546875
Sequential,5,1000,uniform,99.0,495.0,0.0033273696899414062
Markakis&Psomas,5,1000,uniform,9916.0,72980.0,0.03236818313598633
RoundRobin,5,1000,uniform,9854.0,50749.0,0.0003898143768310547
Sequential,5,1000,uniform,99.0,495.0,0.003229379653930664
Markakis&Psomas,5,1000,uniform,9661.0,71476.0,0.023654937744140625
RoundRobin,5,1000,uniform,9672.0,49922.0,0.003304719924926758
Sequential,5,1000,uniform,99.0,495.0,0.0
Markakis&Psomas,5,1000,normal,9909.0,66409.0,0.02793431282043457
RoundRobin,5,1000,normal,9605.0,49655.0,0.003270864486694336
Sequential,5,1000,normal,108.0,575.0,0.0
Markakis&Psomas,5,1000,normal,9733.0,66549.0,0.03222346305847168
RoundRobin,5,1000,normal,9765.0,49684.0,0.0
Sequential,5,1000,normal,108.0,579.0,0.0042684078216552734
Markakis&Psomas,5,1000,normal,9772.0,66817.0,0.024217844009399414
RoundRobin,5,1000,normal,9625.0,50358.0,0.0072383880615234375
Sequential,5,1000,normal,109.0,572.0,0.0
Markakis&Psomas,5,1000,normal,9680.0,66134.0,0.0265805721282959
RoundRobin,5,1000,normal,9085.0,48140.0,0.0
Sequential,5,1000,normal,109.0,582.0,0.003933906555175781
Markakis&Psomas,5,1000,normal,9783.0,66985.0,0.027183055877685547
RoundRobin,5,1000,normal,9502.0,48799.0,0.00033020973205566406
Sequential,5,1000,normal,103.0,541.0,0.0
Markakis&Psomas,5,1000,exponential,6262.0,53449.0,0.02456831932067871
RoundRobin,5,1000,exponential,5320.0,31356.0,0.002399921417236328
Sequential,5,1000,exponential,171.0,1033.0,0.0
Markakis&Psomas,5,1000,exponential,5547.0,53829.0,0.019564390182495117
RoundRobin,5,1000,exponential,5457.0,30016.0,0.005709409713745117
Sequential,5,1000,exponential,180.0,1051.0,0.00036525726318359375
Markakis&Psomas,5,1000,exponential,5650.0,52457.0,0.025045156478881836
RoundRobin,5,1000,exponential,5490.0,29309.0,0.0
Sequential,5,1000,exponential,203.0,1164.0,0.009460926055908203
Markakis&Psomas,5,1000,exponential,5821.0,51584.0,0.02132701873779297
RoundRobin,5,1000,exponential,5718.0,30841.0,0.005446434020996094
Sequential,5,1000,exponential,169.0,1038.0,0.0
Markakis&Psomas,5,1000,exponential,5971.0,51824.0,0.03208422660827637
RoundRobin,5,1000,exponential,5520.0,29366.0,0.0004942417144775391
Sequential,5,1000,exponential,171.0,996.0,0.0
Markakis&Psomas,10,100,uniform,379.0,7813.0,0.10848593711853027
RoundRobin,10,100,uniform,315.0,4856.0,0.0
Sequential,10,100,uniform,97.0,985.0,0.0
Markakis&Psomas,10,100,uniform,392.0,7899.0,0.021074771881103516
RoundRobin,10,100,uniform,349.0,4893.0,0.0
Sequential,10,100,uniform,95.0,981.0,0.0
Markakis&Psomas,10,100,uniform,385.0,7855.0,0.016704797744750977
RoundRobin,10,100,uniform,394.0,4862.0,0.0
Sequential,10,100,uniform,96.0,983.0,0.0
Markakis&Psomas,10,100,uniform,390.0,7975.0,0.013509273529052734
RoundRobin,10,100,uniform,388.0,4962.0,0.0
Sequential,10,100,uniform,97.0,983.0,0.0
Markakis&Psomas,10,100,uniform,479.0,7937.0,0.021287202835083008
RoundRobin,10,100,uniform,302.0,5070.0,0.0
Sequential,10,100,uniform,98.0,987.0,0.0
Markakis&Psomas,10,100,normal,436.0,7411.0,0.014295101165771484
RoundRobin,10,100,normal,411.0,5343.0,0.0
Sequential,10,100,normal,83.0,991.0,0.0
Markakis&Psomas,10,100,normal,463.0,7494.0,0.014053821563720703
RoundRobin,10,100,normal,380.0,4818.0,0.0
Sequential,10,100,normal,89.0,992.0,0.0
Markakis&Psomas,10,100,normal,448.0,7581.0,0.01612067222595215
RoundRobin,10,100,normal,379.0,4935.0,0.0
Sequential,10,100,normal,93.0,1039.0,0.0
Markakis&Psomas,10,100,normal,437.0,7141.0,0.014263153076171875
RoundRobin,10,100,normal,395.0,4844.0,0.0020182132720947266
Sequential,10,100,normal,83.0,944.0,0.0
Markakis&Psomas,10,100,normal,458.0,7342.0,0.015636682510375977
RoundRobin,10,100,normal,444.0,5330.0,0.0
Sequential,10,100,normal,90.0,997.0,0.0012819766998291016
Markakis&Psomas,10,100,exponential,179.0,6033.0,0.015841960906982422
RoundRobin,10,100,exponential,226.0,2914.0,0.0
Sequential,10,100,exponential,108.0,1587.0,0.0
Markakis&Psomas,10,100,exponential,165.0,6198.0,0.016292810440063477
RoundRobin,10,100,exponential,167.0,2875.0,0.0
Sequential,10,100,exponential,96.0,1633.0,0.0
Markakis&Psomas,10,100,exponential,205.0,6009.0,0.019218921661376953
RoundRobin,10,100,exponential,180.0,3451.0,0.0
Sequential,10,100,exponential,110.0,1565.0,0.0
Markakis&Psomas,10,100,exponential,149.0,5448.0,0.01465153694152832
RoundRobin,10,100,exponential,168.0,3217.0,0.0
Sequential,10,100,exponential,104.0,1388.0,0.0
Markakis&Psomas,10,100,exponential,168.0,5827.0,0.014264583587646484
RoundRobin,10,100,exponential,207.0,2897.0,0.0
Sequential,10,100,exponential,98.0,1398.0,0.0
Markakis&Psomas,10,200,uniform,869.0,15981.0,0.02239203453063965
RoundRobin,10,200,uniform,964.0,11180.0,0.0
Sequential,10,200,uniform,99.0,990.0,0.0030896663665771484
Markakis&Psomas,10,200,uniform,967.0,15782.0,0.020758628845214844
RoundRobin,10,200,uniform,784.0,9817.0,0.0
Sequential,10,200,uniform,98.0,988.0,0.0
Markakis&Psomas,10,200,uniform,867.0,15974.0,0.020151376724243164
RoundRobin,10,200,uniform,851.0,9917.0,0.0
Sequential,10,200,uniform,98.0,987.0,0.0047817230224609375
Markakis&Psomas,10,200,uniform,871.0,16061.0,0.023692607879638672
RoundRobin,10,200,uniform,782.0,9773.0,0.0
Sequential,10,200,uniform,99.0,990.0,0.0015518665313720703
Markakis&Psomas,10,200,uniform,836.0,15999.0,0.02118825912475586
RoundRobin,10,200,uniform,859.0,10229.0,0.0
Sequential,10,200,uniform,97.0,988.0,0.0052564144134521484
Markakis&Psomas,10,200,normal,909.0,14452.0,0.020704984664916992
RoundRobin,10,200,normal,819.0,9952.0,0.0
Sequential,10,200,normal,96.0,1040.0,0.004034280776977539
Markakis&Psomas,10,200,normal,971.0,14721.0,0.021410465240478516
RoundRobin,10,200,normal,919.0,9941.0,0.0
Sequential,10,200,normal,89.0,1021.0,0.0
Markakis&Psomas,10,200,normal,891.0,14686.0,0.027515649795532227
RoundRobin,10,200,normal,906.0,9753.0,0.00039696693420410156
Sequential,10,200,normal,95.0,1066.0,0.0
Markakis&Psomas,10,200,normal,919.0,14767.0,0.030917882919311523
RoundRobin,10,200,normal,953.0,10290.0,0.0
Sequential,10,200,normal,94.0,1024.0,0.0
Markakis&Psomas,10,200,normal,930.0,14586.0,0.025681495666503906
RoundRobin,10,200,normal,795.0,9633.0,0.0
Sequential,10,200,normal,92.0,1026.0,0.0013377666473388672
Markakis&Psomas,10,200,exponential,506.0,12740.0,0.02466750144958496
RoundRobin,10,200,exponential,393.0,5734.0,0.0
Sequential,10,200,exponential,143.0,1666.0,0.0
Markakis&Psomas,10,200,exponential,554.0,12374.0,0.030901432037353516
RoundRobin,10,200,exponential,504.0,6291.0,0.0
Sequential,10,200,exponential,113.0,1422.0,0.002384185791015625
Markakis&Psomas,10,200,exponential,535.0,12392.0,0.02381420135498047
RoundRobin,10,200,exponential,449.0,5440.0,0.0
Sequential,10,200,exponential,143.0,2047.0,0.0
Markakis&Psomas,10,200,exponential,541.0,12437.0,0.029901504516601562
RoundRobin,10,200,exponential,446.0,5923.0,0.0006649494171142578
Sequential,10,200,exponential,148.0,1779.0,0.0
Markakis&Psomas,10,200,exponential,401.0,12400.0,0.025477170944213867
RoundRobin,10,200,exponential,386.0,6074.0,0.0
Sequential,10,200,exponential,136.0,1798.0,0.005362510681152344
Markakis&Psomas,10,500,uniform,2409.0,39949.0,0.04702949523925781
RoundRobin,10,500,uniform,2283.0,24350.0,0.0017414093017578125
Sequential,10,500,uniform,99.0,990.0,0.0
Markakis&Psomas,10,500,uniform,2431.0,39643.0,0.042917490005493164
RoundRobin,10,500,uniform,2303.0,25503.0,0.0
Sequential,10,500,uniform,99.0,990.0,0.0
Markakis&Psomas,10,500,uniform,2316.0,39916.0,0.0440826416015625
RoundRobin,10,500,uniform,2206.0,24847.0,0.0
Sequential,10,500,uniform,99.0,990.0,0.0
Markakis&Psomas,10,500,uniform,2333.0,39658.0,0.04122138023376465
RoundRobin,10,500,uniform,2088.0,24473.0,0.0020225048065185547
Sequential,10,500,uniform,99.0,990.0,0.0
Markakis&Psomas,10,500,uniform,2438.0,39268.0,0.043494462966918945
RoundRobin,10,500,uniform,2334.0,25948.0,0.003219127655029297
Sequential,10,500,uniform,99.0,990.0,0.0
Markakis&Psomas,10,500,normal,2379.0,36282.0,0.0895237922668457
RoundRobin,10,500,normal,2254.0,24256.0,0.0
Sequential,10,500,normal,99.0,1097.0,0.0019299983978271484
Markakis&Psomas,10,500,normal,2416.0,36371.0,0.04701852798461914
RoundRobin,10,500,normal,2276.0,24226.0,0.0
Sequential,10,500,normal,101.0,1111.0,0.0
Markakis&Psomas,10,500,normal,2383.0,36654.0,0.05384969711303711
RoundRobin,10,500,normal,2267.0,24831.0,0.0
Sequential,10,500,normal,99.0,1117.0,0.0038673877716064453
Markakis&Psomas,10,500,normal,2360.0,36789.0,0.05039215087890625
RoundRobin,10,500,normal,2412.0,25269.0,0.0
Sequential,10,500,normal,99.0,1131.0,0.0029544830322265625
Markakis&Psomas,10,500,normal,2428.0,36391.0,0.04828786849975586
RoundRobin,10,500,normal,2297.0,24855.0,0.0008018016815185547
Sequential,10,500,normal,100.0,1104.0,0.0
Markakis&Psomas,10,500,exponential,1313.0,31917.0,0.05759739875793457
RoundRobin,10,500,exponential,1156.0,13478.0,0.002655506134033203
Sequential,10,500,exponential,157.0,1993.0,0.0
Markakis&Psomas,10,500,exponential,1373.0,32731.0,0.041410207748413086
RoundRobin,10,500,exponential,1341.0,15265.0,0.0
Sequential,10,500,exponential,148.0,1999.0,0.004857540130615234
Markakis&Psomas,10,500,exponential,1253.0,30258.0,0.04224109649658203
RoundRobin,10,500,exponential,1152.0,14371.0,0.0
Sequential,10,500,exponential,130.0,1891.0,0.0043141841888427734
Markakis&Psomas,10,500,exponential,1179.0,31351.0,0.04204058647155762
RoundRobin,10,500,exponential,1198.0,14244.0,0.0
Sequential,10,500,exponential,172.0,2046.0,0.004364490509033203
Markakis&Psomas,10,500,exponential,1187.0,31466.0,0.04583263397216797
RoundRobin,10,500,exponential,1258.0,14330.0,0.0008294582366943359
Sequential,10,500,exponential,153.0,2004.0,0.0
Markakis&Psomas,10,1000,uniform,4756.0,79701.0,0.07315874099731445
RoundRobin,10,1000,uniform,4618.0,50220.0,0.0004513263702392578
Sequential,10,1000,uniform,99.0,990.0,0.002335786819458008
Markakis&Psomas,10,1000,uniform,4813.0,79793.0,0.0742948055267334
RoundRobin,10,1000,uniform,4686.0,50118.0,0.0
Sequential,10,1000,uniform,99.0,990.0,0.006946086883544922
Markakis&Psomas,10,1000,uniform,4772.0,79779.0,0.07503032684326172
RoundRobin,10,1000,uniform,4443.0,49434.0,0.0
Sequential,10,1000,uniform,99.0,990.0,0.006118297576904297
Markakis&Psomas,10,1000,uniform,4872.0,81289.0,0.07054305076599121
RoundRobin,10,1000,uniform,4423.0,49663.0,0.0
Sequential,10,1000,uniform,99.0,990.0,0.010782241821289062
Markakis&Psomas,10,1000,uniform,4834.0,79551.0,0.07657051086425781
RoundRobin,10,1000,uniform,4817.0,50139.0,0.0
Sequential,10,1000,uniform,99.0,990.0,0.00511932373046875
Markakis&Psomas,10,1000,normal,4973.0,72893.0,0.15517616271972656
RoundRobin,10,1000,normal,4763.0,49763.0,0.0
Sequential,10,1000,normal,106.0,1211.0,0.005990505218505859
Markakis&Psomas,10,1000,normal,4956.0,73965.0,0.06454706192016602
RoundRobin,10,1000,normal,4420.0,48467.0,0.0
Sequential,10,1000,normal,104.0,1173.0,0.0
Markakis&Psomas,10,1000,normal,4782.0,73578.0,0.08197641372680664
RoundRobin,10,1000,normal,4576.0,49245.0,0.0
Sequential,10,1000,normal,106.0,1133.0,0.0
Markakis&Psomas,10,1000,normal,4899.0,73209.0,0.07242131233215332
RoundRobin,10,1000,normal,4668.0,49902.0,0.0
Sequential,10,1000,normal,111.0,1168.0,0.0
Markakis&Psomas,10,1000,normal,4809.0,72521.0,0.08199334144592285
RoundRobin,10,1000,normal,4821.0,50738.0,0.001590728759765625
Sequential,10,1000,normal,109.0,1167.0,0.003256559371948242
Markakis&Psomas,10,1000,exponential,2933.0,63267.0,0.10385322570800781
RoundRobin,10,1000,exponential,2905.0,30674.0,0.0
Sequential,10,1000,exponential,182.0,2285.0,0.006664752960205078
Markakis&Psomas,10,1000,exponential,2854.0,63731.0,0.09758758544921875
RoundRobin,10,1000,exponential,2609.0,28061.0,0.0
Sequential,10,1000,exponential,182.0,2101.0,0.007288694381713867
Markakis&Psomas,10,1000,exponential,2855.0,64083.0,0.09874749183654785
RoundRobin,10,1000,exponential,2608.0,31031.0,0.0
Sequential,10,1000,exponential,175.0,2156.0,0.01085519790649414
Markakis&Psomas,10,1000,exponential,2857.0,63256.0,0.09415841102600098
RoundRobin,10,1000,exponential,2765.0,29997.0,0.0
Sequential,10,1000,exponential,168.0,2236.0,0.0013616085052490234
Markakis&Psomas,10,1000,exponential,2776.0,62914.0,0.10189104080200195
RoundRobin,10,1000,exponential,1970.0,28923.0,0.0
Sequential,10,1000,exponential,172.0,2225.0,0.0
Markakis&Psomas,20,100,uniform,190.0,8257.0,0.08571863174438477
RoundRobin,20,100,uniform,144.0,4809.0,0.0
Sequential,20,100,uniform,96.0,1969.0,0.0
Markakis&Psomas,20,100,uniform,194.0,8420.0,0.08231759071350098
RoundRobin,20,100,uniform,117.0,5154.0,0.0
Sequential,20,100,uniform,97.0,1970.0,0.0020132064819335938
Markakis&Psomas,20,100,uniform,193.0,8312.0,0.06579899787902832
RoundRobin,20,100,uniform,120.0,4813.0,0.0
Sequential,20,100,uniform,97.0,1975.0,0.0
Markakis&Psomas,20,100,uniform,194.0,8555.0,0.06137537956237793
RoundRobin,20,100,uniform,103.0,4613.0,0.0
Sequential,20,100,uniform,96.0,1968.0,0.0
Markakis&Psomas,20,100,uniform,195.0,8485.0,0.06280899047851562
RoundRobin,20,100,uniform,121.0,4725.0,0.0
Sequential,20,100,uniform,94.0,1963.0,0.0
Markakis&Psomas,20,100,normal,186.0,7877.0,0.06598854064941406
RoundRobin,20,100,normal,168.0,5141.0,0.0
Sequential,20,100,normal,87.0,2090.0,0.005838155746459961
Markakis&Psomas,20,100,normal,182.0,7687.0,0.06416511535644531
RoundRobin,20,100,normal,154.0,4942.0,0.0
Sequential,20,100,normal,87.0,1956.0,0.0
Markakis&Psomas,20,100,normal,179.0,7750.0,0.14543843269348145
RoundRobin,20,100,normal,172.0,4666.0,0.0
Sequential,20,100,normal,86.0,1955.0,0.0
Markakis&Psomas,20,100,normal,185.0,7673.0,0.06053519248962402
RoundRobin,20,100,normal,187.0,5090.0,0.0
Sequential,20,100,normal,89.0,2005.0,0.0
Markakis&Psomas,20,100,normal,167.0,7729.0,0.05020952224731445
RoundRobin,20,100,normal,173.0,4787.0,0.0
Sequential,20,100,normal,84.0,1922.0,0.0
Markakis&Psomas,20,100,exponential,107.0,7053.0,0.056984663009643555
RoundRobin,20,100,exponential,82.0,3238.0,0.0
Sequential,20,100,exponential,107.0,3159.0,0.0
Markakis&Psomas,20,100,exponential,110.0,6461.0,0.05853772163391113
RoundRobin,20,100,exponential,27.0,3868.0,0.002009153366088867
Sequential,20,100,exponential,85.0,2860.0,0.0
Markakis&Psomas,20,100,exponential,119.0,6878.0,0.05526471138000488
RoundRobin,20,100,exponential,28.0,3030.0,0.0
Sequential,20,100,exponential,97.0,2980.0,0.0
Markakis&Psomas,20,100,exponential,105.0,7340.0,0.051630496978759766
RoundRobin,20,100,exponential,58.0,3070.0,0.0
Sequential,20,100,exponential,105.0,3195.0,0.0
Markakis&Psomas,20,100,exponential,105.0,6732.0,0.06207633018493652
RoundRobin,20,100,exponential,44.0,3056.0,0.0
Sequential,20,100,exponential,105.0,3020.0,0.0
Markakis&Psomas,20,200,uniform,392.0,16918.0,0.07753372192382812
RoundRobin,20,200,uniform,345.0,9712.0,0.0
Sequential,20,200,uniform,96.0,1975.0,0.0
Markakis&Psomas,20,200,uniform,395.0,16686.0,0.08834195137023926
RoundRobin,20,200,uniform,402.0,10128.0,0.0010066032409667969
Sequential,20,200,uniform,98.0,1976.0,0.0020744800567626953
Markakis&Psomas,20,200,uniform,391.0,16840.0,0.09069299697875977
RoundRobin,20,200,uniform,318.0,10087.0,0.0019283294677734375
Sequential,20,200,uniform,98.0,1977.0,0.0009698867797851562
Markakis&Psomas,20,200,uniform,396.0,17019.0,0.08489060401916504
RoundRobin,20,200,uniform,303.0,9760.0,0.0
Sequential,20,200,uniform,98.0,1978.0,0.0
Markakis&Psomas,20,200,uniform,391.0,17127.0,0.08501338958740234
RoundRobin,20,200,uniform,345.0,10661.0,0.0008225440979003906
Sequential,20,200,uniform,98.0,1978.0,0.002007722854614258
Markakis&Psomas,20,200,normal,407.0,15815.0,0.1399555206298828
RoundRobin,20,200,normal,389.0,10408.0,0.0
Sequential,20,200,normal,93.0,2070.0,0.002814769744873047
Markakis&Psomas,20,200,normal,405.0,15478.0,0.08088850975036621
RoundRobin,20,200,normal,387.0,10288.0,0.0
Sequential,20,200,normal,91.0,2032.0,0.0
Markakis&Psomas,20,200,normal,401.0,15612.0,0.07899260520935059
RoundRobin,20,200,normal,363.0,9747.0,0.0
Sequential,20,200,normal,92.0,2055.0,0.004403829574584961
Markakis&Psomas,20,200,normal,400.0,15789.0,0.0816650390625
RoundRobin,20,200,normal,393.0,10054.0,0.0
Sequential,20,200,normal,87.0,2029.0,0.001009225845336914
Markakis&Psomas,20,200,normal,410.0,15537.0,0.08807969093322754
RoundRobin,20,200,normal,384.0,9835.0,0.0
Sequential,20,200,normal,95.0,2069.0,0.0
Markakis&Psomas,20,200,exponential,174.0,14172.0,0.09035134315490723
RoundRobin,20,200,exponential,191.0,6478.0,0.004383087158203125
Sequential,20,200,exponential,116.0,3201.0,0.0010883808135986328
Markakis&Psomas,20,200,exponential,146.0,13907.0,0.08618998527526855
RoundRobin,20,200,exponential,146.0,5938.0,0.0
Sequential,20,200,exponential,112.0,3401.0,0.0
Markakis&Psomas,20,200,exponential,135.0,13881.0,0.0934145450592041
RoundRobin,20,200,exponential,154.0,5467.0,0.004545688629150391
Sequential,20,200,exponential,126.0,3602.0,0.0
Markakis&Psomas,20,200,exponential,170.0,13415.0,0.094024658203125
RoundRobin,20,200,exponential,193.0,5830.0,0.0
Sequential,20,200,exponential,125.0,3451.0,0.0
Markakis&Psomas,20,200,exponential,161.0,13774.0,0.08966350555419922
RoundRobin,20,200,exponential,142.0,6557.0,0.0
Sequential,20,200,exponential,125.0,3361.0,0.0
Markakis&Psomas,20,500,uniform,1179.0,42592.0,0.1539008617401123
RoundRobin,20,500,uniform,1067.0,25557.0,0.0023953914642333984
Sequential,20,500,uniform,99.0,1980.0,0.0003960132598876953
Markakis&Psomas,20,500,uniform,1168.0,42528.0,0.2484598159790039
RoundRobin,20,500,uniform,975.0,24850.0,0.0
Sequential,20,500,uniform,99.0,1980.0,0.00244140625
Markakis&Psomas,20,500,uniform,1176.0,42983.0,0.17021679878234863
RoundRobin,20,500,uniform,942.0,25134.0,0.006094455718994141
Sequential,20,500,uniform,99.0,1980.0,0.0036208629608154297
Markakis&Psomas,20,500,uniform,1172.0,42546.0,0.16555190086364746
RoundRobin,20,500,uniform,963.0,24669.0,0.0
Sequential,20,500,uniform,99.0,1980.0,0.003437519073486328
Markakis&Psomas,20,500,uniform,1178.0,42502.0,0.17922091484069824
RoundRobin,20,500,uniform,1004.0,25505.0,0.004976034164428711
Sequential,20,500,uniform,99.0,1980.0,0.002603292465209961
Markakis&Psomas,20,500,normal,1136.0,39397.0,0.1686549186706543
RoundRobin,20,500,normal,1083.0,25216.0,0.0010085105895996094
Sequential,20,500,normal,98.0,2172.0,0.0
Markakis&Psomas,20,500,normal,1107.0,39655.0,0.1760997772216797
RoundRobin,20,500,normal,1100.0,24103.0,0.0
Sequential,20,500,normal,99.0,2207.0,0.0
Markakis&Psomas,20,500,normal,1165.0,40058.0,0.25320005416870117
RoundRobin,20,500,normal,1124.0,24886.0,0.0003342628479003906
Sequential,20,500,normal,100.0,2207.0,0.0050427913665771484
Markakis&Psomas,20,500,normal,1179.0,40116.0,0.1822035312652588
RoundRobin,20,500,normal,1003.0,25112.0,0.0
Sequential,20,500,normal,102.0,2234.0,0.0
Markakis&Psomas,20,500,normal,1147.0,39928.0,0.17734622955322266
RoundRobin,20,500,normal,1094.0,25275.0,0.0
Sequential,20,500,normal,98.0,2175.0,0.007053375244140625
Markakis&Psomas,20,500,exponential,560.0,36044.0,0.19245076179504395
RoundRobin,20,500,exponential,483.0,14760.0,0.0017175674438476562
Sequential,20,500,exponential,147.0,3822.0,0.006090641021728516
Markakis&Psomas,20,500,exponential,599.0,36172.0,0.19364356994628906
RoundRobin,20,500,exponential,483.0,14670.0,0.0
Sequential,20,500,exponential,142.0,4014.0,0.0
Markakis&Psomas,20,500,exponential,561.0,36446.0,0.1818256378173828
RoundRobin,20,500,exponential,512.0,13673.0,0.0034890174865722656
Sequential,20,500,exponential,151.0,3790.0,0.0058629512786865234
Markakis&Psomas,20,500,exponential,590.0,36325.0,0.23327875137329102
RoundRobin,20,500,exponential,442.0,15651.0,0.0007131099700927734
Sequential,20,500,exponential,167.0,4097.0,0.0
Markakis&Psomas,20,500,exponential,596.0,35344.0,0.17217803001403809
RoundRobin,20,500,exponential,446.0,14516.0,0.0
Sequential,20,500,exponential,149.0,4098.0,0.008111000061035156
Markakis&Psomas,20,1000,uniform,2351.0,84835.0,0.2744269371032715
RoundRobin,20,1000,uniform,2172.0,50553.0,0.0010075569152832031
Sequential,20,1000,uniform,99.0,1980.0,0.008575916290283203
Markakis&Psomas,20,1000,uniform,2355.0,85105.0,0.27541637420654297
RoundRobin,20,1000,uniform,2387.0,52021.0,0.0
Sequential,20,1000,uniform,99.0,1980.0,0.006779909133911133
Markakis&Psomas,20,1000,uniform,2365.0,85507.0,0.26921558380126953
RoundRobin,20,1000,uniform,2250.0,51066.0,0.0
Sequential,20,1000,uniform,99.0,1980.0,0.010993003845214844
Markakis&Psomas,20,1000,uniform,2359.0,84949.0,0.3392620086669922
RoundRobin,20,1000,uniform,2139.0,49309.0,0.0032508373260498047
Sequential,20,1000,uniform,99.0,1980.0,0.0057222843170166016
Markakis&Psomas,20,1000,uniform,2351.0,85633.0,0.29877519607543945
RoundRobin,20,1000,uniform,2178.0,51491.0,0.0
Sequential,20,1000,uniform,99.0,1980.0,0.010750055313110352
Markakis&Psomas,20,1000,normal,2380.0,79130.0,0.3264622688293457
RoundRobin,20,1000,normal,2248.0,49364.0,0.0013828277587890625
Sequential,20,1000,normal,103.0,2241.0,0.012020349502563477
Markakis&Psomas,20,1000,normal,2370.0,79459.0,0.31064915657043457
RoundRobin,20,1000,normal,2239.0,49338.0,0.0008153915405273438
Sequential,20,1000,normal,105.0,2298.0,0.006723642349243164
Markakis&Psomas,20,1000,normal,2378.0,79101.0,0.3254735469818115
RoundRobin,20,1000,normal,2169.0,50127.0,0.0
Sequential,20,1000,normal,98.0,2262.0,0.009050369262695312
Markakis&Psomas,20,1000,normal,2362.0,79382.0,0.33568477630615234
RoundRobin,20,1000,normal,2317.0,49415.0,0.0016467571258544922
Sequential,20,1000,normal,105.0,2316.0,0.005529642105102539
Markakis&Psomas,20,1000,normal,2416.0,79445.0,0.28693437576293945
RoundRobin,20,1000,normal,2353.0,51375.0,0.003057718276977539
Sequential,20,1000,normal,104.0,2273.0,0.008945465087890625
Markakis&Psomas,20,1000,exponential,1210.0,73421.0,0.29136085510253906
RoundRobin,20,1000,exponential,1168.0,30160.0,0.005075931549072266
Sequential,20,1000,exponential,172.0,4564.0,0.002469778060913086
Markakis&Psomas,20,1000,exponential,1321.0,74878.0,0.37958502769470215
RoundRobin,20,1000,exponential,1162.0,29089.0,0.0
Sequential,20,1000,exponential,172.0,4388.0,0.010686874389648438
Markakis&Psomas,20,1000,exponential,1249.0,73515.0,0.3214242458343506
RoundRobin,20,1000,exponential,1161.0,30591.0,0.0
Sequential,20,1000,exponential,174.0,4267.0,0.0062103271484375
Markakis&Psomas,20,1000,exponential,1276.0,72922.0,0.2834804058074951
RoundRobin,20,1000,exponential,1204.0,29609.0,0.002288818359375
Sequential,20,1000,exponential,166.0,4302.0,0.009121894836425781
Markakis&Psomas,20,1000,exponential,1316.0,73017.0,0.2884805202484131
RoundRobin,20,1000,exponential,1132.0,28723.0,0.0022459030151367188
Sequential,20,1000,exponential,168.0,4446.0,0.005845546722412109
Markakis&Psomas,50,100,uniform,95.0,8809.0,0.44434142112731934
RoundRobin,50,100,uniform,6.0,5095.0,0.0
Sequential,50,100,uniform,94.0,4906.0,0.0
Markakis&Psomas,50,100,uniform,95.0,8764.0,0.3223700523376465
RoundRobin,50,100,uniform,17.0,5346.0,0.0032525062561035156
Sequential,50,100,uniform,92.0,4912.0,0.0014870166778564453
Markakis&Psomas,50,100,uniform,95.0,8922.0,0.3717923164367676
RoundRobin,50,100,uniform,21.0,5163.0,0.0
Sequential,50,100,uniform,95.0,4894.0,0.008178472518920898
Markakis&Psomas,50,100,uniform,97.0,8989.0,0.34549379348754883
RoundRobin,50,100,uniform,11.0,5078.0,0.0
Sequential,50,100,uniform,93.0,4910.0,0.0
Markakis&Psomas,50,100,uniform,95.0,8841.0,0.3272056579589844
RoundRobin,50,100,uniform,17.0,5147.0,0.0
Sequential,50,100,uniform,95.0,4908.0,0.0048563480377197266
Markakis&Psomas,50,100,normal,84.0,8354.0,0.41135597229003906
RoundRobin,50,100,normal,30.0,4707.0,0.0
Sequential,50,100,normal,80.0,4859.0,0.0
Markakis&Psomas,50,100,normal,86.0,8438.0,0.3102385997772217
RoundRobin,50,100,normal,49.0,5010.0,0.0
Sequential,50,100,normal,83.0,4947.0,0.0
Markakis&Psomas,50,100,normal,77.0,8119.0,0.2973043918609619
RoundRobin,50,100,normal,52.0,4915.0,0.0
Sequential,50,100,normal,77.0,4790.0,0.0
Markakis&Psomas,50,100,normal,84.0,8188.0,0.34684062004089355
RoundRobin,50,100,normal,46.0,5057.0,0.0
Sequential,50,100,normal,83.0,4824.0,0.0
Markakis&Psomas,50,100,normal,88.0,8516.0,0.28882908821105957
RoundRobin,50,100,normal,50.0,4857.0,0.0
Sequential,50,100,normal,84.0,4987.0,0.0016562938690185547
Markakis&Psomas,50,100,exponential,105.0,9979.0,0.317227840423584
RoundRobin,50,100,exponential,2.0,2704.0,0.0
Sequential,50,100,exponential,96.0,7652.0,0.004837989807128906
Markakis&Psomas,50,100,exponential,97.0,9207.0,0.2837646007537842
RoundRobin,50,100,exponential,6.0,3303.0,0.0
Sequential,50,100,exponential,76.0,7216.0,0.0
Markakis&Psomas,50,100,exponential,89.0,9582.0,0.2806854248046875
RoundRobin,50,100,exponential,4.0,2865.0,0.0
Sequential,50,100,exponential,78.0,7233.0,0.0
Markakis&Psomas,50,100,exponential,89.0,9634.0,0.3065507411956787
RoundRobin,50,100,exponential,8.0,2991.0,0.0
Sequential,50,100,exponential,89.0,7509.0,0.0
Markakis&Psomas,50,100,exponential,75.0,9443.0,0.4031968116760254
RoundRobin,50,100,exponential,4.0,2964.0,0.0
Sequential,50,100,exponential,75.0,7388.0,0.00044608116149902344
Markakis&Psomas,50,200,uniform,99.0,17848.0,0.5796482563018799
RoundRobin,50,200,uniform,66.0,9765.0,0.0
Sequential,50,200,uniform,98.0,4944.0,0.0034902095794677734
Markakis&Psomas,50,200,uniform,98.0,17799.0,0.4819474220275879
RoundRobin,50,200,uniform,109.0,10402.0,0.0
Sequential,50,200,uniform,96.0,4935.0,0.004996299743652344
Markakis&Psomas,50,200,uniform,99.0,17729.0,0.49593114852905273
RoundRobin,50,200,uniform,74.0,10272.0,0.0
Sequential,50,200,uniform,98.0,4946.0,0.003651857376098633
Markakis&Psomas,50,200,uniform,99.0,17705.0,0.49007511138916016
RoundRobin,50,200,uniform,103.0,10096.0,0.0005459785461425781
Sequential,50,200,uniform,95.0,4941.0,0.0012426376342773438
Markakis&Psomas,50,200,uniform,98.0,17656.0,0.455768346786499
RoundRobin,50,200,uniform,101.0,9922.0,0.0
Sequential,50,200,uniform,97.0,4936.0,0.005470752716064453
Markakis&Psomas,50,200,normal,99.0,16979.0,0.6496133804321289
RoundRobin,50,200,normal,92.0,10102.0,0.0
Sequential,50,200,normal,91.0,5162.0,0.006621599197387695
Markakis&Psomas,50,200,normal,108.0,16784.0,0.5122759342193604
RoundRobin,50,200,normal,62.0,9912.0,0.0
Sequential,50,200,normal,89.0,5214.0,0.007132530212402344
Markakis&Psomas,50,200,normal,107.0,16886.0,0.6533901691436768
RoundRobin,50,200,normal,121.0,9735.0,0.0
Sequential,50,200,normal,91.0,5159.0,0.0046443939208984375
Markakis&Psomas,50,200,normal,106.0,16806.0,0.5688121318817139
RoundRobin,50,200,normal,106.0,9375.0,0.0
Sequential,50,200,normal,90.0,5220.0,0.0
Markakis&Psomas,50,200,normal,106.0,16947.0,0.44466519355773926
RoundRobin,50,200,normal,113.0,9406.0,0.0
Sequential,50,200,normal,90.0,5209.0,0.0
Markakis&Psomas,50,200,exponential,122.0,17089.0,0.5215024948120117
RoundRobin,50,200,exponential,27.0,5285.0,0.0020101070404052734
Sequential,50,200,exponential,122.0,8922.0,0.003889799118041992
Markakis&Psomas,50,200,exponential,119.0,17262.0,0.6024339199066162
RoundRobin,50,200,exponential,26.0,5713.0,0.0
Sequential,50,200,exponential,119.0,8907.0,0.004512786865234375
Markakis&Psomas,50,200,exponential,125.0,16970.0,0.5870246887207031
RoundRobin,50,200,exponential,29.0,6155.0,0.0
Sequential,50,200,exponential,102.0,8434.0,0.006351470947265625
Markakis&Psomas,50,200,exponential,116.0,16642.0,0.6719932556152344
RoundRobin,50,200,exponential,40.0,5717.0,0.0
Sequential,50,200,exponential,112.0,8890.0,0.0
Markakis&Psomas,50,200,exponential,119.0,16496.0,0.575791597366333
RoundRobin,50,200,exponential,39.0,5855.0,0.0
Sequential,50,200,exponential,107.0,8320.0,0.0
Markakis&Psomas,50,500,uniform,396.0,44859.0,1.1235697269439697
RoundRobin,50,500,uniform,281.0,25457.0,0.0
Sequential,50,500,uniform,99.0,4950.0,0.008377552032470703
Markakis&Psomas,50,500,uniform,395.0,44557.0,1.1416194438934326
RoundRobin,50,500,uniform,348.0,25219.0,0.0
Sequential,50,500,uniform,98.0,4949.0,0.007426023483276367
Markakis&Psomas,50,500,uniform,393.0,45381.0,1.0897750854492188
RoundRobin,50,500,uniform,250.0,24652.0,0.0018308162689208984
Sequential,50,500,uniform,98.0,4949.0,0.008174657821655273
Markakis&Psomas,50,500,uniform,395.0,44867.0,1.0265867710113525
RoundRobin,50,500,uniform,226.0,26230.0,0.0
Sequential,50,500,uniform,99.0,4950.0,0.011560916900634766
Markakis&Psomas,50,500,uniform,394.0,44934.0,1.061241626739502
RoundRobin,50,500,uniform,342.0,24809.0,0.0
Sequential,50,500,uniform,99.0,4950.0,0.007708072662353516
Markakis&Psomas,50,500,normal,409.0,42984.0,0.960810661315918
RoundRobin,50,500,normal,371.0,24668.0,0.006777286529541016
Sequential,50,500,normal,98.0,5533.0,0.008865118026733398
Markakis&Psomas,50,500,normal,415.0,42919.0,1.0256083011627197
RoundRobin,50,500,normal,403.0,25437.0,0.0047414302825927734
Sequential,50,500,normal,97.0,5491.0,0.009163141250610352
Markakis&Psomas,50,500,normal,406.0,42940.0,1.0319271087646484
RoundRobin,50,500,normal,338.0,24790.0,0.0
Sequential,50,500,normal,97.0,5509.0,0.012647867202758789
Markakis&Psomas,50,500,normal,409.0,43496.0,0.9598708152770996
RoundRobin,50,500,normal,341.0,24318.0,0.005486011505126953
Sequential,50,500,normal,97.0,5522.0,0.009333133697509766
Markakis&Psomas,50,500,normal,411.0,43166.0,0.9390964508056641
RoundRobin,50,500,normal,367.0,24425.0,0.0
Sequential,50,500,normal,95.0,5551.0,0.004678010940551758
Markakis&Psomas,50,500,exponential,157.0,40663.0,1.0393280982971191
RoundRobin,50,500,exponential,119.0,14893.0,0.0
Sequential,50,500,exponential,151.0,9825.0,0.008176803588867188
Markakis&Psomas,50,500,exponential,176.0,41887.0,1.1328709125518799
RoundRobin,50,500,exponential,111.0,15087.0,0.004426717758178711
Sequential,50,500,exponential,150.0,9798.0,0.011605978012084961
Markakis&Psomas,50,500,exponential,182.0,41163.0,1.1002528667449951
RoundRobin,50,500,exponential,129.0,15247.0,0.0
Sequential,50,500,exponential,132.0,10162.0,0.015846729278564453
Markakis&Psomas,50,500,exponential,168.0,42202.0,1.041494607925415
RoundRobin,50,500,exponential,128.0,15202.0,0.0
Sequential,50,500,exponential,142.0,10067.0,0.009956598281860352
Markakis&Psomas,50,500,exponential,175.0,42120.0,1.2148611545562744
RoundRobin,50,500,exponential,131.0,13242.0,0.0
Sequential,50,500,exponential,140.0,10333.0,0.013494729995727539
Markakis&Psomas,50,1000,uniform,890.0,89897.0,1.8572654724121094
RoundRobin,50,1000,uniform,791.0,51127.0,0.002902984619140625
Sequential,50,1000,uniform,99.0,4950.0,0.02242445945739746
Markakis&Psomas,50,1000,uniform,891.0,90306.0,1.9709131717681885
RoundRobin,50,1000,uniform,753.0,49587.0,0.008383035659790039
Sequential,50,1000,uniform,99.0,4950.0,0.01613020896911621
Markakis&Psomas,50,1000,uniform,889.0,89922.0,1.7222721576690674
RoundRobin,50,1000,uniform,740.0,51331.0,0.005518198013305664
Sequential,50,1000,uniform,99.0,4950.0,0.016715288162231445
Markakis&Psomas,50,1000,uniform,888.0,89341.0,1.628978967666626
RoundRobin,50,1000,uniform,696.0,49790.0,0.001497507095336914
Sequential,50,1000,uniform,99.0,4950.0,0.018765687942504883
Markakis&Psomas,50,1000,uniform,891.0,89999.0,1.6631720066070557
RoundRobin,50,1000,uniform,604.0,49512.0,0.007804393768310547
Sequential,50,1000,uniform,99.0,4950.0,0.017032384872436523
Markakis&Psomas,50,1000,normal,897.0,86435.0,1.6638243198394775
RoundRobin,50,1000,normal,768.0,49072.0,0.0017104148864746094
Sequential,50,1000,normal,101.0,5658.0,0.021682262420654297
Markakis&Psomas,50,1000,normal,870.0,86711.0,1.7128076553344727
RoundRobin,50,1000,normal,787.0,49116.0,0.0
Sequential,50,1000,normal,103.0,5782.0,0.020381450653076172
Markakis&Psomas,50,1000,normal,891.0,86388.0,1.784210443496704
RoundRobin,50,1000,normal,823.0,49971.0,0.004372835159301758
Sequential,50,1000,normal,100.0,5712.0,0.01883864402770996
Markakis&Psomas,50,1000,normal,878.0,85980.0,1.730849266052246
RoundRobin,50,1000,normal,799.0,49558.0,0.0036444664001464844
Sequential,50,1000,normal,102.0,5652.0,0.017955541610717773
Markakis&Psomas,50,1000,normal,887.0,86332.0,1.7774457931518555
RoundRobin,50,1000,normal,790.0,50005.0,0.002312183380126953
Sequential,50,1000,normal,101.0,5717.0,0.020229339599609375
Markakis&Psomas,50,1000,exponential,331.0,85322.0,1.939317226409912
RoundRobin,50,1000,exponential,308.0,28043.0,0.003823518753051758
Sequential,50,1000,exponential,173.0,11687.0,0.023983478546142578
Markakis&Psomas,50,1000,exponential,408.0,86329.0,1.7988660335540771
RoundRobin,50,1000,exponential,296.0,29753.0,0.0013806819915771484
Sequential,50,1000,exponential,160.0,11088.0,0.016958236694335938
Markakis&Psomas,50,1000,exponential,331.0,85723.0,1.8347256183624268
RoundRobin,50,1000,exponential,389.0,31320.0,0.0
Sequential,50,1000,exponential,171.0,11158.0,0.016847848892211914
Markakis&Psomas,50,1000,exponential,314.0,86524.0,1.8180203437805176
RoundRobin,50,1000,exponential,339.0,29557.0,0.006827592849731445
Sequential,50,1000,exponential,166.0,11017.0,0.018678903579711914
Markakis&Psomas,50,1000,exponential,310.0,85213.0,1.904799461364746
RoundRobin,50,1000,exponential,259.0,27976.0,0.00861215591430664
Sequential,50,1000,exponential,171.0,11173.0,0.019362688064575195
